[18:52:26] [main/INFO]: ModLauncher running: args [--username, LAYONv, --version, 1.20.1, --gameDir, C:\Users\rodri\AppData\Roaming\ModrinthApp\profiles\OV_GAME, --assetsDir, C:\Users\rodri\AppData\Roaming\ModrinthApp\meta\assets, --assetIndex, 5, --uuid, bef90cd7ba6d491b8900ccdbfcc79b3e, --accessToken, ????????, --clientId, c4502edb-87c6-40cb-b595-64a280cf8906, --xuid, 0, --userType, msa, --versionType, release, --width, 854, --height, 480, --launchTarget, forgeclient, --fml.forgeVersion, 47.4.18, --fml.mcVersion, 1.20.1, --fml.forgeGroup, net.minecraftforge, --fml.mcpVersion, 20230612.114412]
[18:52:26] [main/INFO]: ModLauncher 10.0.9+10.0.9+main.dcd20f30 starting: java version 17.0.13 by Azul Systems, Inc.; OS Windows 10 arch amd64 version 10.0
[18:52:30] [main/INFO]: Loading ImmediateWindowProvider fmlearlywindow
[18:52:30] [main/INFO]: Trying GL version 4.6
[18:52:30] [main/INFO]: Trying GL version 4.5
[18:52:30] [main/INFO]: Trying GL version 4.4
[18:52:30] [main/INFO]: Requested GL version 4.4 got version 4.4
[18:52:30] [main/INFO]: Mixin Transmogrifier is definitely up to no good...
[18:52:30] [main/INFO]: crimes against java were committed
[18:52:30] [main/INFO]: Original mixin transformation service successfully crobbed by mixin-transmogrifier!
[18:52:30] [pool-2-thread-1/INFO]: GL info: Intel(R) HD Graphics 5500 GL version 4.4.0 - Build 20.19.15.5144, Intel
[18:52:30] [main/INFO]: SpongePowered MIXIN Subsystem Version=0.8.5 Source=union:/C:/Users/rodri/AppData/Roaming/ModrinthApp/profiles/OV_GAME/mods/Connector-1.0.0-beta.49+1.20.1.jar%23302%23305!/ Service=ModLauncher Env=CLIENT
[18:52:30] [main/INFO]: Found mod file Connector-1.0.0-beta.49+1.20.1-mod.jar of type MOD with provider org.sinytra.connector.locator.ConnectorEarlyLocator@3e83c18
[18:52:32] [main/INFO]: Found mod file advancednetherite-forge-2.1.3-1.20.1.jar of type MOD with provider {mods folder locator at C:\Users\rodri\AppData\Roaming\ModrinthApp\profiles\OV_GAME\mods}
[18:52:32] [main/INFO]: Found mod file AdvancementPlaques-1.20.1-forge-1.6.9.jar of type MOD with provider {mods folder locator at C:\Users\rodri\AppData\Roaming\ModrinthApp\profiles\OV_GAME\mods}
[18:52:32] [main/INFO]: Found mod file alexsmobs-1.22.9.jar of type MOD with provider {mods folder locator at C:\Users\rodri\AppData\Roaming\ModrinthApp\profiles\OV_GAME\mods}
[18:52:32] [main/INFO]: Found mod file AmbientSounds_FORGE_v6.3.9_mc1.20.1.jar of type MOD with provider {mods folder locator at C:\Users\rodri\AppData\Roaming\ModrinthApp\profiles\OV_GAME\mods}
[18:52:32] [main/INFO]: Found mod file amendments-1.20-2.2.6.jar of type MOD with provider {mods folder locator at C:\Users\rodri\AppData\Roaming\ModrinthApp\profiles\OV_GAME\mods}
[18:52:32] [main/INFO]: Found mod file appleskin-forge-mc1.20.1-2.5.1.jar of type MOD with provider {mods folder locator at C:\Users\rodri\AppData\Roaming\ModrinthApp\profiles\OV_GAME\mods}
[18:52:32] [main/INFO]: Found mod file architectury-9.2.14-forge.jar of type MOD with provider {mods folder locator at C:\Users\rodri\AppData\Roaming\ModrinthApp\profiles\OV_GAME\mods}
[18:52:32] [main/INFO]: Found mod file areaeffectcloud3d-1.0.4.jar of type MOD with provider {mods folder locator at C:\Users\rodri\AppData\Roaming\ModrinthApp\profiles\OV_GAME\mods}
[18:52:32] [main/INFO]: Found mod file artifacts-forge-9.5.19.jar of type MOD with provider {mods folder locator at C:\Users\rodri\AppData\Roaming\ModrinthApp\profiles\OV_GAME\mods}
[18:52:32] [main/INFO]: Found mod file AssetsLoaderMod-forge-1.20.1-47.4.18.jar of type MOD with provider {mods folder locator at C:\Users\rodri\AppData\Roaming\ModrinthApp\profiles\OV_GAME\mods}
[18:52:32] [main/INFO]: Found mod file ATi Structures Vanilla V1.4.7.jar of type MOD with provider {mods folder locator at C:\Users\rodri\AppData\Roaming\ModrinthApp\profiles\OV_GAME\mods}
[18:52:32] [main/INFO]: Found mod file BadOptimizations-2.4.1-1.20.1.jar of type MOD with provider {mods folder locator at C:\Users\rodri\AppData\Roaming\ModrinthApp\profiles\OV_GAME\mods}
[18:52:32] [main/INFO]: Found mod file balm-forge-1.20.1-7.3.44.jar of type MOD with provider {mods folder locator at C:\Users\rodri\AppData\Roaming\ModrinthApp\profiles\OV_GAME\mods}
[18:52:32] [main/INFO]: Found mod file BetterAdvancements-Forge-1.20.1-0.6.0.73.jar of type MOD with provider {mods folder locator at C:\Users\rodri\AppData\Roaming\ModrinthApp\profiles\OV_GAME\mods}
[18:52:32] [main/INFO]: Found mod file BetterTotemOfUndying-Forge-1.20.1-1.0.4.jar of type MOD with provider {mods folder locator at C:\Users\rodri\AppData\Roaming\ModrinthApp\profiles\OV_GAME\mods}
[18:52:32] [main/INFO]: Found mod file BetterTridents-v8.0.1-1.20.1-Forge.jar of type MOD with provider {mods folder locator at C:\Users\rodri\AppData\Roaming\ModrinthApp\profiles\OV_GAME\mods}
[18:52:32] [main/INFO]: Found mod file bettervillage-forge-1.20.1-3.3.1-all.jar of type MOD with provider {mods folder locator at C:\Users\rodri\AppData\Roaming\ModrinthApp\profiles\OV_GAME\mods}
[18:52:32] [main/INFO]: Found mod file BiomesOPlenty-forge-1.20.1-19.0.0.96.jar of type MOD with provider {mods folder locator at C:\Users\rodri\AppData\Roaming\ModrinthApp\profiles\OV_GAME\mods}
[18:52:32] [main/INFO]: Found mod file blueprint-1.20.1-7.1.5.jar of type MOD with provider {mods folder locator at C:\Users\rodri\AppData\Roaming\ModrinthApp\profiles\OV_GAME\mods}
[18:52:32] [main/INFO]: Found mod file Bookshelf-Forge-1.20.1-20.2.15.jar of type MOD with provider {mods folder locator at C:\Users\rodri\AppData\Roaming\ModrinthApp\profiles\OV_GAME\mods}
[18:52:32] [main/INFO]: Found mod file Boss Music Mod 1.20.x v1.2.1.jar of type MOD with provider {mods folder locator at C:\Users\rodri\AppData\Roaming\ModrinthApp\profiles\OV_GAME\mods}
[18:52:32] [main/INFO]: Found mod file brutalbosses-1.20.1-8.4.jar of type MOD with provider {mods folder locator at C:\Users\rodri\AppData\Roaming\ModrinthApp\profiles\OV_GAME\mods}
[18:52:32] [main/INFO]: Found mod file CatoAPI-Forge-1.20.1-1.5-beta.jar of type MOD with provider {mods folder locator at C:\Users\rodri\AppData\Roaming\ModrinthApp\profiles\OV_GAME\mods}
[18:52:32] [main/INFO]: Found mod file celestial_core-1.5.8.jar of type MOD with provider {mods folder locator at C:\Users\rodri\AppData\Roaming\ModrinthApp\profiles\OV_GAME\mods}
[18:52:32] [main/INFO]: Found mod file celestial_enchantments-1.3.7.jar of type MOD with provider {mods folder locator at C:\Users\rodri\AppData\Roaming\ModrinthApp\profiles\OV_GAME\mods}
[18:52:32] [main/INFO]: Found mod file CerbonsAPI-Forge-1.20.1-1.1.0.jar of type MOD with provider {mods folder locator at C:\Users\rodri\AppData\Roaming\ModrinthApp\profiles\OV_GAME\mods}
[18:52:32] [main/INFO]: Found mod file chat_heads-0.15.7-forge-1.20.jar of type MOD with provider {mods folder locator at C:\Users\rodri\AppData\Roaming\ModrinthApp\profiles\OV_GAME\mods}
[18:52:32] [main/INFO]: Found mod file citadel-2.6.3-1.20.1.jar of type MOD with provider {mods folder locator at C:\Users\rodri\AppData\Roaming\ModrinthApp\profiles\OV_GAME\mods}
[18:52:32] [main/INFO]: Found mod file cloth-config-11.1.136-forge.jar of type MOD with provider {mods folder locator at C:\Users\rodri\AppData\Roaming\ModrinthApp\profiles\OV_GAME\mods}
[18:52:32] [main/INFO]: Found mod file Clumps-forge-1.20.1-12.0.0.4.jar of type MOD with provider {mods folder locator at C:\Users\rodri\AppData\Roaming\ModrinthApp\profiles\OV_GAME\mods}
[18:52:32] [main/INFO]: Found mod file common-networking-forge-1.0.6-1.20.1.jar of type MOD with provider {mods folder locator at C:\Users\rodri\AppData\Roaming\ModrinthApp\profiles\OV_GAME\mods}
[18:52:32] [main/INFO]: Found mod file ConfigAPI-Universal-1.1.jar of type MOD with provider {mods folder locator at C:\Users\rodri\AppData\Roaming\ModrinthApp\profiles\OV_GAME\mods}
[18:52:32] [main/INFO]: Found mod file Controlling-forge-1.20.1-12.0.2.jar of type MOD with provider {mods folder locator at C:\Users\rodri\AppData\Roaming\ModrinthApp\profiles\OV_GAME\mods}
[18:52:32] [main/INFO]: Found mod file Corgilib-Forge-1.20.1-4.0.3.5.jar of type MOD with provider {mods folder locator at C:\Users\rodri\AppData\Roaming\ModrinthApp\profiles\OV_GAME\mods}
[18:52:32] [main/INFO]: Found mod file CraterLib-Forge-1.20-3.1.3.jar of type MOD with provider {mods folder locator at C:\Users\rodri\AppData\Roaming\ModrinthApp\profiles\OV_GAME\mods}
[18:52:32] [main/INFO]: Found mod file CreativeCore_FORGE_v2.12.40_mc1.20.1.jar of type MOD with provider {mods folder locator at C:\Users\rodri\AppData\Roaming\ModrinthApp\profiles\OV_GAME\mods}
[18:52:32] [main/INFO]: Found mod file cupboard-1.20.1-2.7.jar of type MOD with provider {mods folder locator at C:\Users\rodri\AppData\Roaming\ModrinthApp\profiles\OV_GAME\mods}
[18:52:32] [main/INFO]: Found mod file curios-forge-5.14.1+1.20.1.jar of type MOD with provider {mods folder locator at C:\Users\rodri\AppData\Roaming\ModrinthApp\profiles\OV_GAME\mods}
[18:52:32] [main/INFO]: Found mod file CustomPlayerModels-1.20-0.6.27a.jar of type MOD with provider {mods folder locator at C:\Users\rodri\AppData\Roaming\ModrinthApp\profiles\OV_GAME\mods}
[18:52:32] [main/INFO]: Found mod file CustomSkyMod-1.20.1-forge.jar of type MOD with provider {mods folder locator at C:\Users\rodri\AppData\Roaming\ModrinthApp\profiles\OV_GAME\mods}
[18:52:32] [main/INFO]: Found mod file decorative_blocks-forge-1.20.1-4.1.3.jar of type MOD with provider {mods folder locator at C:\Users\rodri\AppData\Roaming\ModrinthApp\profiles\OV_GAME\mods}
[18:52:32] [main/INFO]: Found mod file do_a_barrel_roll-forge-3.5.6+1.20.1.jar of type MOD with provider {mods folder locator at C:\Users\rodri\AppData\Roaming\ModrinthApp\profiles\OV_GAME\mods}
[18:52:32] [main/INFO]: Found mod file Dungeon Crawl-1.20.1-2.3.15.jar of type MOD with provider {mods folder locator at C:\Users\rodri\AppData\Roaming\ModrinthApp\profiles\OV_GAME\mods}
[18:52:32] [main/INFO]: Found mod file dungeons_enhanced-1.20.1-5.4.3.jar of type MOD with provider {mods folder locator at C:\Users\rodri\AppData\Roaming\ModrinthApp\profiles\OV_GAME\mods}
[18:52:32] [main/INFO]: Found mod file EasyShulkerBoxes-v8.0.2-1.20.1-Forge.jar of type MOD with provider {mods folder locator at C:\Users\rodri\AppData\Roaming\ModrinthApp\profiles\OV_GAME\mods}
[18:52:32] [main/INFO]: Found mod file embeddium-0.3.31+mc1.20.1.jar of type MOD with provider {mods folder locator at C:\Users\rodri\AppData\Roaming\ModrinthApp\profiles\OV_GAME\mods}
[18:52:32] [main/INFO]: Found mod file emberstextapi-forge-1.20.1-3.0.4-all.jar of type MOD with provider {mods folder locator at C:\Users\rodri\AppData\Roaming\ModrinthApp\profiles\OV_GAME\mods}
[18:52:32] [main/INFO]: Found mod file emotecraft-for-MC1.20.1-2.2.7-b.build.50-forge.jar of type MOD with provider {mods folder locator at C:\Users\rodri\AppData\Roaming\ModrinthApp\profiles\OV_GAME\mods}
[18:52:32] [main/INFO]: Found mod file EnchantmentDescriptions-Forge-1.20.1-17.1.21.jar of type MOD with provider {mods folder locator at C:\Users\rodri\AppData\Roaming\ModrinthApp\profiles\OV_GAME\mods}
[18:52:32] [main/INFO]: Found mod file endrem_forge-5.3.3-R-1.20.1.jar of type MOD with provider {mods folder locator at C:\Users\rodri\AppData\Roaming\ModrinthApp\profiles\OV_GAME\mods}
[18:52:32] [main/INFO]: Found mod file entity_model_features-3.3.11-1.20.1-forge.jar of type MOD with provider {mods folder locator at C:\Users\rodri\AppData\Roaming\ModrinthApp\profiles\OV_GAME\mods}
[18:52:32] [main/INFO]: Found mod file entity_texture_features-7.2.5-1.20.1-forge.jar of type MOD with provider {mods folder locator at C:\Users\rodri\AppData\Roaming\ModrinthApp\profiles\OV_GAME\mods}
[18:52:32] [main/INFO]: Found mod file entityculling-forge-1.10.5-mc1.20.1.jar of type MOD with provider {mods folder locator at C:\Users\rodri\AppData\Roaming\ModrinthApp\profiles\OV_GAME\mods}
[18:52:32] [main/INFO]: Found mod file epic-knights-1.20.1-forge-10.11.jar of type MOD with provider {mods folder locator at C:\Users\rodri\AppData\Roaming\ModrinthApp\profiles\OV_GAME\mods}
[18:52:32] [main/INFO]: Found mod file explosiveenhancement-1.2.0.jar of type MOD with provider {mods folder locator at C:\Users\rodri\AppData\Roaming\ModrinthApp\profiles\OV_GAME\mods}
[18:52:32] [main/INFO]: Found mod file fabric-api-0.92.6+1.11.15+1.20.1.jar of type MOD with provider {mods folder locator at C:\Users\rodri\AppData\Roaming\ModrinthApp\profiles\OV_GAME\mods}
[18:52:32] [main/INFO]: Found mod file fancymenu_forge_3.9.0_MC_1.20.1.jar of type MOD with provider {mods folder locator at C:\Users\rodri\AppData\Roaming\ModrinthApp\profiles\OV_GAME\mods}
[18:52:32] [main/INFO]: Found mod file Fastload-Reforged-mc1.20.1-3.4.0.jar of type MOD with provider {mods folder locator at C:\Users\rodri\AppData\Roaming\ModrinthApp\profiles\OV_GAME\mods}
[18:52:32] [main/INFO]: Found mod file ferritecore-6.0.1-forge.jar of type MOD with provider {mods folder locator at C:\Users\rodri\AppData\Roaming\ModrinthApp\profiles\OV_GAME\mods}
[18:52:32] [main/INFO]: Found mod file framework-forge-1.20.1-0.7.15.jar of type MOD with provider {mods folder locator at C:\Users\rodri\AppData\Roaming\ModrinthApp\profiles\OV_GAME\mods}
[18:52:32] [main/INFO]: Found mod file geckolib-forge-1.20.1-4.8.4.jar of type MOD with provider {mods folder locator at C:\Users\rodri\AppData\Roaming\ModrinthApp\profiles\OV_GAME\mods}
[18:52:32] [main/INFO]: Found mod file GlitchCore-forge-1.20.1-0.0.1.1.jar of type MOD with provider {mods folder locator at C:\Users\rodri\AppData\Roaming\ModrinthApp\profiles\OV_GAME\mods}
[18:52:32] [main/INFO]: Found mod file hidehud-forge-1.20.1-1.0.0.jar of type MOD with provider {mods folder locator at C:\Users\rodri\AppData\Roaming\ModrinthApp\profiles\OV_GAME\mods}
[18:52:32] [main/INFO]: Found mod file Iceberg-1.20.1-forge-1.1.25.jar of type MOD with provider {mods folder locator at C:\Users\rodri\AppData\Roaming\ModrinthApp\profiles\OV_GAME\mods}
[18:52:32] [main/INFO]: Found mod file IllagerInvasion-v8.0.7-1.20.1-Forge.jar of type MOD with provider {mods folder locator at C:\Users\rodri\AppData\Roaming\ModrinthApp\profiles\OV_GAME\mods}
[18:52:32] [main/INFO]: Found mod file ImmediatelyFast-Forge-1.5.5+1.20.4.jar of type MOD with provider {mods folder locator at C:\Users\rodri\AppData\Roaming\ModrinthApp\profiles\OV_GAME\mods}
[18:52:32] [main/INFO]: Found mod file insanelib-1.23.4.6.jar of type MOD with provider {mods folder locator at C:\Users\rodri\AppData\Roaming\ModrinthApp\profiles\OV_GAME\mods}
[18:52:32] [main/INFO]: Found mod file jei-1.20.1-forge-15.56.0.205.jar of type MOD with provider {mods folder locator at C:\Users\rodri\AppData\Roaming\ModrinthApp\profiles\OV_GAME\mods}
[18:52:32] [main/INFO]: Found mod file JustEnoughResources-1.20.1-1.4.0.247.jar of type MOD with provider {mods folder locator at C:\Users\rodri\AppData\Roaming\ModrinthApp\profiles\OV_GAME\mods}
[18:52:32] [main/INFO]: Found mod file justzoom_forge_3.0.1_MC_1.20.1.jar of type MOD with provider {mods folder locator at C:\Users\rodri\AppData\Roaming\ModrinthApp\profiles\OV_GAME\mods}
[18:52:32] [main/INFO]: Found mod file KeybindHider-Forge-1.20.1-1.3.1.jar of type MOD with provider {mods folder locator at C:\Users\rodri\AppData\Roaming\ModrinthApp\profiles\OV_GAME\mods}
[18:52:32] [main/INFO]: Found mod file konkrete_forge_1.8.0_MC_1.20-1.20.1.jar of type MOD with provider {mods folder locator at C:\Users\rodri\AppData\Roaming\ModrinthApp\profiles\OV_GAME\mods}
[18:52:32] [main/INFO]: Found mod file LegendaryTooltips-1.20.1-forge-1.4.5.jar of type MOD with provider {mods folder locator at C:\Users\rodri\AppData\Roaming\ModrinthApp\profiles\OV_GAME\mods}
[18:52:32] [main/INFO]: Found mod file libraryferret-forge-1.20.1-4.0.0.jar of type MOD with provider {mods folder locator at C:\Users\rodri\AppData\Roaming\ModrinthApp\profiles\OV_GAME\mods}
[18:52:32] [main/INFO]: Found mod file lithostitched-forge-1.20.1-1.4.11.jar of type MOD with provider {mods folder locator at C:\Users\rodri\AppData\Roaming\ModrinthApp\profiles\OV_GAME\mods}
[18:52:32] [main/INFO]: Found mod file MaintenanceMode-Universal-1.3.4.jar of type MOD with provider {mods folder locator at C:\Users\rodri\AppData\Roaming\ModrinthApp\profiles\OV_GAME\mods}
[18:52:32] [main/INFO]: Found mod file mcw-bridges-3.1.2-mc1.20.1forge.jar of type MOD with provider {mods folder locator at C:\Users\rodri\AppData\Roaming\ModrinthApp\profiles\OV_GAME\mods}
[18:52:32] [main/INFO]: Found mod file mcw-furniture-3.4.1-mc1.20.1forge.jar of type MOD with provider {mods folder locator at C:\Users\rodri\AppData\Roaming\ModrinthApp\profiles\OV_GAME\mods}
[18:52:32] [main/INFO]: Found mod file mcw-lights-1.1.5-mc1.20.1forge.jar of type MOD with provider {mods folder locator at C:\Users\rodri\AppData\Roaming\ModrinthApp\profiles\OV_GAME\mods}
[18:52:32] [main/INFO]: Found mod file mcw-mcwfences-1.2.1-mc1.20.1forge.jar of type MOD with provider {mods folder locator at C:\Users\rodri\AppData\Roaming\ModrinthApp\profiles\OV_GAME\mods}
[18:52:32] [main/INFO]: Found mod file melody_forge_1.0.3_MC_1.20.1-1.20.4.jar of type MOD with provider {mods folder locator at C:\Users\rodri\AppData\Roaming\ModrinthApp\profiles\OV_GAME\mods}
[18:52:32] [main/INFO]: Found mod file memoryleakfix-forge-1.17+-1.1.5.jar of type MOD with provider {mods folder locator at C:\Users\rodri\AppData\Roaming\ModrinthApp\profiles\OV_GAME\mods}
[18:52:32] [main/INFO]: Found mod file modernfix-forge-5.27.83+mc1.20.1.jar of type MOD with provider {mods folder locator at C:\Users\rodri\AppData\Roaming\ModrinthApp\profiles\OV_GAME\mods}
[18:52:32] [main/INFO]: Found mod file moonlight-1.20-2.16.35-forge.jar of type MOD with provider {mods folder locator at C:\Users\rodri\AppData\Roaming\ModrinthApp\profiles\OV_GAME\mods}
[18:52:32] [main/INFO]: Found mod file MoreVanillaArmor-1.20.1-5.1.2.jar of type MOD with provider {mods folder locator at C:\Users\rodri\AppData\Roaming\ModrinthApp\profiles\OV_GAME\mods}
[18:52:32] [main/INFO]: Found mod file naturalist-5.0pre5+forge-1.20.1.jar of type MOD with provider {mods folder locator at C:\Users\rodri\AppData\Roaming\ModrinthApp\profiles\OV_GAME\mods}
[18:52:32] [main/INFO]: Found mod file negativeutils-1.0.3.jar of type MOD with provider {mods folder locator at C:\Users\rodri\AppData\Roaming\ModrinthApp\profiles\OV_GAME\mods}
[18:52:32] [main/INFO]: Found mod file NoChatReports-FORGE-1.20.1-v2.2.3.jar of type MOD with provider {mods folder locator at C:\Users\rodri\AppData\Roaming\ModrinthApp\profiles\OV_GAME\mods}
[18:52:32] [main/INFO]: Found mod file noisium-forge-2.3.0+mc1.20-1.20.1.jar of type MOD with provider {mods folder locator at C:\Users\rodri\AppData\Roaming\ModrinthApp\profiles\OV_GAME\mods}
[18:52:32] [main/INFO]: Found mod file notenoughanimations-forge-1.12.6-mc1.20.1.jar of type MOD with provider {mods folder locator at C:\Users\rodri\AppData\Roaming\ModrinthApp\profiles\OV_GAME\mods}
[18:52:32] [main/INFO]: Found mod file nyfsspiders-Forge-1.20.1-3.0.2.jar of type MOD with provider {mods folder locator at C:\Users\rodri\AppData\Roaming\ModrinthApp\profiles\OV_GAME\mods}
[18:52:32] [main/INFO]: Found mod file oculus-mc1.20.1-1.8.0.jar of type MOD with provider {mods folder locator at C:\Users\rodri\AppData\Roaming\ModrinthApp\profiles\OV_GAME\mods}
[18:52:32] [main/INFO]: Found mod file Oh-The-Biomes-Weve-Gone-Forge-1.8.0.jar of type MOD with provider {mods folder locator at C:\Users\rodri\AppData\Roaming\ModrinthApp\profiles\OV_GAME\mods}
[18:52:32] [main/INFO]: Found mod file Oh-The-Trees-Youll-Grow-forge-1.20.1-1.7.0.jar of type MOD with provider {mods folder locator at C:\Users\rodri\AppData\Roaming\ModrinthApp\profiles\OV_GAME\mods}
[18:52:32] [main/INFO]: Found mod file packetfixer-3.3.2-1.18-1.20.4-merged.jar of type MOD with provider {mods folder locator at C:\Users\rodri\AppData\Roaming\ModrinthApp\profiles\OV_GAME\mods}
[18:52:32] [main/INFO]: Found mod file Paraglider-forge-20.1.3.jar of type MOD with provider {mods folder locator at C:\Users\rodri\AppData\Roaming\ModrinthApp\profiles\OV_GAME\mods}
[18:52:32] [main/INFO]: Found mod file ParCool-1.20.1-3.4.3.3.jar of type MOD with provider {mods folder locator at C:\Users\rodri\AppData\Roaming\ModrinthApp\profiles\OV_GAME\mods}
[18:52:32] [main/INFO]: Found mod file particlepathmod-1.0.0.jar of type MOD with provider {mods folder locator at C:\Users\rodri\AppData\Roaming\ModrinthApp\profiles\OV_GAME\mods}
[18:52:32] [main/INFO]: Found mod file particlerain-4.0.0-beta.11+1.20.1-forge.jar of type MOD with provider {mods folder locator at C:\Users\rodri\AppData\Roaming\ModrinthApp\profiles\OV_GAME\mods}
[18:52:32] [main/INFO]: Found mod file particular-1.20.1-Forge-1.5.7.jar of type MOD with provider {mods folder locator at C:\Users\rodri\AppData\Roaming\ModrinthApp\profiles\OV_GAME\mods}
[18:52:32] [main/INFO]: Found mod file Patchouli-1.20.1-85-FORGE.jar of type MOD with provider {mods folder locator at C:\Users\rodri\AppData\Roaming\ModrinthApp\profiles\OV_GAME\mods}
[18:52:32] [main/INFO]: Found mod file Pehkui-3.8.2+1.20.1-forge.jar of type MOD with provider {mods folder locator at C:\Users\rodri\AppData\Roaming\ModrinthApp\profiles\OV_GAME\mods}
[18:52:32] [main/INFO]: Found mod file Platform-forge-1.20.1-1.3.4.jar of type MOD with provider {mods folder locator at C:\Users\rodri\AppData\Roaming\ModrinthApp\profiles\OV_GAME\mods}
[18:52:32] [main/INFO]: Found mod file player-animation-lib-forge-1.0.2-rc1+1.20.jar of type MOD with provider {mods folder locator at C:\Users\rodri\AppData\Roaming\ModrinthApp\profiles\OV_GAME\mods}
[18:52:32] [main/INFO]: Found mod file PlayerRevive_FORGE_v2.0.31_mc1.20.1.jar of type MOD with provider {mods folder locator at C:\Users\rodri\AppData\Roaming\ModrinthApp\profiles\OV_GAME\mods}
[18:52:32] [main/INFO]: Found mod file PlayerScreenEvent-1.20.1-1.0.0.jar of type MOD with provider {mods folder locator at C:\Users\rodri\AppData\Roaming\ModrinthApp\profiles\OV_GAME\mods}
[18:52:32] [main/INFO]: Found mod file Prism-1.20.1-forge-1.0.5.jar of type MOD with provider {mods folder locator at C:\Users\rodri\AppData\Roaming\ModrinthApp\profiles\OV_GAME\mods}
[18:52:32] [main/INFO]: Found mod file progressivebosses-4.3.12.jar of type MOD with provider {mods folder locator at C:\Users\rodri\AppData\Roaming\ModrinthApp\profiles\OV_GAME\mods}
[18:52:32] [main/INFO]: Found mod file PuzzlesLib-v8.1.33-1.20.1-Forge.jar of type MOD with provider {mods folder locator at C:\Users\rodri\AppData\Roaming\ModrinthApp\profiles\OV_GAME\mods}
[18:52:32] [main/INFO]: Found mod file Quark-4.0-462.jar of type MOD with provider {mods folder locator at C:\Users\rodri\AppData\Roaming\ModrinthApp\profiles\OV_GAME\mods}
[18:52:32] [main/INFO]: Found mod file resourcefulconfig-forge-1.20.1-2.1.3.jar of type MOD with provider {mods folder locator at C:\Users\rodri\AppData\Roaming\ModrinthApp\profiles\OV_GAME\mods}
[18:52:32] [main/INFO]: Found mod file rhino-forge-2001.2.3-build.10.jar of type MOD with provider {mods folder locator at C:\Users\rodri\AppData\Roaming\ModrinthApp\profiles\OV_GAME\mods}
[18:52:32] [main/INFO]: Found mod file rottencreatures-forge-1.20.1-1.1.0.jar of type MOD with provider {mods folder locator at C:\Users\rodri\AppData\Roaming\ModrinthApp\profiles\OV_GAME\mods}
[18:52:32] [main/INFO]: Found mod file screentext-forge-1.20.1-v4.5.jar of type MOD with provider {mods folder locator at C:\Users\rodri\AppData\Roaming\ModrinthApp\profiles\OV_GAME\mods}
[18:52:32] [main/INFO]: Found mod file Searchables-forge-1.20.1-1.0.3.jar of type MOD with provider {mods folder locator at C:\Users\rodri\AppData\Roaming\ModrinthApp\profiles\OV_GAME\mods}
[18:52:32] [main/INFO]: Found mod file ShaderMod-1.1.2.jar of type MOD with provider {mods folder locator at C:\Users\rodri\AppData\Roaming\ModrinthApp\profiles\OV_GAME\mods}
[18:52:32] [main/INFO]: Found mod file skinrestorer-2.11.0+1.20-forge.jar of type MOD with provider {mods folder locator at C:\Users\rodri\AppData\Roaming\ModrinthApp\profiles\OV_GAME\mods}
[18:52:32] [main/INFO]: Found mod file sound-physics-remastered-forge-1.20.1-1.5.1.jar of type MOD with provider {mods folder locator at C:\Users\rodri\AppData\Roaming\ModrinthApp\profiles\OV_GAME\mods}
[18:52:32] [main/INFO]: Found mod file SpartanShields-1.20.1-forge-3.1.1.jar of type MOD with provider {mods folder locator at C:\Users\rodri\AppData\Roaming\ModrinthApp\profiles\OV_GAME\mods}
[18:52:32] [main/INFO]: Found mod file spiffyhud_forge_3.1.2_MC_1.20.1.jar of type MOD with provider {mods folder locator at C:\Users\rodri\AppData\Roaming\ModrinthApp\profiles\OV_GAME\mods}
[18:52:32] [main/INFO]: Found mod file structure_gel-1.20.1-2.16.2.jar of type MOD with provider {mods folder locator at C:\Users\rodri\AppData\Roaming\ModrinthApp\profiles\OV_GAME\mods}
[18:52:32] [main/INFO]: Found mod file SubtitleMod-Forge-1.20.1-1.3.3.jar of type MOD with provider {mods folder locator at C:\Users\rodri\AppData\Roaming\ModrinthApp\profiles\OV_GAME\mods}
[18:52:32] [main/INFO]: Found mod file takesapillage-1.0.3-1.20.1.jar of type MOD with provider {mods folder locator at C:\Users\rodri\AppData\Roaming\ModrinthApp\profiles\OV_GAME\mods}
[18:52:32] [main/INFO]: Found mod file TerraBlender-forge-1.20.1-3.0.1.10.jar of type MOD with provider {mods folder locator at C:\Users\rodri\AppData\Roaming\ModrinthApp\profiles\OV_GAME\mods}
[18:52:32] [main/INFO]: Found mod file tidal-towns-1.3.4.jar of type MOD with provider {mods folder locator at C:\Users\rodri\AppData\Roaming\ModrinthApp\profiles\OV_GAME\mods}
[18:52:32] [main/INFO]: Found mod file trashslot-forge-1.20.1-15.1.5.jar of type MOD with provider {mods folder locator at C:\Users\rodri\AppData\Roaming\ModrinthApp\profiles\OV_GAME\mods}
[18:52:32] [main/INFO]: Found mod file travelersbackpack-forge-1.20.1-9.1.57.jar of type MOD with provider {mods folder locator at C:\Users\rodri\AppData\Roaming\ModrinthApp\profiles\OV_GAME\mods}
[18:52:32] [main/INFO]: Found mod file tru.e-ending-v1.1.0c.jar of type MOD with provider {mods folder locator at C:\Users\rodri\AppData\Roaming\ModrinthApp\profiles\OV_GAME\mods}
[18:52:32] [main/INFO]: Found mod file unusualend-2.3.1.2.jar of type MOD with provider {mods folder locator at C:\Users\rodri\AppData\Roaming\ModrinthApp\profiles\OV_GAME\mods}
[18:52:32] [main/INFO]: Found mod file visible-barriers-forge-2.0.9-forge.1.20.1.jar of type MOD with provider {mods folder locator at C:\Users\rodri\AppData\Roaming\ModrinthApp\profiles\OV_GAME\mods}
[18:52:32] [main/INFO]: Found mod file visuality-forge-2.2.0.jar of type MOD with provider {mods folder locator at C:\Users\rodri\AppData\Roaming\ModrinthApp\profiles\OV_GAME\mods}
[18:52:32] [main/INFO]: Found mod file voicechat-forge-1.20.1-2.6.22.jar of type MOD with provider {mods folder locator at C:\Users\rodri\AppData\Roaming\ModrinthApp\profiles\OV_GAME\mods}
[18:52:32] [main/INFO]: Found mod file watermedia-2.1.37.jar of type MOD with provider {mods folder locator at C:\Users\rodri\AppData\Roaming\ModrinthApp\profiles\OV_GAME\mods}
[18:52:32] [main/INFO]: Found mod file watermedia_binaries-3.0.0-rc.4.jar of type MOD with provider {mods folder locator at C:\Users\rodri\AppData\Roaming\ModrinthApp\profiles\OV_GAME\mods}
[18:52:32] [main/INFO]: Found mod file watervision-FG-mc1.20.1-v0.1.0-alpha.jar of type MOD with provider {mods folder locator at C:\Users\rodri\AppData\Roaming\ModrinthApp\profiles\OV_GAME\mods}
[18:52:32] [main/INFO]: Found mod file Waves-1.20.1-1.6a.jar of type MOD with provider {mods folder locator at C:\Users\rodri\AppData\Roaming\ModrinthApp\profiles\OV_GAME\mods}
[18:52:32] [main/INFO]: Found mod file waystones-forge-1.20.1-14.1.21.jar of type MOD with provider {mods folder locator at C:\Users\rodri\AppData\Roaming\ModrinthApp\profiles\OV_GAME\mods}
[18:52:32] [main/INFO]: Found mod file xaerominimap-forge-1.20.1-26.5.0.jar of type MOD with provider {mods folder locator at C:\Users\rodri\AppData\Roaming\ModrinthApp\profiles\OV_GAME\mods}
[18:52:32] [main/INFO]: Found mod file xaeroworldmap-forge-1.20.1-1.46.0.jar of type MOD with provider {mods folder locator at C:\Users\rodri\AppData\Roaming\ModrinthApp\profiles\OV_GAME\mods}
[18:52:32] [main/INFO]: Found mod file Zeta-1.0-31.jar of type MOD with provider {mods folder locator at C:\Users\rodri\AppData\Roaming\ModrinthApp\profiles\OV_GAME\mods}
[18:52:33] [main/WARN]: Mod file C:\Users\rodri\AppData\Roaming\ModrinthApp\meta\libraries\net\minecraftforge\fmlcore\1.20.1-47.4.18\fmlcore-1.20.1-47.4.18.jar is missing mods.toml file
[18:52:33] [main/WARN]: Mod file C:\Users\rodri\AppData\Roaming\ModrinthApp\meta\libraries\net\minecraftforge\javafmllanguage\1.20.1-47.4.18\javafmllanguage-1.20.1-47.4.18.jar is missing mods.toml file
[18:52:33] [main/WARN]: Mod file C:\Users\rodri\AppData\Roaming\ModrinthApp\meta\libraries\net\minecraftforge\lowcodelanguage\1.20.1-47.4.18\lowcodelanguage-1.20.1-47.4.18.jar is missing mods.toml file
[18:52:33] [main/WARN]: Mod file C:\Users\rodri\AppData\Roaming\ModrinthApp\meta\libraries\net\minecraftforge\mclanguage\1.20.1-47.4.18\mclanguage-1.20.1-47.4.18.jar is missing mods.toml file
[18:52:33] [main/INFO]: Found mod file fmlcore-1.20.1-47.4.18.jar of type LIBRARY with provider net.minecraftforge.fml.loading.moddiscovery.MinecraftLocator@7207cb51
[18:52:33] [main/INFO]: Found mod file javafmllanguage-1.20.1-47.4.18.jar of type LANGPROVIDER with provider net.minecraftforge.fml.loading.moddiscovery.MinecraftLocator@7207cb51
[18:52:33] [main/INFO]: Found mod file lowcodelanguage-1.20.1-47.4.18.jar of type LANGPROVIDER with provider net.minecraftforge.fml.loading.moddiscovery.MinecraftLocator@7207cb51
[18:52:33] [main/INFO]: Found mod file mclanguage-1.20.1-47.4.18.jar of type LANGPROVIDER with provider net.minecraftforge.fml.loading.moddiscovery.MinecraftLocator@7207cb51
[18:52:33] [main/INFO]: Found mod file client-1.20.1-20230612.114412-srg.jar of type MOD with provider net.minecraftforge.fml.loading.moddiscovery.MinecraftLocator@7207cb51
[18:52:33] [main/INFO]: Found mod file forge-1.20.1-47.4.18-universal.jar of type MOD with provider net.minecraftforge.fml.loading.moddiscovery.MinecraftLocator@7207cb51
[18:52:35] [main/INFO]: Found 73 dependencies adding them to mods collection
[18:52:35] [main/INFO]: Found mod file fabric-transfer-api-v1-3.3.6+25eff73b77.jar of type MOD with provider net.minecraftforge.fml.loading.moddiscovery.JarInJarDependencyLocator@5349b246
[18:52:35] [main/INFO]: Found mod file fabric-dimensions-v1-2.1.55+8005d10d77.jar of type MOD with provider net.minecraftforge.fml.loading.moddiscovery.JarInJarDependencyLocator@5349b246
[18:52:35] [main/INFO]: Found mod file kuma-api-forge-20.1.12+1.20.1.jar of type MOD with provider net.minecraftforge.fml.loading.moddiscovery.JarInJarDependencyLocator@5349b246
[18:52:35] [main/INFO]: Found mod file fabric-renderer-api-v1-3.2.2+cf68abbe77.jar of type MOD with provider net.minecraftforge.fml.loading.moddiscovery.JarInJarDependencyLocator@5349b246
[18:52:35] [main/INFO]: Found mod file puzzlesapi-forge-8.1.6.jar of type MOD with provider net.minecraftforge.fml.loading.moddiscovery.JarInJarDependencyLocator@5349b246
[18:52:35] [main/INFO]: Found mod file l2tabs-0.3.1.jar of type MOD with provider net.minecraftforge.fml.loading.moddiscovery.JarInJarDependencyLocator@5349b246
[18:52:35] [main/INFO]: Found mod file fabric-item-api-v1-2.1.29+4d0bbcfa77.jar of type MOD with provider net.minecraftforge.fml.loading.moddiscovery.JarInJarDependencyLocator@5349b246
[18:52:35] [main/INFO]: Found mod file mixinextras-forge-0.5.4.jar of type GAMELIBRARY with provider net.minecraftforge.fml.loading.moddiscovery.JarInJarDependencyLocator@5349b246
[18:52:35] [main/INFO]: Found mod file fabric-model-loading-api-v1-1.0.4+6274ab9d77.jar of type MOD with provider net.minecraftforge.fml.loading.moddiscovery.JarInJarDependencyLocator@5349b246
[18:52:35] [main/INFO]: Found mod file fabric-rendering-fluids-v1-3.0.29+4ac5e37a77.jar of type MOD with provider net.minecraftforge.fml.loading.moddiscovery.JarInJarDependencyLocator@5349b246
[18:52:35] [main/INFO]: Found mod file xaerolib-forge-1.20.1-1.7.3.jar of type MOD with provider net.minecraftforge.fml.loading.moddiscovery.JarInJarDependencyLocator@5349b246
[18:52:35] [main/INFO]: Found mod file fabric-screen-handler-api-v1-1.3.33+561530ec77.jar of type MOD with provider net.minecraftforge.fml.loading.moddiscovery.JarInJarDependencyLocator@5349b246
[18:52:35] [main/INFO]: Found mod file fabric-models-v0-0.4.3+7c3892a477.jar of type MOD with provider net.minecraftforge.fml.loading.moddiscovery.JarInJarDependencyLocator@5349b246
[18:52:35] [main/INFO]: Found mod file fabric-resource-loader-v0-0.11.12+4b4151c077.jar of type MOD with provider net.minecraftforge.fml.loading.moddiscovery.JarInJarDependencyLocator@5349b246
[18:52:35] [main/INFO]: Found mod file mclib-20.jar of type GAMELIBRARY with provider net.minecraftforge.fml.loading.moddiscovery.JarInJarDependencyLocator@5349b246
[18:52:35] [main/INFO]: Found mod file TRender-1.0.17-1.20.1-forge-SNAPSHOT.jar of type MOD with provider net.minecraftforge.fml.loading.moddiscovery.JarInJarDependencyLocator@5349b246
[18:52:35] [main/INFO]: Found mod file fabric-rendering-v1-3.0.9+66e9a48f77.jar of type MOD with provider net.minecraftforge.fml.loading.moddiscovery.JarInJarDependencyLocator@5349b246
[18:52:35] [main/INFO]: Found mod file fabric-renderer-indigo-1.5.3+b5b2da4177.jar of type MOD with provider net.minecraftforge.fml.loading.moddiscovery.JarInJarDependencyLocator@5349b246
[18:52:35] [main/INFO]: Found mod file fabric-convention-tags-v1-1.5.6+fa3d1c0177.jar of type MOD with provider net.minecraftforge.fml.loading.moddiscovery.JarInJarDependencyLocator@5349b246
[18:52:35] [main/INFO]: Found mod file fabric-mining-level-api-v1-2.1.52+561530ec77.jar of type MOD with provider net.minecraftforge.fml.loading.moddiscovery.JarInJarDependencyLocator@5349b246
[18:52:35] [main/INFO]: Found mod file fabric-command-api-v1-1.2.35+f71b366f77.jar of type MOD with provider net.minecraftforge.fml.loading.moddiscovery.JarInJarDependencyLocator@5349b246
[18:52:35] [main/INFO]: Found mod file fabric-block-view-api-v2-1.0.3+53347ba977.jar of type MOD with provider net.minecraftforge.fml.loading.moddiscovery.JarInJarDependencyLocator@5349b246
[18:52:35] [main/INFO]: Found mod file fabric-command-api-v2-2.2.14+561530ec77.jar of type MOD with provider net.minecraftforge.fml.loading.moddiscovery.JarInJarDependencyLocator@5349b246
[18:52:35] [main/INFO]: Found mod file MixinSquared-0.1.1.jar of type GAMELIBRARY with provider net.minecraftforge.fml.loading.moddiscovery.JarInJarDependencyLocator@5349b246
[18:52:35] [main/INFO]: Found mod file fabric-data-attachment-api-v1-1.0.2+30ef839e77.jar of type MOD with provider net.minecraftforge.fml.loading.moddiscovery.JarInJarDependencyLocator@5349b246
[18:52:35] [main/INFO]: Found mod file l2screentracker-0.1.4.jar of type MOD with provider net.minecraftforge.fml.loading.moddiscovery.JarInJarDependencyLocator@5349b246
[18:52:35] [main/INFO]: Found mod file mixinextras-forge-0.2.0-beta.8.jar of type GAMELIBRARY with provider net.minecraftforge.fml.loading.moddiscovery.JarInJarDependencyLocator@5349b246
[18:52:35] [main/INFO]: Found mod file midnightlib-1.4.2-forge.jar of type MOD with provider net.minecraftforge.fml.loading.moddiscovery.JarInJarDependencyLocator@5349b246
[18:52:35] [main/INFO]: Found mod file fabric-screen-api-v1-2.0.9+45a670a577.jar of type MOD with provider net.minecraftforge.fml.loading.moddiscovery.JarInJarDependencyLocator@5349b246
[18:52:35] [main/INFO]: Found mod file animated-gif-lib-for-java-animated-gif-lib-1.7.jar of type GAMELIBRARY with provider net.minecraftforge.fml.loading.moddiscovery.JarInJarDependencyLocator@5349b246
[18:52:35] [main/INFO]: Found mod file MixinExtras-0.5.4.jar of type GAMELIBRARY with provider net.minecraftforge.fml.loading.moddiscovery.JarInJarDependencyLocator@5349b246
[18:52:35] [main/INFO]: Found mod file fabric-particles-v1-1.1.3+78e1ecb877.jar of type MOD with provider net.minecraftforge.fml.loading.moddiscovery.JarInJarDependencyLocator@5349b246
[18:52:35] [main/INFO]: Found mod file puzzlesaccessapi-forge-20.1.1.jar of type MOD with provider net.minecraftforge.fml.loading.moddiscovery.JarInJarDependencyLocator@5349b246
[18:52:35] [main/INFO]: Found mod file l2damagetracker-0.3.8.jar of type MOD with provider net.minecraftforge.fml.loading.moddiscovery.JarInJarDependencyLocator@5349b246
[18:52:35] [main/INFO]: Found mod file fabric-content-registries-v0-4.0.13+a670df1e77.jar of type MOD with provider net.minecraftforge.fml.loading.moddiscovery.JarInJarDependencyLocator@5349b246
[18:52:35] [main/INFO]: Found mod file capabilitysyncer-1.20.1-4.0.1.jar of type GAMELIBRARY with provider net.minecraftforge.fml.loading.moddiscovery.JarInJarDependencyLocator@5349b246
[18:52:35] [main/INFO]: Found mod file fabric-transitive-access-wideners-v1-4.3.2+1880499877.jar of type MOD with provider net.minecraftforge.fml.loading.moddiscovery.JarInJarDependencyLocator@5349b246
[18:52:35] [main/INFO]: Found mod file fabric-game-rule-api-v1-1.0.41+683d4da877.jar of type MOD with provider net.minecraftforge.fml.loading.moddiscovery.JarInJarDependencyLocator@5349b246
[18:52:35] [main/INFO]: Found mod file fabric-api-base-0.4.32+ef105b4977.jar of type MOD with provider net.minecraftforge.fml.loading.moddiscovery.JarInJarDependencyLocator@5349b246
[18:52:35] [main/INFO]: Found mod file runtime-1.0.0+1.20.1.jar of type GAMELIBRARY with provider net.minecraftforge.fml.loading.moddiscovery.JarInJarDependencyLocator@5349b246
[18:52:35] [main/INFO]: Found mod file fabric-api-lookup-api-v1-1.6.37+67f9824077.jar of type MOD with provider net.minecraftforge.fml.loading.moddiscovery.JarInJarDependencyLocator@5349b246
[18:52:35] [main/INFO]: Found mod file fabric-blockrenderlayer-v1-1.1.42+1d0da21e77.jar of type MOD with provider net.minecraftforge.fml.loading.moddiscovery.JarInJarDependencyLocator@5349b246
[18:52:35] [main/INFO]: Found mod file mixinsquared-forge-0.1.1.jar of type GAMELIBRARY with provider net.minecraftforge.fml.loading.moddiscovery.JarInJarDependencyLocator@5349b246
[18:52:35] [main/INFO]: Found mod file awcapi-neoforge-1.20.1-1.0.3.jar of type MOD with provider net.minecraftforge.fml.loading.moddiscovery.JarInJarDependencyLocator@5349b246
[18:52:35] [main/INFO]: Found mod file Registrate-MC1.20-1.3.11.jar of type GAMELIBRARY with provider net.minecraftforge.fml.loading.moddiscovery.JarInJarDependencyLocator@5349b246
[18:52:35] [main/INFO]: Found mod file fabric-block-api-v1-1.0.12+0e6cb7f777.jar of type MOD with provider net.minecraftforge.fml.loading.moddiscovery.JarInJarDependencyLocator@5349b246
[18:52:35] [main/INFO]: Found mod file fabric-resource-conditions-api-v1-2.3.9+996d00b277.jar of type MOD with provider net.minecraftforge.fml.loading.moddiscovery.JarInJarDependencyLocator@5349b246
[18:52:35] [main/INFO]: Found mod file Connector-1.0.0-beta.49+1.20.1-fabricloader.jar of type LIBRARY with provider net.minecraftforge.fml.loading.moddiscovery.JarInJarDependencyLocator@5349b246
[18:52:35] [main/INFO]: Found mod file java-client-3.4.0.jar of type GAMELIBRARY with provider net.minecraftforge.fml.loading.moddiscovery.JarInJarDependencyLocator@5349b246
[18:52:35] [main/INFO]: Found mod file fabric-item-group-api-v1-4.0.14+c9161c2d77.jar of type MOD with provider net.minecraftforge.fml.loading.moddiscovery.JarInJarDependencyLocator@5349b246
[18:52:35] [main/INFO]: Found mod file jcpp-1.4.14.jar of type GAMELIBRARY with provider net.minecraftforge.fml.loading.moddiscovery.JarInJarDependencyLocator@5349b246
[18:52:35] [main/INFO]: Found mod file fabric-biome-api-v1-13.0.14+dc36698e77.jar of type MOD with provider net.minecraftforge.fml.loading.moddiscovery.JarInJarDependencyLocator@5349b246
[18:52:35] [main/INFO]: Found mod file fabric-entity-events-v1-1.6.1+4ca7515277.jar of type MOD with provider net.minecraftforge.fml.loading.moddiscovery.JarInJarDependencyLocator@5349b246
[18:52:35] [main/INFO]: Found mod file fabric-registry-sync-v0-2.3.6+1c0ea72177.jar of type MOD with provider net.minecraftforge.fml.loading.moddiscovery.JarInJarDependencyLocator@5349b246
[18:52:35] [main/INFO]: Found mod file fabric-recipe-api-v1-1.0.24+514a076577.jar of type MOD with provider net.minecraftforge.fml.loading.moddiscovery.JarInJarDependencyLocator@5349b246
[18:52:35] [main/INFO]: Found mod file fabric-loot-api-v2-1.2.3+eb28f93e77.jar of type MOD with provider net.minecraftforge.fml.loading.moddiscovery.JarInJarDependencyLocator@5349b246
[18:52:35] [main/INFO]: Found mod file fabric-object-builder-api-v1-11.1.5+f8c414ce77.jar of type MOD with provider net.minecraftforge.fml.loading.moddiscovery.JarInJarDependencyLocator@5349b246
[18:52:35] [main/INFO]: Found mod file Reflect-1.6.2.jar of type GAMELIBRARY with provider net.minecraftforge.fml.loading.moddiscovery.JarInJarDependencyLocator@5349b246
[18:52:35] [main/INFO]: Found mod file TRansition-1.0.25-1.20.1-forge-SNAPSHOT.jar of type MOD with provider net.minecraftforge.fml.loading.moddiscovery.JarInJarDependencyLocator@5349b246
[18:52:35] [main/INFO]: Found mod file fabric-rendering-data-attachment-v1-0.3.39+a6081afc77.jar of type MOD with provider net.minecraftforge.fml.loading.moddiscovery.JarInJarDependencyLocator@5349b246
[18:52:35] [main/INFO]: Found mod file l2itemselector-0.1.7.jar of type MOD with provider net.minecraftforge.fml.loading.moddiscovery.JarInJarDependencyLocator@5349b246
[18:52:35] [main/INFO]: Found mod file l2serial-1.2.2.jar of type GAMELIBRARY with provider net.minecraftforge.fml.loading.moddiscovery.JarInJarDependencyLocator@5349b246
[18:52:35] [main/INFO]: Found mod file fabric-networking-api-v1-1.3.14+fb7c822677.jar of type MOD with provider net.minecraftforge.fml.loading.moddiscovery.JarInJarDependencyLocator@5349b246
[18:52:35] [main/INFO]: Found mod file l2library-2.4.23-slim.jar of type MOD with provider net.minecraftforge.fml.loading.moddiscovery.JarInJarDependencyLocator@5349b246
[18:52:35] [main/INFO]: Found mod file fabric-sound-api-v1-1.0.14+4f23bd8477.jar of type MOD with provider net.minecraftforge.fml.loading.moddiscovery.JarInJarDependencyLocator@5349b246
[18:52:35] [main/INFO]: Found mod file fabric-message-api-v1-5.1.10+52cc178c77.jar of type MOD with provider net.minecraftforge.fml.loading.moddiscovery.JarInJarDependencyLocator@5349b246
[18:52:35] [main/INFO]: Found mod file expandability-forge-9.0.4.jar of type MOD with provider net.minecraftforge.fml.loading.moddiscovery.JarInJarDependencyLocator@5349b246
[18:52:35] [main/INFO]: Found mod file fabric-lifecycle-events-v1-2.2.23+afab492177.jar of type MOD with provider net.minecraftforge.fml.loading.moddiscovery.JarInJarDependencyLocator@5349b246
[18:52:35] [main/INFO]: Found mod file fabric-data-generation-api-v1-12.3.7+369cb3a477.jar of type MOD with provider net.minecraftforge.fml.loading.moddiscovery.JarInJarDependencyLocator@5349b246
[18:52:35] [main/INFO]: Found mod file fabric-events-interaction-v0-0.6.5+0f26153f77.jar of type MOD with provider net.minecraftforge.fml.loading.moddiscovery.JarInJarDependencyLocator@5349b246
[18:52:35] [main/INFO]: Found mod file fabric-key-binding-api-v1-1.0.38+561530ec77.jar of type MOD with provider net.minecraftforge.fml.loading.moddiscovery.JarInJarDependencyLocator@5349b246
[18:52:35] [main/INFO]: Found mod file japng-0.5.3.jar of type GAMELIBRARY with provider net.minecraftforge.fml.loading.moddiscovery.JarInJarDependencyLocator@5349b246
[18:52:35] [main/INFO]: Found mod file fabric-client-tags-api-v1-1.1.3+5d6761b877.jar of type MOD with provider net.minecraftforge.fml.loading.moddiscovery.JarInJarDependencyLocator@5349b246
[18:52:38] [main/INFO]: Dependency resolution found 4 candidates to load
[18:52:40] [main/INFO]: Found mod file sushi_bar-0.2.2+1.20$mixinconstraints-1.0.1_mapped_srg_1.20.1.jar of type MOD with provider org.sinytra.connector.locator.ConnectorLocator@5d5c41e5
[18:52:40] [main/INFO]: Found mod file modmenu-7.2.2_mapped_srg_1.20.1.jar of type MOD with provider org.sinytra.connector.locator.ConnectorLocator@5d5c41e5
[18:52:40] [main/INFO]: Found mod file replaymod-1.20.1-2.6.23_mapped_srg_1.20.1.jar of type MOD with provider org.sinytra.connector.locator.ConnectorLocator@5d5c41e5
[18:52:40] [main/INFO]: Found mod file sushi_bar-0.2.2+1.20_mapped_srg_1.20.1.jar of type MOD with provider org.sinytra.connector.locator.ConnectorLocator@5d5c41e5
[18:52:42] [main/INFO]: Successfully made module authlib transformable
[18:52:51] [main/INFO]: Compatibility level set to JAVA_17
[18:52:53] [main/INFO]: Successfully loaded Mixin Connector [com.sonicether.soundphysics.MixinConnector]
[18:52:54] [main/INFO]: Launching target 'forgeclient' with arguments [--version, 1.20.1, --gameDir, C:\Users\rodri\AppData\Roaming\ModrinthApp\profiles\OV_GAME, --assetsDir, C:\Users\rodri\AppData\Roaming\ModrinthApp\meta\assets, --uuid, bef90cd7ba6d491b8900ccdbfcc79b3e, --username, LAYONv, --assetIndex, 5, --accessToken, ????????, --clientId, c4502edb-87c6-40cb-b595-64a280cf8906, --xuid, 0, --userType, msa, --versionType, release, --width, 854, --height, 480]
[18:52:54] [main/INFO]: Loaded configuration file for ModernFix 5.27.83+mc1.20.1: 110 options available, 0 override(s) found
[18:52:54] [main/INFO]: Applying Nashorn fix
[18:52:54] [main/INFO]: Applied Forge config corruption patch
[18:52:54] [main/INFO]: Configuring Minecraft's max.bg.threads option with 1 threads
[18:52:55] [main/WARN]: Reference map '' for chat_heads.forge.mixins.json could not be read. If this is a development environment you can ignore this message
[18:52:55] [main/INFO]: Loaded configuration file for Embeddium: 251 options available, 3 override(s) found
[18:52:55] [main/INFO]: Searching for graphics cards...
[18:52:56] [main/INFO]: Found graphics card: GraphicsAdapterInfo[vendor=INTEL, name=Intel(R) HD Graphics 5500, version=DriverVersion=20.19.15.5144]
[18:52:56] [main/WARN]: Reference map 'puzzlesaccessapi.common.refmap.json' for puzzlesaccessapi.common.mixins.json could not be read. If this is a development environment you can ignore this message
[18:52:57] [main/INFO]: Loading 205 mods:
	- advancednetherite 2.1.3
	- advancementplaques 1.6.9
	- alexsmobs 1.22.9
	- ambientsounds 6.3.9
	- amendments 1.20-2.2.6
	- appleskin 2.5.1+mc1.20.1
	- architectury 9.2.14
	- areaeffectcloud3d 1.0.4
	- artifacts 9.5.19
		\-- expandability 9.0.4
	- assetsloadermod 1.0.0+mc1.20.1-forge
	- badoptimizations 2.4.1
	- balm 7.3.44
		\-- kuma_api 20.1.12
	- better_totem_of_undying 1.0.4
	- betteradvancements 0.6.0.73
	- bettertridents 8.0.1
	- bettervillage 3.3.1
	- biomesoplenty 19.0.0.96
	- biomeswevegone 1.8.0
	- blueprint 7.1.5
	- bookshelf 20.2.15
	- boss_music_mod 1.2.0
	- brutalbosses 1.20.1-8.4
	- catoapi 1.5-beta
	- celestial_core 1.5.8
		|-- l2damagetracker 0.3.8
		|-- l2itemselector 0.1.7
		|-- l2library 2.4.23
		|-- l2screentracker 0.1.4
		\-- l2tabs 0.3.1
	- celestial_enchantments 1.3.7
	- cerbons_api 1.1.0
	- chat_heads 0.15.7
	- citadel 2.6.3
	- cloth_config 11.1.136
	- clumps 12.0.0.4
	- com_moulberry_mixinconstraints 1.0.1
	- commonnetworking 1.0.6-1.20.1
	- configapi 1.1
	- connectormod 1.0.0-beta.49+1.20.1
	- controlling 12.0.2
	- corgilib 4.0.3.5
	- cpm 0.6.27a
	- craterlib 3.1.3
	- creativecore 2.12.40
	- cupboard 1.20.1-2.7
	- curios 5.14.1+1.20.1
	- customskymod 1.0.3
	- decorative_blocks 4.1.3
	- do_a_barrel_roll 3.5.6+1.20.1
	- dungeoncrawl 2.3.15
	- dungeons_enhanced 5.4.3
	- easyshulkerboxes 8.0.2
		\-- puzzlesapi 8.1.6
	- embeddium 0.3.31+mc1.20.1
		\-- rubidium 0.7.1
	- emberstextapi 3.0.4
	- emotecraft 2.2.7-b.build.50
	- enchdesc 17.1.21
	- endrem 5.3.3-R-1.20.1
	- entity_model_features 3.3.11
	- entity_texture_features 7.2.5
	- entityculling 1.10.5
	- explosiveenhancement 1.2.0
	- fabric_api 0.92.6+1.11.15+1.20.1
		|-- fabric_api_base 0.4.32+ef105b4977
		|-- fabric_api_lookup_api_v1 1.6.37+67f9824077
		|-- fabric_biome_api_v1 13.0.14+dc36698e77
		|-- fabric_block_api_v1 1.0.12+0e6cb7f777
		|-- fabric_block_view_api_v2 1.0.3+53347ba977
		|-- fabric_blockrenderlayer_v1 1.1.42+1d0da21e77
		|-- fabric_client_tags_api_v1 1.1.3+5d6761b877
		|-- fabric_command_api_v1 1.2.35+f71b366f77
		|-- fabric_command_api_v2 2.2.14+561530ec77
		|-- fabric_content_registries_v0 4.0.13+a670df1e77
		|-- fabric_convention_tags_v1 1.5.6+fa3d1c0177
		|-- fabric_data_attachment_api_v1 1.0.2+30ef839e77
		|-- fabric_data_generation_api_v1 12.3.7+369cb3a477
		|-- fabric_dimensions_v1 2.1.55+8005d10d77
		|-- fabric_entity_events_v1 1.6.1+4ca7515277
		|-- fabric_events_interaction_v0 0.6.5+0f26153f77
		|-- fabric_game_rule_api_v1 1.0.41+683d4da877
		|-- fabric_item_api_v1 2.1.29+4d0bbcfa77
		|-- fabric_item_group_api_v1 4.0.14+c9161c2d77
		|-- fabric_key_binding_api_v1 1.0.38+561530ec77
		|-- fabric_lifecycle_events_v1 2.2.23+afab492177
		|-- fabric_loot_api_v2 1.2.3+eb28f93e77
		|-- fabric_message_api_v1 5.1.10+52cc178c77
		|-- fabric_mining_level_api_v1 2.1.52+561530ec77
		|-- fabric_model_loading_api_v1 1.0.4+6274ab9d77
		|-- fabric_models_v0 0.4.3+7c3892a477
		|-- fabric_networking_api_v1 1.3.14+fb7c822677
		|-- fabric_object_builder_api_v1 11.1.5+f8c414ce77
		|-- fabric_particles_v1 1.1.3+78e1ecb877
		|-- fabric_recipe_api_v1 1.0.24+514a076577
		|-- fabric_registry_sync_v0 2.3.6+1c0ea72177
		|-- fabric_renderer_api_v1 3.2.2+cf68abbe77
		|-- fabric_renderer_indigo 1.5.3+b5b2da4177
		|-- fabric_rendering_data_attachment_v1 0.3.39+a6081afc77
		|-- fabric_rendering_fluids_v1 3.0.29+4ac5e37a77
		|-- fabric_rendering_v1 3.0.9+66e9a48f77
		|-- fabric_resource_conditions_api_v1 2.3.9+996d00b277
		|-- fabric_resource_loader_v0 0.11.12+4b4151c077
		|-- fabric_screen_api_v1 2.0.9+45a670a577
		|-- fabric_screen_handler_api_v1 1.3.33+561530ec77
		|-- fabric_sound_api_v1 1.0.14+4f23bd8477
		|-- fabric_transfer_api_v1 3.3.6+25eff73b77
		\-- fabric_transitive_access_wideners_v1 4.3.2+1880499877
	- fancymenu 3.9.0
	- fastload 3.4.0
	- ferritecore 6.0.1
	- forge 47.4.18
	- framework 0.7.15
	- geckolib 4.8.4
	- glitchcore 0.0.1.1
	- hidehud 1.0.0
	- iceberg 1.1.25
	- illagerinvasion 8.0.7
	- immediatelyfast 1.5.5+1.20.4
	- insanelib 1.23.4.6
	- jei 15.56.0.205
	- jeresources 1.4.0.247
	- justzoom 3.0.1
	- keybindhider 1.3.1
	- konkrete 1.8.0
	- legendarytooltips 1.4.5
	- libraryferret 4.0.0
	- lithostitched 1.4.11
	- magistuarmory 10.11
	- mcwbridges 3.1.2
	- mcwfences 1.2.1
	- mcwfurnitures 3.4.1
	- mcwlights 1.1.5
	- melody 1.0.2
	- memoryleakfix 1.1.5
	- minecraft 1.20.1
	- mmode 1.3.4
	- modernfix 5.27.83+mc1.20.1
	- modmenu 7.2.2
	- moonlight 1.20-2.16.35
		\-- mixinsquared 0.1.1
	- morevanillaarmor 1.20.1-5.1.2
	- mr_ati_structuresvanillaedition 1.4.5
	- mr_limesplatus_ending 1-v1.1.0c
	- mr_tidal_towns 1.3.4
	- naturalist 5.0pre5
		\-- midnightlib 1.4.2
	- negativeutils 1.0.3
	- nochatreports 1.20.1-v2.2.3
	- noisium 2.3.0+mc1.20-1.20.1
	- notenoughanimations 1.12.6
		|-- transition 1.0.25
		\-- trender 1.0.17
	- nyfsspiders 3.0.2
		\-- awcapi 1.0.3
	- oculus 1.8.0
	- ohthetreesyoullgrow 1.7.0
	- packetfixer 3.3.2
	- paraglider 20.1.3
	- parcool 3.4.3.3
	- particlepathmod 1.0.0
	- particlerain 4.0.0-beta.11
	- particular 1.5.7
	- patchouli 1.20.1-85-FORGE
	- pehkui 3.8.2+1.20.1-forge
	- platform 1.3.4
	- playeranimator 1.0.2-rc1+1.20
	- playerrevive 2.0.31
	- playerscreenevent 1.0.0
	- prism 1.0.5
	- progressivebosses 4.3.12
	- puzzleslib 8.1.33
		\-- puzzlesaccessapi 20.1.1
	- quark 4.0-462
	- replaymod 1.20.1-2.6.23
	- resourcefulconfig 2.1.3
	- rhino 2001.2.3-build.10
	- rottencreatures 1.1.0
	- screentext 1.0-SNAPSHOT
	- searchables 1.0.3
	- shaders 1.1.2
	- skinrestorer 2.11.0+1.20-forge
	- sound_physics_remastered 1.20.1-1.5.1
	- spartanshields 3.1.1
	- spiffyhud 3.1.2
	- structure_gel 2.16.2
	- subtitlemod 1.3.3
	- sushi_bar 0.2.21.20
	- takesapillage 1.0.3
	- terrablender 3.0.1.10
	- trashslot 15.1.5
	- travelersbackpack 9.1.57
	- unusualend 2.3.1.2
	- visiblebarriers 2.0.9-forge.1.20.1
	- visuality 2.2.0
	- voicechat 1.20.1-2.6.22
		\-- voicechat_api 2.6.20
	- watermedia 2.1.37
	- watermedia_binaries 3.0.0-rc.4
	- watervision 0.1.0-alpha
	- waves 1.6a
	- waystones 14.1.21
	- xaerominimap 26.5.0
		\-- xaerolib 1.7.3
	- xaeroworldmap 1.46.0
	- zeta 1.0-31
[18:52:58] [main/WARN]: Reference map 'CerbonsAPI-Forge-1.20.1-forge-refmap.json' for cerbons_api.mixins.json could not be read. If this is a development environment you can ignore this message
[18:52:58] [main/WARN]: Reference map 'mixins.nonmmlauncher.replaymod.refmap.json' for mixins.nonmmlauncher.replaymod.json could not be read. If this is a development environment you can ignore this message
[18:52:58] [main/WARN]: Reference map 'trashslot.refmap.json' for trashslot.mixins.json could not be read. If this is a development environment you can ignore this message
[18:52:59] [main/WARN]: Reference map 'itemselector.refmap.json' for l2itemselector.mixins.json could not be read. If this is a development environment you can ignore this message
[18:52:59] [main/INFO]: Packet Fixer forge 1.19.4-1.20.1 has been applied successfully.
[18:52:59] [main/INFO]: Config version: 6
[18:52:59] [main/INFO]: BadOptimizations config dump:
[18:52:59] [main/INFO]: enable_toast_optimizations: true
[18:52:59] [main/INFO]: ignore_mod_incompatibilities: false
[18:52:59] [main/INFO]: lightmap_time_change_needed_for_update: 80
[18:52:59] [main/INFO]: enable_lightmap_caching: true
[18:52:59] [main/INFO]: enable_particle_manager_optimization: true
[18:52:59] [main/INFO]: enable_entity_renderer_caching: true
[18:52:59] [main/INFO]: log_config: true
[18:52:59] [main/INFO]: enable_remove_redundant_fov_calculations: true
[18:52:59] [main/INFO]: config_version: 6
[18:52:59] [main/INFO]: enable_sky_angle_caching_in_worldrenderer: true
[18:52:59] [main/INFO]: enable_block_entity_renderer_caching: true
[18:52:59] [main/INFO]: skycolor_time_change_needed_for_update: 3
[18:52:59] [main/INFO]: enable_entity_flag_caching: true
[18:52:59] [main/INFO]: ignore_mod_cache_hooks: false
[18:52:59] [main/INFO]: enable_debug_renderer_disable_if_not_needed: true
[18:52:59] [main/INFO]: enable_sky_color_caching: true
[18:52:59] [main/INFO]: enable_remove_tutorial_if_not_demo: true
[18:52:59] [main/INFO]: show_f3_text: true
[18:52:59] [main/INFO]: Disabling enable_entity_flag_caching because mod "biomeswevegone" is incompatible with it (built-in)
[18:52:59] [main/WARN]: Reference map '' for adapter.init.mixins.json could not be read. If this is a development environment you can ignore this message
[18:53:03] [main/WARN]: Error loading class: com/ultramega/showcaseitem/ShowcaseItemFeature (java.lang.ClassNotFoundException: com.ultramega.showcaseitem.ShowcaseItemFeature)
[18:53:04] [main/WARN]: Error loading class: mekanism/client/render/entity/RenderFlame (java.lang.ClassNotFoundException: mekanism.client.render.entity.RenderFlame)
[18:53:04] [main/WARN]: Error loading class: mekanism/client/render/armor/MekaSuitArmor (java.lang.ClassNotFoundException: mekanism.client.render.armor.MekaSuitArmor)
[18:53:07] [main/WARN]: Error loading class: weather2/weathersystem/wind/WindManager (java.lang.ClassNotFoundException: weather2.weathersystem.wind.WindManager)
[18:53:07] [main/WARN]: @Mixin target weather2.weathersystem.wind.WindManager was not found waves.mixins.json:WindManagerMixin from mod waves
[18:53:07] [main/WARN]: Error loading class: weather2/weathersystem/storm/TornadoHelper (java.lang.ClassNotFoundException: weather2.weathersystem.storm.TornadoHelper)
[18:53:07] [main/WARN]: @Mixin target weather2.weathersystem.storm.TornadoHelper was not found waves.mixins.json:TornadoHelperMixin from mod waves
[18:53:08] [main/WARN]: Error loading class: dev/ftb/mods/ftbquests/client/gui/quests/QuestScreen (java.lang.ClassNotFoundException: dev.ftb.mods.ftbquests.client.gui.quests.QuestScreen)
[18:53:08] [main/WARN]: Error loading class: dev/ftb/mods/ftbquests/client/gui/QuestScreen (java.lang.ClassNotFoundException: dev.ftb.mods.ftbquests.client.gui.QuestScreen)
[18:53:08] [main/WARN]: Error loading class: dev/ftb/mods/ftbquests/client/gui/MultilineTextEditorScreen (java.lang.ClassNotFoundException: dev.ftb.mods.ftbquests.client.gui.MultilineTextEditorScreen)
[18:53:08] [main/WARN]: Error loading class: dev/ftb/mods/ftblibrary/ui/MultilineTextBox (java.lang.ClassNotFoundException: dev.ftb.mods.ftblibrary.ui.MultilineTextBox)
[18:53:08] [main/WARN]: Error loading class: dev/ftb/mods/ftbquests/client/gui/MultilineTextEditorScreen$ToolbarPanel (java.lang.ClassNotFoundException: dev.ftb.mods.ftbquests.client.gui.MultilineTextEditorScreen$ToolbarPanel)
[18:53:08] [main/WARN]: Error loading class: com/hrznstudio/emojiful/render/EmojiFontHelper$EmojiCharacterRenderer (java.lang.ClassNotFoundException: com.hrznstudio.emojiful.render.EmojiFontHelper$EmojiCharacterRenderer)
[18:53:08] [main/WARN]: Error loading class: com/hrznstudio/emojiful/render/EmojiFontRenderer$EmojiCharacterRenderer (java.lang.ClassNotFoundException: com.hrznstudio.emojiful.render.EmojiFontRenderer$EmojiCharacterRenderer)
[18:53:08] [main/WARN]: Error loading class: com/hrznstudio/emojiful/render/EmojiFontHelper$EmojiCharacterRenderer (java.lang.ClassNotFoundException: com.hrznstudio.emojiful.render.EmojiFontHelper$EmojiCharacterRenderer)
[18:53:08] [main/WARN]: Error loading class: com/hrznstudio/emojiful/render/EmojiFontRenderer$EmojiCharacterRenderer (java.lang.ClassNotFoundException: com.hrznstudio.emojiful.render.EmojiFontRenderer$EmojiCharacterRenderer)
[18:53:08] [main/WARN]: Error loading class: vazkii/patchouli/client/book/BookTextParser (java.lang.ClassNotFoundException: vazkii.patchouli.client.book.BookTextParser)
[18:53:09] [main/WARN]: Error loading class: dev/tr7zw/skinlayers/render/CustomizableModelPart (java.lang.ClassNotFoundException: dev.tr7zw.skinlayers.render.CustomizableModelPart)
[18:53:09] [main/WARN]: Error loading class: vectorwing/farmersdelight/common/block/StandingCanvasSignBlock (java.lang.ClassNotFoundException: vectorwing.farmersdelight.common.block.StandingCanvasSignBlock)
[18:53:09] [main/WARN]: Error loading class: vectorwing/farmersdelight/common/block/WallCanvasSignBlock (java.lang.ClassNotFoundException: vectorwing.farmersdelight.common.block.WallCanvasSignBlock)
[18:53:09] [main/WARN]: Error loading class: vectorwing/farmersdelight/client/renderer/HangingCanvasSignRenderer (java.lang.ClassNotFoundException: vectorwing.farmersdelight.client.renderer.HangingCanvasSignRenderer)
[18:53:09] [main/WARN]: Error loading class: vectorwing/farmersdelight/client/renderer/CanvasSignRenderer (java.lang.ClassNotFoundException: vectorwing.farmersdelight.client.renderer.CanvasSignRenderer)
[18:53:09] [main/WARN]: Error loading class: vectorwing/farmersdelight/client/gui/CanvasSignEditScreen (java.lang.ClassNotFoundException: vectorwing.farmersdelight.client.gui.CanvasSignEditScreen)
[18:53:09] [main/WARN]: Error loading class: net/mehvahdjukaar/supplementaries/common/entities/SlimeBallEntity (java.lang.ClassNotFoundException: net.mehvahdjukaar.supplementaries.common.entities.SlimeBallEntity)
[18:53:09] [main/WARN]: Error loading class: net/dries007/tfc/common/fluids/MixingFluid (java.lang.ClassNotFoundException: net.dries007.tfc.common.fluids.MixingFluid)
[18:53:09] [main/WARN]: @Mixin target net.dries007.tfc.common.fluids.MixingFluid was not found particular.forge.mixins.json:compat.TFCMixingFluidMixin from mod particular
[18:53:10] [main/WARN]: Error loading class: noobanidus/mods/lootr/config/ConfigManager (java.lang.ClassNotFoundException: noobanidus.mods.lootr.config.ConfigManager)
[18:53:10] [main/WARN]: @Mixin target noobanidus.mods.lootr.config.ConfigManager was not found quark_integrations.mixins.json:lootr.ConfigManagerMixin from mod quark
[18:53:11] [main/INFO]: [MemoryLeakFix] Will be applying 3 memory leak fixes!
[18:53:11] [main/INFO]: [MemoryLeakFix] Currently enabled memory leak fixes: [targetEntityLeak, biomeTemperatureLeak, hugeScreenshotLeak]
[18:53:11] [main/WARN]: Force-disabling mixin 'features.render.world.sky.WorldRendererMixin' as rule 'mixin.features.render.world.sky' (added by mods [oculus]) disables it and children
[18:53:11] [main/WARN]: Force-disabling mixin 'features.render.world.sky.ClientWorldMixin' as rule 'mixin.features.render.world.sky' (added by mods [oculus]) disables it and children
[18:53:11] [main/WARN]: Force-disabling mixin 'features.render.world.sky.BackgroundRendererMixin' as rule 'mixin.features.render.world.sky' (added by mods [oculus]) disables it and children
[18:53:11] [main/WARN]: Force-disabling mixin 'features.render.gui.font.GlyphRendererMixin' as rule 'mixin.features.render.gui.font' (added by mods [oculus]) disables it and children
[18:53:11] [main/WARN]: Force-disabling mixin 'features.render.gui.font.FontSetMixin' as rule 'mixin.features.render.gui.font' (added by mods [oculus]) disables it and children
[18:53:11] [main/WARN]: Force-disabling mixin 'features.render.entity.shadows.EntityRenderDispatcherMixin' as rule 'mixin.features.render.entity' (added by mods [oculus]) disables it and children
[18:53:11] [main/WARN]: Force-disabling mixin 'features.render.entity.remove_streams.ModelPartMixin' as rule 'mixin.features.render.entity' (added by mods [oculus]) disables it and children
[18:53:11] [main/WARN]: Force-disabling mixin 'features.render.entity.remove_streams.HierarchicalModelMixin' as rule 'mixin.features.render.entity' (added by mods [oculus]) disables it and children
[18:53:11] [main/WARN]: Force-disabling mixin 'features.render.entity.fast_render.ModelPartMixin' as rule 'mixin.features.render.entity' (added by mods [oculus]) disables it and children
[18:53:11] [main/WARN]: Force-disabling mixin 'features.render.entity.fast_render.CuboidMixin' as rule 'mixin.features.render.entity' (added by mods [oculus]) disables it and children
[18:53:11] [main/WARN]: Force-disabling mixin 'features.render.entity.cull.EntityRendererMixin' as rule 'mixin.features.render.entity' (added by mods [oculus]) disables it and children
[18:53:12] [main/WARN]: Error loading class: vazkii/patchouli/client/book/BookTextParser (java.lang.ClassNotFoundException: vazkii.patchouli.client.book.BookTextParser)
[18:53:12] [main/WARN]: Error loading class: vazkii/patchouli/client/book/BookTextParser (java.lang.ClassNotFoundException: vazkii.patchouli.client.book.BookTextParser)
[18:53:13] [main/WARN]: Error loading class: net/optifine/render/ChunkVisibility (java.lang.ClassNotFoundException: net.optifine.render.ChunkVisibility)
[18:53:13] [main/WARN]: Error loading class: shadersmod/client/ShadersRender (java.lang.ClassNotFoundException: shadersmod.client.ShadersRender)
[18:53:13] [main/WARN]: Error loading class: net/optifine/shaders/ShadersRender (java.lang.ClassNotFoundException: net.optifine.shaders.ShadersRender)
[18:53:13] [main/INFO]: Initializing MixinExtras via com.llamalad7.mixinextras.service.MixinExtrasServiceImpl(version=0.5.4).
[18:53:14] [main/INFO]: Mixing client.MixinMinecraft from mixins/common/nochatreports.mixins.json into net.minecraft.client.Minecraft
[18:53:18] [main/WARN]: Failed to add PDH Counter: \Paging File(_Total)\% Usage, Error code: 0xC0000BB8
[18:53:18] [main/WARN]: Failed to add counter for PDH counter: \Paging File(_Total)\% Usage
[18:53:18] [main/WARN]: Disabling further attempts to query Paging File.
[18:53:20] [main/WARN]: COM exception: Invalid Query: SELECT PERCENTUSAGE FROM Win32_PerfRawData_PerfOS_PagingFile
[18:53:23] [main/INFO]: Mixing client.MixinTitleScreen from mixins/common/nochatreports.mixins.json into net.minecraft.client.gui.screens.TitleScreen
[18:53:24] [main/INFO]: Mixing client.MixinChatScreen from mixins/common/nochatreports.mixins.json into net.minecraft.client.gui.screens.ChatScreen
[18:53:24] [main/INFO]: Renaming synthetic method lambda$onInit$4()Lnet/minecraft/network/chat/Component; to mda45d3f$nochatreports$lambda$onInit$4$0 in mixins/common/nochatreports.mixins.json:client.MixinChatScreen from mod nochatreports
[18:53:24] [main/INFO]: Renaming synthetic method lambda$onInit$3(Lnet/minecraft/client/gui/components/Button;)V to mda45d3f$nochatreports$lambda$onInit$3$1 in mixins/common/nochatreports.mixins.json:client.MixinChatScreen from mod nochatreports
[18:53:24] [main/INFO]: Renaming synthetic method lambda$onInit$2()Lnet/minecraft/network/chat/Component; to mda45d3f$nochatreports$lambda$onInit$2$2 in mixins/common/nochatreports.mixins.json:client.MixinChatScreen from mod nochatreports
[18:53:24] [main/INFO]: Renaming synthetic method lambda$onInit$1(Lnet/minecraft/client/gui/components/Button;)V to mda45d3f$nochatreports$lambda$onInit$1$3 in mixins/common/nochatreports.mixins.json:client.MixinChatScreen from mod nochatreports
[18:53:24] [main/INFO]: Renaming synthetic method lambda$onBeforeMessage$0(Ljava/lang/String;Lorg/spongepowered/asm/mixin/injection/callback/CallbackInfoReturnable;Lcom/aizistral/nochatreports/common/encryption/Encryptor;)V to mda45d3f$nochatreports$lambda$onBeforeMessage$0$4 in mixins/common/nochatreports.mixins.json:client.MixinChatScreen from mod nochatreports
[18:53:25] [pool-4-thread-1/INFO]: ModernFix reached bootstrap stage (1.080 min after launch)
[18:53:25] [pool-4-thread-1/INFO]: Mixing common.MixinFriendlyByteBuf from mixins/common/nochatreports.mixins.json into net.minecraft.network.FriendlyByteBuf
[18:53:25] [pool-4-thread-1/INFO]: Renaming synthetic method lambda$onWriteJsonWithCodec$1(Ljava/lang/Object;Ljava/lang/String;)Lio/netty/handler/codec/EncoderException; to mda45d3f$nochatreports$lambda$onWriteJsonWithCodec$1$0 in mixins/common/nochatreports.mixins.json:common.MixinFriendlyByteBuf from mod nochatreports
[18:53:25] [pool-4-thread-1/INFO]: Renaming synthetic method lambda$onReadJsonWithCodec$0(Ljava/lang/String;)Lio/netty/handler/codec/DecoderException; to mda45d3f$nochatreports$lambda$onReadJsonWithCodec$0$1 in mixins/common/nochatreports.mixins.json:common.MixinFriendlyByteBuf from mod nochatreports
[18:53:26] [pool-4-thread-1/WARN]: @Final field delegatesByName:Ljava/util/Map; in modernfix-modernfix.mixins.json:perf.forge_registry_alloc.ForgeRegistryMixin from mod modernfix should be final
[18:53:26] [pool-4-thread-1/WARN]: @Final field delegatesByValue:Ljava/util/Map; in modernfix-modernfix.mixins.json:perf.forge_registry_alloc.ForgeRegistryMixin from mod modernfix should be final
[18:53:29] [pool-4-thread-1/INFO]: Vanilla bootstrap took 3861 milliseconds
[18:53:37] [pool-4-thread-1/WARN]: Method overwrite conflict for scheduleRandomTick in corgilib-common.mixins.json:chunk.MixinChunkAccess from mod corgilib, previously written by dev.corgitaco.ohthetreesyoullgrow.mixin.chunk.MixinChunkAccess. Skipping method.
[18:53:37] [pool-4-thread-1/WARN]: Method overwrite conflict for getScheduledRandomTicks in corgilib-common.mixins.json:chunk.MixinChunkAccess from mod corgilib, previously written by dev.corgitaco.ohthetreesyoullgrow.mixin.chunk.MixinChunkAccess. Skipping method.
[18:53:37] [pool-4-thread-1/INFO]: Mixing server.MixinServerGamePacketListenerImpl from mixins/common/nochatreports.mixins.json into net.minecraft.server.network.ServerGamePacketListenerImpl
[18:53:42] [Render thread/WARN]: Assets URL 'union:/C:/Users/rodri/AppData/Roaming/ModrinthApp/meta/libraries/net/minecraft/client/1.20.1-20230612.114412/client-1.20.1-20230612.114412-srg.jar%23450!/assets/.mcassetsroot' uses unexpected schema
[18:53:42] [Render thread/WARN]: Assets URL 'union:/C:/Users/rodri/AppData/Roaming/ModrinthApp/meta/libraries/net/minecraft/client/1.20.1-20230612.114412/client-1.20.1-20230612.114412-srg.jar%23450!/data/.mcassetsroot' uses unexpected schema
[18:53:42] [Render thread/INFO]: Environment: authHost='https://authserver.mojang.com', accountsHost='https://api.mojang.com', sessionHost='https://sessionserver.mojang.com', servicesHost='https://api.minecraftservices.com', name='PROD'
[18:53:42] [Render thread/INFO]: Mixing client.MixinYggdrasilUserApiService from mixins/common/nochatreports.mixins.json into com.mojang.authlib.yggdrasil.YggdrasilUserApiService
[18:53:44] [Render thread/INFO]: Setting user: LAYONv
[18:53:44] [Render thread/INFO]: Bypassed Mojang DFU
[18:53:44] [Render thread/INFO]: Mixing client.MixinToastComponent from mixins/common/nochatreports.mixins.json into net.minecraft.client.gui.components.toasts.ToastComponent
[18:53:44] [Render thread/INFO]: Sushi of the day: Uni nigiri
[18:53:45] [Worker-Main-1/INFO]: Checking mod updates...
[18:53:45] [Render thread/INFO]: Mixing client.MixinClientPacketListener from mixins/common/nochatreports.mixins.json into net.minecraft.client.multiplayer.ClientPacketListener
[18:53:45] [Render thread/INFO]: Mixing client.MixinClientPacketListener from mixins/forge/nochatreports-forge.mixins.json into net.minecraft.client.multiplayer.ClientPacketListener
[18:53:46] [Render thread/INFO]: Mixing client.MixinOptions from mixins/common/nochatreports.mixins.json into net.minecraft.client.Options
[18:53:46] [Render thread/INFO]: Renaming synthetic method lambda$onlyShowSecureChat$0(Ljava/lang/Boolean;)V to mda45d3f$nochatreports$lambda$onlyShowSecureChat$0$0 in mixins/common/nochatreports.mixins.json:client.MixinOptions from mod nochatreports
[18:53:46] [Render thread/INFO]: Mixing client.MixinChatComponent from mixins/common/nochatreports.mixins.json into net.minecraft.client.gui.components.ChatComponent
[18:53:46] [Render thread/INFO]: Renaming synthetic method lambda$modifyGUIMessage$1()V to mda45d3f$nochatreports$lambda$modifyGUIMessage$1$0 in mixins/common/nochatreports.mixins.json:client.MixinChatComponent from mod nochatreports
[18:53:46] [Render thread/INFO]: Renaming synthetic method lambda$modifyGUIMessage$0(Lnet/minecraft/network/chat/FormattedText;Lnet/minecraft/network/chat/Component;)V to mda45d3f$nochatreports$lambda$modifyGUIMessage$0$1 in mixins/common/nochatreports.mixins.json:client.MixinChatComponent from mod nochatreports
[18:53:46] [Render thread/INFO]: Mixing client.MixinGuiMessageTagIcon from mixins/common/nochatreports.mixins.json into net.minecraft.client.GuiMessageTag$Icon
[18:53:46] [Render thread/INFO]: Renaming @Invoker method create(Ljava/lang/String;IIIII)Lnet/minecraft/client/GuiMessageTag$Icon; to create$nochatreports_$md$a45d3f$0 in mixins/common/nochatreports.mixins.json:client.MixinGuiMessageTagIcon from mod nochatreports
[18:53:46] [Render thread/INFO]: Added resource packs: [mod_resources, fabric, Moonlight Mods Dynamic Assets, vanilla, file/§3OVERLAND.zip]
[18:53:46] [Render thread/INFO]: Backend library: LWJGL version 3.3.1 build 7
[18:53:47] [Render thread/ERROR]: Mod mixin into Embeddium internals detected. This instance is now tainted. The Embeddium team does not provide any guarantee of support for issues encountered while such mods are installed.
[18:53:47] [Render thread/WARN]: Mod(s) [oculus] are modifying Embeddium class me.jellysquid.mods.sodium.client.gui.SodiumGameOptions, which may cause instability.
[18:53:47] [Render thread/INFO]: OpenGL Vendor: Intel
[18:53:47] [Render thread/INFO]: OpenGL Renderer: Intel(R) HD Graphics 5500
[18:53:47] [Render thread/INFO]: OpenGL Version: 4.4.0 - Build 20.19.15.5144
[18:53:47] [Render thread/INFO]: Initializing ImmediatelyFast 1.5.5+1.20.4 on Intel(R) HD Graphics 5500 (Intel) with OpenGL 4.4.0 - Build 20.19.15.5144
[18:53:47] [Render thread/INFO]: Found Iris/Oculus 1.8.0. Enabling compatibility.
[18:53:48] [Render thread/INFO]: Debug functionality is disabled.
[18:53:48] [Render thread/INFO]: DSA support not detected.
[18:53:48] [Render thread/INFO]: Shaders are disabled because no valid shaderpack is selected
[18:53:48] [Render thread/INFO]: Shaders are disabled
[18:53:49] [modloading-worker-0/WARN]: Mod(s) [oculus] are modifying Embeddium class me.jellysquid.mods.sodium.client.gui.SodiumOptionsGUI, which may cause instability.
[18:53:50] [modloading-worker-0/WARN]: @Redirect conflict. Skipping forge-badoptimizations.mixins.json:MixinWorldRenderer from mod (unknown)->@Redirect::getSkyAngle(Lnet/minecraft/client/multiplayer/ClientLevel;F)F with priority 700, already redirected by citadel.mixins.json:client.LevelRendererMixin from mod citadel->@Redirect::citadel_getTimeOfDay(Lnet/minecraft/client/multiplayer/ClientLevel;F)F with priority 1000
[18:53:51] [modloading-worker-0/INFO]: Advanced Wall Climber API initialized!
[18:53:51] [modloading-worker-0/INFO]: Mixing client.MixinClientConnection from mixins/forge/nochatreports-forge.mixins.json into net.minecraft.network.Connection
[18:53:51] [modloading-worker-0/INFO]: Initializing platform helper for Advanced Netherite!
[18:53:51] [modloading-worker-0/INFO]: Loading Noisium.
[18:53:51] [modloading-worker-0/INFO]: Constructing common components for easyshulkerboxes:main
[18:53:51] [modloading-worker-0/INFO]: Mixing server.MixinPlayerList from mixins/common/nochatreports.mixins.json into net.minecraft.server.players.PlayerList
[18:53:52] [modloading-worker-0/INFO]: Constructing client components for easyshulkerboxes:main
[18:53:52] [modloading-worker-0/INFO]: Constructing common components for puzzlesapi:iteminteractions
[18:53:52] [modloading-worker-0/INFO]: Constructing client components for puzzlesapi:iteminteractions
[18:53:52] [modloading-worker-0/INFO]: Constructing common components for puzzlesapi:slotcycling
[18:53:52] [modloading-worker-0/INFO]: Constructing client components for puzzlesapi:slotcycling
[18:53:52] [modloading-worker-0/INFO]: Constructing common components for puzzlesapi:limitlesscontainers
[18:53:53] [modloading-worker-0/INFO]: Constructing common components for puzzlesapi:statues
[18:53:53] [modloading-worker-0/INFO]: Constructing client components for puzzlesapi:statues
[18:53:53] [modloading-worker-0/ERROR]: 'DebugMode' is not a valid config key for config category 'debug'.
Valid keys: [debugIngredientsEnabled, debugGuis, debugInputs, debugInfoTooltipsEnabled, logSuffixTreeStats]
Skipping this key.
Config file: C:\Users\rodri\AppData\Roaming\ModrinthApp\profiles\OV_GAME\config\jei\jei-debug.ini
Line #5: "	DebugMode = false"
[18:53:53] [modloading-worker-0/ERROR]: 'DebugGuis' is not a valid config key for config category 'debug'.
Valid keys: [debugIngredientsEnabled, debugGuis, debugInputs, debugInfoTooltipsEnabled, logSuffixTreeStats]
Skipping this key.
Config file: C:\Users\rodri\AppData\Roaming\ModrinthApp\profiles\OV_GAME\config\jei\jei-debug.ini
Line #10: "	DebugGuis = false"
[18:53:53] [modloading-worker-0/ERROR]: 'DebugInputs' is not a valid config key for config category 'debug'.
Valid keys: [debugIngredientsEnabled, debugGuis, debugInputs, debugInfoTooltipsEnabled, logSuffixTreeStats]
Skipping this key.
Config file: C:\Users\rodri\AppData\Roaming\ModrinthApp\profiles\OV_GAME\config\jei\jei-debug.ini
Line #15: "	DebugInputs = false"
[18:53:53] [modloading-worker-0/ERROR]: 'CrashingTestItemsEnabled' is not a valid config key for config category 'debug'.
Valid keys: [debugIngredientsEnabled, debugGuis, debugInputs, debugInfoTooltipsEnabled, logSuffixTreeStats]
Skipping this key.
Config file: C:\Users\rodri\AppData\Roaming\ModrinthApp\profiles\OV_GAME\config\jei\jei-debug.ini
Line #25: "	CrashingTestItemsEnabled = false"
[18:53:53] [modloading-worker-0/ERROR]: '[modname]' is not a valid category name.
Valid names are: [modName]
Skipping all values until the first valid category is declared.
Config file: C:\Users\rodri\AppData\Roaming\ModrinthApp\profiles\OV_GAME\config\jei\jei-mod-id-format.ini
Line #1: "[modname]"
[18:53:53] [modloading-worker-0/ERROR]: Expected a '[category]' here.
Configs must start with a category before defining values.
Skipping all lines until the first valid category is declared.
Config file: C:\Users\rodri\AppData\Roaming\ModrinthApp\profiles\OV_GAME\config\jei\jei-mod-id-format.ini
Line #9: "	ModNameFormat = blue italic"
[18:53:53] [modloading-worker-0/INFO]: Initialize mod Library Ferret
[18:53:53] [modloading-worker-0/INFO]: Initialized mod Library Ferret
[18:53:53] [modloading-worker-0/ERROR]: 'SearchColors' is not a valid config key for config category 'colors'.
Valid keys: [searchColors]
Skipping this key.
Config file: C:\Users\rodri\AppData\Roaming\ModrinthApp\profiles\OV_GAME\config\jei\jei-colors.ini
Line #6: "	SearchColors = White:EEEEEE, LightBlue:7492CC, Cyan:00EEEE, Blue:2222DD, LapisBlue:25418B, Teal:008080, Yellow:CACB58, GoldenYellow:EED700, Orange:D97634, Pink:D1899D, HotPink:FC0FC0, Magenta:B24BBB, Purple:813EB9, EvilPurple:2E1649, Lavender:B57EDC, Indigo:480082, Sand:DBD3A0, Tan:BB9B63, LightBrown:A0522D, Brown:634B33, DarkBrown:3A2D13, LimeGreen:43B239, SlimeGreen:83CB73, Green:008000, DarkGreen:224D22, GrassGreen:548049, Red:963430, BrickRed:B0604B, NetherBrick:2A1516, Redstone:CE3E36, Black:181515, CharcoalGray:464646, IronGray:646464, Gray:808080, Silver:C0C0C0"
[18:53:53] [modloading-worker-0/INFO]: [Indigo] Registering Indigo renderer!
[18:53:53] [modloading-worker-0/ERROR]: 'CenterSearch' is not a valid config key for config category 'appearance'.
Valid keys: [centerSearch, recipeGuiHeight, toastReflowEnabled]
Skipping this key.
Config file: C:\Users\rodri\AppData\Roaming\ModrinthApp\profiles\OV_GAME\config\jei\jei-client.ini
Line #5: "	CenterSearch = false"
[18:53:53] [modloading-worker-0/ERROR]: 'RecipeGuiHeight' is not a valid config key for config category 'appearance'.
Valid keys: [centerSearch, recipeGuiHeight, toastReflowEnabled]
Skipping this key.
Config file: C:\Users\rodri\AppData\Roaming\ModrinthApp\profiles\OV_GAME\config\jei\jei-client.ini
Line #10: "	RecipeGuiHeight = 350"
[18:53:53] [modloading-worker-0/ERROR]: '[cheat_mode]' is not a valid category name.
Valid names are: [appearance, cheating, bookmarks, tooltips, performance, lookups, lookupHistory, advanced, input, sorting, search, ingredientList, bookmarkList]
Skipping all values until the first valid category is declared.
Config file: C:\Users\rodri\AppData\Roaming\ModrinthApp\profiles\OV_GAME\config\jei\jei-client.ini
Line #13: "[cheat_mode]"
[18:53:53] [modloading-worker-0/ERROR]: Expected a '[category]' here.
Configs must start with a category before defining values.
Skipping all lines until the first valid category is declared.
Config file: C:\Users\rodri\AppData\Roaming\ModrinthApp\profiles\OV_GAME\config\jei\jei-client.ini
Line #17: "	GiveMode = MOUSE_PICKUP"
[18:53:53] [modloading-worker-0/ERROR]: Expected a '[category]' here.
Configs must start with a category before defining values.
Skipping all lines until the first valid category is declared.
Config file: C:\Users\rodri\AppData\Roaming\ModrinthApp\profiles\OV_GAME\config\jei\jei-client.ini
Line #22: "	CheatToHotbarUsingHotkeysEnabled = false"
[18:53:53] [modloading-worker-0/ERROR]: Expected a '[category]' here.
Configs must start with a category before defining values.
Skipping all lines until the first valid category is declared.
Config file: C:\Users\rodri\AppData\Roaming\ModrinthApp\profiles\OV_GAME\config\jei\jei-client.ini
Line #27: "	ShowHiddenItems = false"
[18:53:53] [modloading-worker-0/ERROR]: 'AddBookmarksToFrontEnabled' is not a valid config key for config category 'bookmarks'.
Valid keys: [addBookmarksToFrontEnabled, bookmarkOutputAsRecipe, dragToRearrangeBookmarksEnabled]
Skipping this key.
Config file: C:\Users\rodri\AppData\Roaming\ModrinthApp\profiles\OV_GAME\config\jei\jei-client.ini
Line #34: "	AddBookmarksToFrontEnabled = false"
[18:53:53] [modloading-worker-0/ERROR]: 'BookmarkTooltipFeatures' is not a valid config key for config category 'bookmarks'.
Valid keys: [addBookmarksToFrontEnabled, bookmarkOutputAsRecipe, dragToRearrangeBookmarksEnabled]
Skipping this key.
Config file: C:\Users\rodri\AppData\Roaming\ModrinthApp\profiles\OV_GAME\config\jei\jei-client.ini
Line #40: "	BookmarkTooltipFeatures = PREVIEW"
[18:53:53] [modloading-worker-0/ERROR]: 'HoldShiftToShowBookmarkTooltipFeatures' is not a valid config key for config category 'bookmarks'.
Valid keys: [addBookmarksToFrontEnabled, bookmarkOutputAsRecipe, dragToRearrangeBookmarksEnabled]
Skipping this key.
Config file: C:\Users\rodri\AppData\Roaming\ModrinthApp\profiles\OV_GAME\config\jei\jei-client.ini
Line #45: "	HoldShiftToShowBookmarkTooltipFeatures = true"
[18:53:53] [modloading-worker-0/ERROR]: 'DragToRearrangeBookmarksEnabled' is not a valid config key for config category 'bookmarks'.
Valid keys: [addBookmarksToFrontEnabled, bookmarkOutputAsRecipe, dragToRearrangeBookmarksEnabled]
Skipping this key.
Config file: C:\Users\rodri\AppData\Roaming\ModrinthApp\profiles\OV_GAME\config\jei\jei-client.ini
Line #50: "	DragToRearrangeBookmarksEnabled = true"
[18:53:53] [modloading-worker-0/ERROR]: 'Enabled' is not a valid config key for config category 'lookupHistory'.
Valid keys: [enabled, maxRows, maxIngredients, displaySide]
Skipping this key.
Config file: C:\Users\rodri\AppData\Roaming\ModrinthApp\profiles\OV_GAME\config\jei\jei-client.ini
Line #57: "	Enabled = false"
[18:53:53] [modloading-worker-0/ERROR]: 'MaxRows' is not a valid config key for config category 'lookupHistory'.
Valid keys: [enabled, maxRows, maxIngredients, displaySide]
Skipping this key.
Config file: C:\Users\rodri\AppData\Roaming\ModrinthApp\profiles\OV_GAME\config\jei\jei-client.ini
Line #62: "	MaxRows = 2"
[18:53:53] [modloading-worker-0/ERROR]: 'MaxIngredients' is not a valid config key for config category 'lookupHistory'.
Valid keys: [enabled, maxRows, maxIngredients, displaySide]
Skipping this key.
Config file: C:\Users\rodri\AppData\Roaming\ModrinthApp\profiles\OV_GAME\config\jei\jei-client.ini
Line #67: "	MaxIngredients = 100"
[18:53:53] [modloading-worker-0/ERROR]: 'DisplaySide' is not a valid config key for config category 'lookupHistory'.
Valid keys: [enabled, maxRows, maxIngredients, displaySide]
Skipping this key.
Config file: C:\Users\rodri\AppData\Roaming\ModrinthApp\profiles\OV_GAME\config\jei\jei-client.ini
Line #72: "	DisplaySide = LEFT"
[18:53:53] [modloading-worker-0/ERROR]: 'LowMemorySlowSearchEnabled' is not a valid config key for config category 'advanced'.
Valid keys: [catchRenderErrorsEnabled, recipeSyncWarningEnabled]
Skipping this key.
Config file: C:\Users\rodri\AppData\Roaming\ModrinthApp\profiles\OV_GAME\config\jei\jei-client.ini
Line #79: "	LowMemorySlowSearchEnabled = false"
[18:53:53] [modloading-worker-0/ERROR]: 'CatchRenderErrorsEnabled' is not a valid config key for config category 'advanced'.
Valid keys: [catchRenderErrorsEnabled, recipeSyncWarningEnabled]
Skipping this key.
Config file: C:\Users\rodri\AppData\Roaming\ModrinthApp\profiles\OV_GAME\config\jei\jei-client.ini
Line #84: "	CatchRenderErrorsEnabled = true"
[18:53:53] [modloading-worker-0/ERROR]: 'lookupFluidContentsEnabled' is not a valid config key for config category 'advanced'.
Valid keys: [catchRenderErrorsEnabled, recipeSyncWarningEnabled]
Skipping this key.
Config file: C:\Users\rodri\AppData\Roaming\ModrinthApp\profiles\OV_GAME\config\jei\jei-client.ini
Line #89: "	lookupFluidContentsEnabled = false"
[18:53:53] [modloading-worker-0/ERROR]: 'lookupBlockTagsEnabled' is not a valid config key for config category 'advanced'.
Valid keys: [catchRenderErrorsEnabled, recipeSyncWarningEnabled]
Skipping this key.
Config file: C:\Users\rodri\AppData\Roaming\ModrinthApp\profiles\OV_GAME\config\jei\jei-client.ini
Line #94: "	lookupBlockTagsEnabled = true"
[18:53:53] [modloading-worker-0/ERROR]: 'showTagRecipesEnabled' is not a valid config key for config category 'advanced'.
Valid keys: [catchRenderErrorsEnabled, recipeSyncWarningEnabled]
Skipping this key.
Config file: C:\Users\rodri\AppData\Roaming\ModrinthApp\profiles\OV_GAME\config\jei\jei-client.ini
Line #99: "	showTagRecipesEnabled = false"
[18:53:53] [modloading-worker-0/ERROR]: 'showCreativeTabNamesEnabled' is not a valid config key for config category 'advanced'.
Valid keys: [catchRenderErrorsEnabled, recipeSyncWarningEnabled]
Skipping this key.
Config file: C:\Users\rodri\AppData\Roaming\ModrinthApp\profiles\OV_GAME\config\jei\jei-client.ini
Line #104: "	showCreativeTabNamesEnabled = false"
[18:53:53] [modloading-worker-0/ERROR]: 'IngredientSortStages' is not a valid config key for config category 'sorting'.
Valid keys: [ingredientSortStages, recipeSorterStages]
Skipping this key.
Config file: C:\Users\rodri\AppData\Roaming\ModrinthApp\profiles\OV_GAME\config\jei\jei-client.ini
Line #124: "	IngredientSortStages = MOD_NAME, INGREDIENT_TYPE, CREATIVE_MENU"
[18:53:53] [modloading-worker-0/ERROR]: 'RecipeSorterStages' is not a valid config key for config category 'sorting'.
Valid keys: [ingredientSortStages, recipeSorterStages]
Skipping this key.
Config file: C:\Users\rodri\AppData\Roaming\ModrinthApp\profiles\OV_GAME\config\jei\jei-client.ini
Line #130: "	RecipeSorterStages = BOOKMARKED, CRAFTABLE"
[18:53:53] [modloading-worker-0/ERROR]: '[tags]' is not a valid category name.
Valid names are: [appearance, cheating, bookmarks, tooltips, performance, lookups, lookupHistory, advanced, input, sorting, search, ingredientList, bookmarkList]
Skipping all values until the first valid category is declared.
Config file: C:\Users\rodri\AppData\Roaming\ModrinthApp\profiles\OV_GAME\config\jei\jei-client.ini
Line #133: "[tags]"
[18:53:53] [modloading-worker-0/ERROR]: Expected a '[category]' here.
Configs must start with a category before defining values.
Skipping all lines until the first valid category is declared.
Config file: C:\Users\rodri\AppData\Roaming\ModrinthApp\profiles\OV_GAME\config\jei\jei-client.ini
Line #137: "	TagContentTooltipEnabled = true"
[18:53:53] [modloading-worker-0/ERROR]: Expected a '[category]' here.
Configs must start with a category before defining values.
Skipping all lines until the first valid category is declared.
Config file: C:\Users\rodri\AppData\Roaming\ModrinthApp\profiles\OV_GAME\config\jei\jei-client.ini
Line #142: "	HideSingleIngredientTagsEnabled = true"
[18:53:53] [modloading-worker-0/ERROR]: 'ModNameSearchMode' is not a valid config key for config category 'search'.
Valid keys: [modNameSearchMode, tagSearchMode, tooltipSearchMode, colorSearchMode, resourceLocationSearchMode, creativeTabSearchMode, searchAdvancedTooltips, searchModIds, searchModAliases, searchShortModNames, searchIngredientAliases]
Skipping this key.
Config file: C:\Users\rodri\AppData\Roaming\ModrinthApp\profiles\OV_GAME\config\jei\jei-client.ini
Line #149: "	ModNameSearchMode = REQUIRE_PREFIX"
[18:53:53] [modloading-worker-0/ERROR]: 'TooltipSearchMode' is not a valid config key for config category 'search'.
Valid keys: [modNameSearchMode, tagSearchMode, tooltipSearchMode, colorSearchMode, resourceLocationSearchMode, creativeTabSearchMode, searchAdvancedTooltips, searchModIds, searchModAliases, searchShortModNames, searchIngredientAliases]
Skipping this key.
Config file: C:\Users\rodri\AppData\Roaming\ModrinthApp\profiles\OV_GAME\config\jei\jei-client.ini
Line #154: "	TooltipSearchMode = ENABLED"
[18:53:53] [modloading-worker-0/ERROR]: 'TagSearchMode' is not a valid config key for config category 'search'.
Valid keys: [modNameSearchMode, tagSearchMode, tooltipSearchMode, colorSearchMode, resourceLocationSearchMode, creativeTabSearchMode, searchAdvancedTooltips, searchModIds, searchModAliases, searchShortModNames, searchIngredientAliases]
Skipping this key.
Config file: C:\Users\rodri\AppData\Roaming\ModrinthApp\profiles\OV_GAME\config\jei\jei-client.ini
Line #159: "	TagSearchMode = REQUIRE_PREFIX"
[18:53:53] [modloading-worker-0/ERROR]: 'ColorSearchMode' is not a valid config key for config category 'search'.
Valid keys: [modNameSearchMode, tagSearchMode, tooltipSearchMode, colorSearchMode, resourceLocationSearchMode, creativeTabSearchMode, searchAdvancedTooltips, searchModIds, searchModAliases, searchShortModNames, searchIngredientAliases]
Skipping this key.
Config file: C:\Users\rodri\AppData\Roaming\ModrinthApp\profiles\OV_GAME\config\jei\jei-client.ini
Line #164: "	ColorSearchMode = DISABLED"
[18:53:53] [modloading-worker-0/ERROR]: 'ResourceLocationSearchMode' is not a valid config key for config category 'search'.
Valid keys: [modNameSearchMode, tagSearchMode, tooltipSearchMode, colorSearchMode, resourceLocationSearchMode, creativeTabSearchMode, searchAdvancedTooltips, searchModIds, searchModAliases, searchShortModNames, searchIngredientAliases]
Skipping this key.
Config file: C:\Users\rodri\AppData\Roaming\ModrinthApp\profiles\OV_GAME\config\jei\jei-client.ini
Line #169: "	ResourceLocationSearchMode = DISABLED"
[18:53:53] [modloading-worker-0/ERROR]: 'CreativeTabSearchMode' is not a valid config key for config category 'search'.
Valid keys: [modNameSearchMode, tagSearchMode, tooltipSearchMode, colorSearchMode, resourceLocationSearchMode, creativeTabSearchMode, searchAdvancedTooltips, searchModIds, searchModAliases, searchShortModNames, searchIngredientAliases]
Skipping this key.
Config file: C:\Users\rodri\AppData\Roaming\ModrinthApp\profiles\OV_GAME\config\jei\jei-client.ini
Line #174: "	CreativeTabSearchMode = DISABLED"
[18:53:53] [modloading-worker-0/ERROR]: 'SearchAdvancedTooltips' is not a valid config key for config category 'search'.
Valid keys: [modNameSearchMode, tagSearchMode, tooltipSearchMode, colorSearchMode, resourceLocationSearchMode, creativeTabSearchMode, searchAdvancedTooltips, searchModIds, searchModAliases, searchShortModNames, searchIngredientAliases]
Skipping this key.
Config file: C:\Users\rodri\AppData\Roaming\ModrinthApp\profiles\OV_GAME\config\jei\jei-client.ini
Line #179: "	SearchAdvancedTooltips = false"
[18:53:53] [modloading-worker-0/ERROR]: 'SearchModIds' is not a valid config key for config category 'search'.
Valid keys: [modNameSearchMode, tagSearchMode, tooltipSearchMode, colorSearchMode, resourceLocationSearchMode, creativeTabSearchMode, searchAdvancedTooltips, searchModIds, searchModAliases, searchShortModNames, searchIngredientAliases]
Skipping this key.
Config file: C:\Users\rodri\AppData\Roaming\ModrinthApp\profiles\OV_GAME\config\jei\jei-client.ini
Line #184: "	SearchModIds = true"
[18:53:53] [modloading-worker-0/ERROR]: 'SearchShortModNames' is not a valid config key for config category 'search'.
Valid keys: [modNameSearchMode, tagSearchMode, tooltipSearchMode, colorSearchMode, resourceLocationSearchMode, creativeTabSearchMode, searchAdvancedTooltips, searchModIds, searchModAliases, searchShortModNames, searchIngredientAliases]
Skipping this key.
Config file: C:\Users\rodri\AppData\Roaming\ModrinthApp\profiles\OV_GAME\config\jei\jei-client.ini
Line #189: "	SearchShortModNames = true"
[18:53:53] [modloading-worker-0/ERROR]: 'SearchIngredientAliases' is not a valid config key for config category 'search'.
Valid keys: [modNameSearchMode, tagSearchMode, tooltipSearchMode, colorSearchMode, resourceLocationSearchMode, creativeTabSearchMode, searchAdvancedTooltips, searchModIds, searchModAliases, searchShortModNames, searchIngredientAliases]
Skipping this key.
Config file: C:\Users\rodri\AppData\Roaming\ModrinthApp\profiles\OV_GAME\config\jei\jei-client.ini
Line #194: "	SearchIngredientAliases = true"
[18:53:53] [modloading-worker-0/INFO]: [com.tiviacz.travelersbackpack.TravelersBackpack:readOldCommonConfig:182]: curiosIntegration not found in the [common.backpackSettings] section.
[18:53:53] [modloading-worker-0/ERROR]: '[IngredientList]' is not a valid category name.
Valid names are: [appearance, cheating, bookmarks, tooltips, performance, lookups, lookupHistory, advanced, input, sorting, search, ingredientList, bookmarkList]
Skipping all values until the first valid category is declared.
Config file: C:\Users\rodri\AppData\Roaming\ModrinthApp\profiles\OV_GAME\config\jei\jei-client.ini
Line #197: "[IngredientList]"
[18:53:53] [modloading-worker-0/ERROR]: Expected a '[category]' here.
Configs must start with a category before defining values.
Skipping all lines until the first valid category is declared.
Config file: C:\Users\rodri\AppData\Roaming\ModrinthApp\profiles\OV_GAME\config\jei\jei-client.ini
Line #201: "	MaxRows = 16"
[18:53:53] [modloading-worker-0/ERROR]: Expected a '[category]' here.
Configs must start with a category before defining values.
Skipping all lines until the first valid category is declared.
Config file: C:\Users\rodri\AppData\Roaming\ModrinthApp\profiles\OV_GAME\config\jei\jei-client.ini
Line #206: "	MaxColumns = 9"
[18:53:53] [modloading-worker-0/ERROR]: Expected a '[category]' here.
Configs must start with a category before defining values.
Skipping all lines until the first valid category is declared.
Config file: C:\Users\rodri\AppData\Roaming\ModrinthApp\profiles\OV_GAME\config\jei\jei-client.ini
Line #211: "	HorizontalAlignment = RIGHT"
[18:53:53] [modloading-worker-0/ERROR]: Expected a '[category]' here.
Configs must start with a category before defining values.
Skipping all lines until the first valid category is declared.
Config file: C:\Users\rodri\AppData\Roaming\ModrinthApp\profiles\OV_GAME\config\jei\jei-client.ini
Line #216: "	VerticalAlignment = TOP"
[18:53:53] [modloading-worker-0/ERROR]: Expected a '[category]' here.
Configs must start with a category before defining values.
Skipping all lines until the first valid category is declared.
Config file: C:\Users\rodri\AppData\Roaming\ModrinthApp\profiles\OV_GAME\config\jei\jei-client.ini
Line #221: "	ButtonNavigationVisibility = ENABLED"
[18:53:53] [modloading-worker-0/ERROR]: Expected a '[category]' here.
Configs must start with a category before defining values.
Skipping all lines until the first valid category is declared.
Config file: C:\Users\rodri\AppData\Roaming\ModrinthApp\profiles\OV_GAME\config\jei\jei-client.ini
Line #226: "	DrawBackground = false"
[18:53:53] [modloading-worker-0/ERROR]: '[BookmarkList]' is not a valid category name.
Valid names are: [appearance, cheating, bookmarks, tooltips, performance, lookups, lookupHistory, advanced, input, sorting, search, ingredientList, bookmarkList]
Skipping all values until the first valid category is declared.
Config file: C:\Users\rodri\AppData\Roaming\ModrinthApp\profiles\OV_GAME\config\jei\jei-client.ini
Line #229: "[BookmarkList]"
[18:53:53] [modloading-worker-0/ERROR]: Expected a '[category]' here.
Configs must start with a category before defining values.
Skipping all lines until the first valid category is declared.
Config file: C:\Users\rodri\AppData\Roaming\ModrinthApp\profiles\OV_GAME\config\jei\jei-client.ini
Line #233: "	MaxRows = 16"
[18:53:53] [modloading-worker-0/ERROR]: Expected a '[category]' here.
Configs must start with a category before defining values.
Skipping all lines until the first valid category is declared.
Config file: C:\Users\rodri\AppData\Roaming\ModrinthApp\profiles\OV_GAME\config\jei\jei-client.ini
Line #238: "	MaxColumns = 9"
[18:53:53] [modloading-worker-0/ERROR]: Expected a '[category]' here.
Configs must start with a category before defining values.
Skipping all lines until the first valid category is declared.
Config file: C:\Users\rodri\AppData\Roaming\ModrinthApp\profiles\OV_GAME\config\jei\jei-client.ini
Line #243: "	HorizontalAlignment = LEFT"
[18:53:53] [modloading-worker-0/ERROR]: Expected a '[category]' here.
Configs must start with a category before defining values.
Skipping all lines until the first valid category is declared.
Config file: C:\Users\rodri\AppData\Roaming\ModrinthApp\profiles\OV_GAME\config\jei\jei-client.ini
Line #248: "	VerticalAlignment = TOP"
[18:53:53] [modloading-worker-0/ERROR]: Expected a '[category]' here.
Configs must start with a category before defining values.
Skipping all lines until the first valid category is declared.
Config file: C:\Users\rodri\AppData\Roaming\ModrinthApp\profiles\OV_GAME\config\jei\jei-client.ini
Line #253: "	ButtonNavigationVisibility = ENABLED"
[18:53:53] [modloading-worker-0/ERROR]: Expected a '[category]' here.
Configs must start with a category before defining values.
Skipping all lines until the first valid category is declared.
Config file: C:\Users\rodri\AppData\Roaming\ModrinthApp\profiles\OV_GAME\config\jei\jei-client.ini
Line #258: "	DrawBackground = false"
[18:53:53] [modloading-worker-0/INFO]: Sending ConfigManager...
[18:53:53] [modloading-worker-0/INFO]: Sending ConfigManager took 30.46 milliseconds
[18:53:54] [modloading-worker-0/INFO]: Forge mod loading, version 47.4.18, for MC 1.20.1 with MCP 20230612.114412
[18:53:54] [modloading-worker-0/INFO]: MinecraftForge v47.4.18 Initialized
[18:53:54] [modloading-worker-0/INFO]: KONNICHIWA ZA WARUDO!
[18:53:54] [modloading-worker-0/INFO]: Default JVM text encoding is: windows-1252
[18:53:54] [modloading-worker-0/INFO]: Reading config file NoChatReports/NCR-Common.json...
[18:53:54] [modloading-worker-0/INFO]: Reading config file NoChatReports/NCR-Client.json...
[18:53:54] [modloading-worker-0/INFO]: Reading config file NoChatReports/NCR-ServerPreferences.json...
[18:53:54] [modloading-worker-0/INFO]: Reading config file NoChatReports/NCR-Encryption.json...
[18:53:55] [modloading-worker-0/INFO]: Writing config file NoChatReports/NCR-Common.json...
[18:53:55] [modloading-worker-0/INFO]: Writing config file NoChatReports/NCR-Client.json...
[18:53:55] [modloading-worker-0/INFO]: Writing config file NoChatReports/NCR-ServerPreferences.json...
[18:53:55] [modloading-worker-0/INFO]: Writing config file NoChatReports/NCR-Encryption.json...
[18:53:55] [modloading-worker-0/INFO]: Client initialization...
[18:53:55] [modloading-worker-0/INFO]: [SPIFFY HUD] Loading v3.1.2 in client-side mode on FORGE!
[18:53:55] [modloading-worker-0/INFO]: Discovering Plugins
[18:53:55] [modloading-worker-0/INFO]: Discovered 1 plugins
[18:53:55] [modloading-worker-0/INFO]: Loading Client Plugins
[18:53:55] [modloading-worker-0/INFO]: Loaded Client Plugins
[18:53:56] [modloading-worker-0/INFO]: fancymenu.mixins.json:client.IMixinRealmsNotificationsScreen from mod fancymenu->@Accessor[FIELD_GETTER]::get_trialAvailable_FancyMenu()Z should be static as its target is
[18:53:56] [modloading-worker-0/INFO]: fancymenu.mixins.json:client.IMixinRealmsNotificationsScreen from mod fancymenu->@Accessor[FIELD_GETTER]::get_hasUnreadNews_FancyMenu()Z should be static as its target is
[18:53:56] [modloading-worker-0/INFO]: fancymenu.mixins.json:client.IMixinRealmsNotificationsScreen from mod fancymenu->@Accessor[FIELD_GETTER]::get_hasUnseenNotifications()Z should be static as its target is
[18:53:56] [modloading-worker-0/INFO]: fancymenu.mixins.json:client.IMixinRealmsNotificationsScreen from mod fancymenu->@Accessor[FIELD_GETTER]::get_validClient_FancyMenu()Z should be static as its target is
[18:53:56] [modloading-worker-0/INFO]: Xaero's Minimap: World Map found!
[18:53:56] [modloading-worker-0/INFO]: No Optifine!
[18:53:56] [modloading-worker-0/INFO]: Xaero's Minimap: No Vivecraft!
[18:53:56] [modloading-worker-0/INFO]: Xaero's Minimap: Iris found!
[18:53:56] [modloading-worker-0/INFO]: Xaero's Minimap: Waystones found!
[18:53:56] [modloading-worker-0/INFO]: Mixing client.MixinChatOptionsScreen from mixins/common/nochatreports.mixins.json into net.minecraft.client.gui.screens.ChatOptionsScreen
[18:53:56] [modloading-worker-0/INFO]: Renaming synthetic method lambda$init$0(Lnet/minecraft/client/gui/components/AbstractWidget;)V to mda45d3f$nochatreports$lambda$init$0$0 in mixins/common/nochatreports.mixins.json:client.MixinChatOptionsScreen from mod nochatreports
[18:53:56] [modloading-worker-0/INFO]: Mixing client.MixinConnectScreen from mixins/common/nochatreports.mixins.json into net.minecraft.client.gui.screens.ConnectScreen
[18:53:56] [modloading-worker-0/INFO]: Registering common data for channel xaerominimap:main!
[18:53:56] [modloading-worker-0/INFO]: Mixing client.MixinJoinMultiplayerScreen from mixins/common/nochatreports.mixins.json into net.minecraft.client.gui.screens.multiplayer.JoinMultiplayerScreen
[18:53:56] [modloading-worker-0/INFO]: Renaming synthetic method lambda$onInit$2()Lnet/minecraft/network/chat/Component; to mda45d3f$nochatreports$lambda$onInit$2$0 in mixins/common/nochatreports.mixins.json:client.MixinJoinMultiplayerScreen from mod nochatreports
[18:53:56] [modloading-worker-0/INFO]: Renaming synthetic method lambda$onInit$1(Lnet/minecraft/client/gui/components/Button;)V to mda45d3f$nochatreports$lambda$onInit$1$1 in mixins/common/nochatreports.mixins.json:client.MixinJoinMultiplayerScreen from mod nochatreports
[18:53:56] [modloading-worker-0/INFO]: Renaming synthetic method lambda$onInit$0(Lnet/minecraft/client/gui/components/Button;)V to mda45d3f$nochatreports$lambda$onInit$0$2 in mixins/common/nochatreports.mixins.json:client.MixinJoinMultiplayerScreen from mod nochatreports
[18:53:56] [modloading-worker-0/INFO]: [me.katto.catoapi.config.CatoConfig:load:329]: java.lang.UnsupportedOperationException: JsonObject
[18:53:56] [modloading-worker-0/INFO]: [me.katto.catoapi.config.CatoConfig:load:329]: 	at MC-BOOTSTRAP/com.google.gson@2.10/com.google.gson.JsonElement.getAsString(JsonElement.java:187)
[18:53:56] [modloading-worker-0/INFO]: [me.katto.catoapi.config.CatoConfig:load:329]: 	at TRANSFORMER/catoapi@1.5-beta/me.katto.catoapi.config.CatoConfig.updateFieldsFromJson(CatoConfig.java:354)
[18:53:56] [modloading-worker-0/INFO]: [me.katto.catoapi.config.CatoConfig:load:329]: 	at TRANSFORMER/catoapi@1.5-beta/me.katto.catoapi.config.CatoConfig.load(CatoConfig.java:321)
[18:53:56] [modloading-worker-0/INFO]: [me.katto.catoapi.config.CatoConfig:load:329]: 	at TRANSFORMER/catoapi@1.5-beta/me.katto.catoapi.config.CatoConfig.init(CatoConfig.java:280)
[18:53:56] [modloading-worker-0/INFO]: [me.katto.catoapi.config.CatoConfig:load:329]: 	at TRANSFORMER/subtitlemod@1.3.3/me.katto.subtitlemod.Subtitlemod.init(Subtitlemod.java:36)
[18:53:56] [modloading-worker-0/INFO]: [me.katto.catoapi.config.CatoConfig:load:329]: 	at TRANSFORMER/subtitlemod@1.3.3/me.katto.subtitlemod.forge.SubtitlemodForge.<init>(SubtitlemodForge.java:11)
[18:53:56] [modloading-worker-0/INFO]: [me.katto.catoapi.config.CatoConfig:load:329]: 	at java.base/jdk.internal.reflect.NativeConstructorAccessorImpl.newInstance0(Native Method)
[18:53:56] [modloading-worker-0/INFO]: [me.katto.catoapi.config.CatoConfig:load:329]: 	at java.base/jdk.internal.reflect.NativeConstructorAccessorImpl.newInstance(Unknown Source)
[18:53:56] [modloading-worker-0/INFO]: [me.katto.catoapi.config.CatoConfig:load:329]: 	at java.base/jdk.internal.reflect.DelegatingConstructorAccessorImpl.newInstance(Unknown Source)
[18:53:56] [modloading-worker-0/INFO]: [me.katto.catoapi.config.CatoConfig:load:329]: 	at java.base/java.lang.reflect.Constructor.newInstanceWithCaller(Unknown Source)
[18:53:56] [modloading-worker-0/INFO]: [me.katto.catoapi.config.CatoConfig:load:329]: 	at java.base/java.lang.reflect.Constructor.newInstance(Unknown Source)
[18:53:56] [modloading-worker-0/INFO]: [me.katto.catoapi.config.CatoConfig:load:329]: 	at LAYER PLUGIN/javafmllanguage@1.20.1-47.4.18/net.minecraftforge.fml.javafmlmod.FMLModContainer.constructMod(FMLModContainer.java:77)
[18:53:56] [modloading-worker-0/INFO]: [me.katto.catoapi.config.CatoConfig:load:329]: 	at LAYER PLUGIN/fmlcore@1.20.1-47.4.18/net.minecraftforge.fml.ModContainer.lambda$buildTransitionHandler$5(ModContainer.java:126)
[18:53:56] [modloading-worker-0/INFO]: [me.katto.catoapi.config.CatoConfig:load:329]: 	at java.base/java.util.concurrent.CompletableFuture$AsyncRun.run(Unknown Source)
[18:53:56] [modloading-worker-0/INFO]: [me.katto.catoapi.config.CatoConfig:load:329]: 	at java.base/java.util.concurrent.CompletableFuture$AsyncRun.exec(Unknown Source)
[18:53:56] [modloading-worker-0/INFO]: [me.katto.catoapi.config.CatoConfig:load:329]: 	at java.base/java.util.concurrent.ForkJoinTask.doExec(Unknown Source)
[18:53:56] [modloading-worker-0/INFO]: [me.katto.catoapi.config.CatoConfig:load:329]: 	at java.base/java.util.concurrent.ForkJoinPool$WorkQueue.topLevelExec(Unknown Source)
[18:53:56] [modloading-worker-0/INFO]: [me.katto.catoapi.config.CatoConfig:load:329]: 	at java.base/java.util.concurrent.ForkJoinPool.scan(Unknown Source)
[18:53:56] [modloading-worker-0/INFO]: [me.katto.catoapi.config.CatoConfig:load:329]: 	at java.base/java.util.concurrent.ForkJoinPool.runWorker(Unknown Source)
[18:53:56] [modloading-worker-0/INFO]: [me.katto.catoapi.config.CatoConfig:load:329]: 	at java.base/java.util.concurrent.ForkJoinWorkerThread.run(Unknown Source)
[18:53:56] [modloading-worker-0/INFO]: Registering client data for channel xaerominimap:main!
[18:53:56] [modloading-worker-0/INFO]: Loading primary common config for channel xaerominimap:main!
[18:53:57] [modloading-worker-0/INFO]: Loading server config profiles for channel xaerominimap:main!
[18:53:57] [modloading-worker-0/INFO]: Loading primary client config for channel xaerominimap:main!
[18:53:57] [modloading-worker-0/INFO]: Doing super early config setup for zeta
[18:53:57] [modloading-worker-0/INFO]: Loading client config profiles for channel xaerominimap:main!
[18:53:57] [modloading-worker-0/INFO]: Visuality has initialized, have fun with more particles!
[18:53:57] [modloading-worker-0/INFO]: Constructing common components for puzzleslib:main
[18:53:57] [modloading-worker-0/INFO]: Constructing client components for puzzleslib:main
[18:53:57] [modloading-worker-0/INFO]: Constructing common components for illagerinvasion:main
[18:53:57] [modloading-worker-0/INFO]: Found (COMMON) InsaneLib Feature class insane96mcp.insanelib.module.base.FixesFeature
[18:53:57] [modloading-worker-0/INFO]: Constructing client components for illagerinvasion:main
[18:53:57] [modloading-worker-0/INFO]: Found (COMMON) InsaneLib Feature class insane96mcp.insanelib.module.base.TagsFeature
[18:53:57] [modloading-worker-0/INFO]: Found (COMMON) InsaneLib Feature class insane96mcp.insanelib.module.base.TimeStopNoPlayerOnline
[18:53:57] [modloading-worker-0/INFO]: Registering common data for channel xaeroworldmap:main!
[18:53:57] [modloading-worker-0/INFO]: Registering client data for channel xaeroworldmap:main!
[18:53:57] [modloading-worker-0/INFO]: Found (COMMON) InsaneLib Feature class insane96mcp.insanelib.module.base.betterfallingblocks.BetterFallingBlocks
[18:53:58] [modloading-worker-0/INFO]: Loading primary common config for channel xaeroworldmap:main!
[18:53:58] [modloading-worker-0/INFO]: Loading server config profiles for channel xaeroworldmap:main!
[18:53:58] [modloading-worker-0/INFO]: Loading primary client config for channel xaeroworldmap:main!
[18:53:58] [modloading-worker-0/INFO]: Loading client config profiles for channel xaeroworldmap:main!
[18:53:58] [modloading-worker-0/INFO]: Fixing MC-151457. Crafting remainder for minecraft:pufferfish_bucket is now minecraft:bucket.
[18:53:58] [modloading-worker-0/INFO]: Fixing MC-151457. Crafting remainder for minecraft:salmon_bucket is now minecraft:bucket.
[18:53:58] [modloading-worker-0/INFO]: Fixing MC-151457. Crafting remainder for minecraft:cod_bucket is now minecraft:bucket.
[18:53:58] [modloading-worker-0/INFO]: Fixing MC-151457. Crafting remainder for minecraft:tropical_fish_bucket is now minecraft:bucket.
[18:53:58] [modloading-worker-0/INFO]: Fixing MC-151457. Crafting remainder for minecraft:axolotl_bucket is now minecraft:bucket.
[18:53:58] [modloading-worker-0/INFO]: Fixing MC-151457. Crafting remainder for minecraft:powder_snow_bucket is now minecraft:bucket.
[18:53:58] [modloading-worker-0/INFO]: Fixing MC-151457. Crafting remainder for minecraft:tadpole_bucket is now minecraft:bucket.
[18:53:58] [modloading-worker-0/INFO]: Found (COMMON) InsaneLib Feature class insane96mcp.progressivebosses.module.dragon.DragonFeature
[18:53:58] [modloading-worker-0/INFO]: [MELODY] Loading Melody background audio library..
[18:53:58] [modloading-worker-0/INFO]: Found (COMMON) InsaneLib Feature class insane96mcp.progressivebosses.module.elderguardian.ElderGuardianFeature
[18:53:58] [modloading-worker-0/INFO]: Found (COMMON) InsaneLib Feature class insane96mcp.progressivebosses.module.wither.WitherFeature
[18:53:58] [modloading-worker-0/INFO]: [KONKRETE] Successfully initialized!
[18:53:58] [modloading-worker-0/INFO]: [KONKRETE] Server-side libs ready to use!
[18:53:58] [modloading-worker-0/INFO]: [ETF]: Modifying ETF Render State constructor because: for EMF
[18:53:58] [modloading-worker-0/INFO]: Loading Entity Model Features, did you know if you turn off the lights and whisper 'OptiFine' 3 times you will lose 20fps.
[18:53:58] [modloading-worker-0/INFO]: Loading Entity Texture Features, 0% Opti, 100% Fine.
[18:53:59] [modloading-worker-0/INFO]: [ETF]: 6 new ETF Random Properties registered by entity_model_features
[18:53:59] [modloading-worker-0/INFO]: Preparing 'WATERMeDIA' on 'Forge'
[18:53:59] [modloading-worker-0/INFO]: WaterMedia version '2.1.37'
[18:53:59] [modloading-worker-0/INFO]: OS Detected: Windows 10 (x86-64)
[18:53:59] [modloading-worker-0/INFO]: Runtime memory Usage: 530MB/4992MB
[18:53:59] [modloading-worker-0/INFO]: Starting CacheAPI
[18:53:59] [modloading-worker-0/INFO]: Mounted on path 'C:\Users\rodri\AppData\Local\Temp\watermedia\cache\pictures'
[18:53:59] [modloading-worker-0/INFO]: Module CacheAPI loaded successfully
[18:53:59] [modloading-worker-0/INFO]: Starting PlayerAPI
[18:53:59] [modloading-worker-0/INFO]: Binaries are wrapped
[18:53:59] [modloading-worker-0/WARN]: VLC binaries extraction skipped. Extracted version match with wrapped version
[18:53:59] [modloading-worker-0/INFO]: Mixing client.MixinClientHandshakePacketListenerImpl from mixins/forge/nochatreports-forge.mixins.json into net.minecraft.client.multiplayer.ClientHandshakePacketListenerImpl
[18:53:59] [modloading-worker-0/INFO]: Searching using 'WaterMedia Provider'
[18:53:59] [modloading-worker-0/INFO]: Searching on 'C:\Users\rodri\AppData\Local\Temp\watermedia\videolan'
[18:53:59] [modloading-worker-0/INFO]: Setting plugins path to 'C:\Users\rodri\AppData\Local\Temp\watermedia\videolan\plugins'
[18:53:59] [modloading-worker-0/INFO]: Loaded config for: cupboard.json
[18:53:59] [modloading-worker-0/INFO]: Founded VLC binaries in 'C:\Users\rodri\AppData\Local\Temp\watermedia\videolan' using 'WaterMedia Provider', running test...
[18:54:00] [modloading-worker-0/INFO]: Registering config for trashslot:common (COMMON) with 5 properties.
[18:54:00] [modloading-worker-0/INFO]: Registering S2C receiver with id architectury:sync_ids
[18:54:00] [modloading-worker-0/INFO]: Registering C2S receiver with id architectury:sync_ids
[18:54:00] [modloading-worker-0/INFO]: Registering Oh The Biomes We've Gone items
[18:54:00] [modloading-worker-0/INFO]: Registering common data for channel xaerolib:main!
[18:54:00] [modloading-worker-0/INFO]: Registering client data for channel xaerolib:main!
[18:54:00] [modloading-worker-0/INFO]: Loading primary common config for channel xaerolib:main!
[18:54:00] [modloading-worker-0/INFO]: Loading server config profiles for channel xaerolib:main!
[18:54:00] [modloading-worker-0/INFO]: Registering Oh The Biomes We've Gone Blocks
[18:54:00] [modloading-worker-0/INFO]: Registering Oh The Biomes We've Gone Wood
[18:54:00] [modloading-worker-0/INFO]: Registering Oh The Biomes We've Gone Block Entities
[18:54:00] [modloading-worker-0/INFO]: Registering Oh The Biomes We've Gone Entities
[18:54:00] [modloading-worker-0/INFO]: Registering Oh The Biomes We've Gone Creative Tabs
[18:54:00] [modloading-worker-0/INFO]: Registering Oh The Biomes We've Gone Sounds
[18:54:00] [modloading-worker-0/INFO]: Registering Oh The Biomes We've Gone Block Predicate
[18:54:00] [modloading-worker-0/INFO]: Registering Oh The Biomes We've Gone State Providers
[18:54:00] [modloading-worker-0/INFO]: Registering Oh The Biomes We've Gone Tree Decorators
[18:54:00] [modloading-worker-0/INFO]: Loading primary client config for channel xaerolib:main!
[18:54:00] [modloading-worker-0/INFO]: VLC test instance created successfully
[18:54:00] [modloading-worker-0/INFO]: Successfully loaded VLC 3.0.18 Vetinari in 'C:\Users\rodri\AppData\Local\Temp\watermedia\videolan' using 'WaterMedia Provider'
[18:54:00] [modloading-worker-0/INFO]: Registering Oh The Biomes We've Gone Custom Features
[18:54:00] [modloading-worker-0/INFO]: Registering Oh The Biomes We've Gone Structure Pieces
[18:54:00] [modloading-worker-0/INFO]: Registering Oh The Biomes We've Gone Custom Structure Types
[18:54:00] [modloading-worker-0/INFO]: Registering Oh The Biomes We've Gone Configured Features
[18:54:00] [modloading-worker-0/INFO]: Loading client config profiles for channel xaerolib:main!
[18:54:01] [modloading-worker-0/INFO]: [dev.tr7zw.trender.gui.impl.client.LibGuiClient:onInitializeClient:37]: [TRender] Initializing Client...
[18:54:01] [modloading-worker-0/INFO]: Creating and Registering Overworld Vegetation Configured Features
[18:54:01] [modloading-worker-0/INFO]: Registering config for waystones:common (COMMON) with 46 properties.
[18:54:01] [modloading-worker-0/INFO]: Registering Oh The Biomes We've Gone Tree Configured Features
[18:54:01] [modloading-worker-0/INFO]: Registering C2S receiver with id artifacts:networking_channel/42a7ad70b1cc371599a0eff744096b8a
[18:54:01] [modloading-worker-0/INFO]: Registering S2C receiver with id artifacts:networking_channel/42a7ad70b1cc371599a0eff744096b8a
[18:54:01] [modloading-worker-0/INFO]: Creating and Registering Vanilla Configured Features
[18:54:01] [modloading-worker-0/INFO]: Registering C2S receiver with id artifacts:networking_channel/74a5e841822a3a87854ae896a33430d6
[18:54:01] [modloading-worker-0/INFO]: Registering S2C receiver with id artifacts:networking_channel/74a5e841822a3a87854ae896a33430d6
[18:54:01] [modloading-worker-0/INFO]: Registering C2S receiver with id artifacts:networking_channel/eb3d1e2748533430848cadf0f37c7e9c
[18:54:01] [modloading-worker-0/INFO]: Registering S2C receiver with id artifacts:networking_channel/eb3d1e2748533430848cadf0f37c7e9c
[18:54:01] [modloading-worker-0/INFO]: Registering C2S receiver with id artifacts:networking_channel/91c8520f19f93b3e8b6a727568e194ab
[18:54:01] [modloading-worker-0/INFO]: Registering S2C receiver with id artifacts:networking_channel/91c8520f19f93b3e8b6a727568e194ab
[18:54:01] [modloading-worker-0/INFO]: Registering C2S receiver with id artifacts:networking_channel/8c2784d778293fd482ed84b8aa5fedb9
[18:54:01] [modloading-worker-0/INFO]: Registering S2C receiver with id artifacts:networking_channel/8c2784d778293fd482ed84b8aa5fedb9
[18:54:01] [modloading-worker-0/INFO]: Registering C2S receiver with id artifacts:networking_channel/ea038224ea783d40b2863f52239e2604
[18:54:01] [modloading-worker-0/INFO]: Registering S2C receiver with id artifacts:networking_channel/ea038224ea783d40b2863f52239e2604
[18:54:01] [modloading-worker-0/INFO]: Registering Oh The Biomes You'll Go Overworld Configured Features
[18:54:01] [modloading-worker-0/INFO]: Registering Oh The Biomes We've Gone Placed Features
[18:54:01] [modloading-worker-0/INFO]: Registering C2S receiver with id artifacts:networking_channel/97ad64b7ecaf33209991c4f031501a58
[18:54:01] [modloading-worker-0/INFO]: Registering S2C receiver with id artifacts:networking_channel/97ad64b7ecaf33209991c4f031501a58
[18:54:01] [modloading-worker-0/INFO]: Creating and Registering Overworld Tree Placed Features
[18:54:01] [modloading-worker-0/INFO]: Creating and Registering Overworld Vegetation Placed Features
[18:54:01] [modloading-worker-0/INFO]: Creating and Registering Vanilla Placed Features
[18:54:01] [modloading-worker-0/INFO]: Registering Oh The Biomes We've Gone Custom Surface Rules
[18:54:01] [modloading-worker-0/INFO]: Registering Oh The Biomes We've Gone Template Pools
[18:54:01] [modloading-worker-0/INFO]: Registering Oh The Biome's We've Gone Village Template Pools
[18:54:01] [modloading-worker-0/INFO]: Registering Oh The Biomes We've Gone Poi Types
[18:54:01] [modloading-worker-0/INFO]: Registering Oh The Biomes We've Gone Villager Professions
[18:54:01] [modloading-worker-0/INFO]: Registering Oh The Biomes We've Gone Custom Structure Processors
[18:54:01] [modloading-worker-0/INFO]: Registering Oh The Biomes We've Gone villager types
[18:54:01] [modloading-worker-0/INFO]: Registering Oh The Biomes We've Gone Schedules
[18:54:01] [modloading-worker-0/INFO]: Registering Oh The Biomes We've Gone Memory Module Types
[18:54:01] [modloading-worker-0/INFO]: Registering Oh The Biomes We've Gone Sensor Types
[18:54:02] [modloading-worker-0/INFO]: Iris detected, enabling iris compatibility
[18:54:02] [modloading-worker-0/INFO]: Here we go! Launching Dungeon Crawl 2.3.15...
[18:54:02] [modloading-worker-0/INFO]: I am quite particular about the effects I choose to add :3
[18:54:02] [modloading-worker-0/INFO]: Loaded config file.
[18:54:02] [modloading-worker-0/INFO]: Saved config file.
[18:54:02] [modloading-worker-0/INFO]: Created new VLC instance with ID 'watermedia:default' with args: '[--no-quiet, --cr-average=5000, --swscale-mode=0, --network-synchronisation, --network-caching=1000, --live-caching=1000, --file-caching=1000, --aout, directsound,waveout,mmdevice, --vout, direct3d11,glwin32,gl,any, --avcodec-skip-idct=4, --avcodec-fast, --avcodec-hw, d3d11va,dxva2,any, --no-metadata-network-access, --no-file-logging, --http-reconnect]'
[18:54:02] [modloading-worker-0/INFO]: Created new VLC instance with ID 'watermedia:sound_only' with args: '[--no-quiet, --cr-average=5000, --swscale-mode=0, --network-synchronisation, --network-caching=1000, --live-caching=1000, --file-caching=1000, --aout, directsound,waveout,mmdevice, --vout, direct3d11,glwin32,gl,any, --avcodec-skip-idct=4, --avcodec-fast, --avcodec-hw, d3d11va,dxva2,any, --no-metadata-network-access, --no-file-logging, --http-reconnect, --vout=none]'
[18:54:02] [modloading-worker-0/INFO]: Module PlayerAPI loaded successfully
[18:54:02] [modloading-worker-0/INFO]: Starting ImageAPI
[18:54:02] [modloading-worker-0/INFO]: Loading image resources in a ImageRenderer instance
[18:54:03] [modloading-worker-0/INFO]: Found (COMMON) InsaneLib Feature class insane96mcp.areaeffectcloud3d.AEC3DFeature
[18:54:03] [modloading-worker-0/INFO]: CustomSkyMod client init (Forge)
[18:54:03] [modloading-worker-0/INFO]: Module ImageAPI loaded successfully
[18:54:03] [modloading-worker-0/INFO]: Starting RenderAPI
[18:54:03] [modloading-worker-0/INFO]: Module RenderAPI loaded successfully
[18:54:03] [modloading-worker-0/INFO]: Starting NetworkAPI
[18:54:03] [modloading-worker-0/INFO]: Module NetworkAPI loaded successfully
[18:54:03] [modloading-worker-0/INFO]: Setting up shutdown hook
[18:54:03] [modloading-worker-0/INFO]: Startup finished
[18:54:03] [modloading-worker-0/INFO]: Are you ready for trouble?
[18:54:03] [modloading-worker-0/INFO]: Registering C2S receiver with id magistuarmory:packet_long_reach_attack
[18:54:03] [modloading-worker-0/INFO]: Registering C2S receiver with id magistuarmory:packet_lance_collision
[18:54:03] [modloading-worker-0/INFO]: Registering S2C receiver with id magistuarmory:packet_bc_or_ef_installed
[18:54:03] [modloading-worker-0/INFO]: Constructing Mod: Spartan Shields
[18:54:03] [modloading-worker-0/INFO]: Initializing TerraBlender underground biome compat
[18:54:03] [modloading-worker-0/INFO]: [com.magistuarmory.item.armor.ArmorType:<init>:64]: magistuarmory:minicrown
[18:54:03] [modloading-worker-0/INFO]: [com.magistuarmory.item.armor.ArmorType:<init>:64]: magistuarmory:crown
[18:54:03] [modloading-worker-0/INFO]: [com.magistuarmory.item.armor.ArmorType:<init>:64]: magistuarmory:flowercrown
[18:54:03] [modloading-worker-0/INFO]: [com.magistuarmory.item.armor.ArmorType:<init>:64]: minecraft:default
[18:54:03] [modloading-worker-0/INFO]: [com.magistuarmory.item.armor.ArmorType:<init>:64]: magistuarmory:armet
[18:54:03] [modloading-worker-0/INFO]: [com.magistuarmory.item.armor.ArmorType:<init>:64]: magistuarmory:stechhelm
[18:54:03] [modloading-worker-0/INFO]: [com.magistuarmory.item.armor.ArmorType:<init>:64]: minecraft:default
[18:54:03] [modloading-worker-0/INFO]: [com.magistuarmory.item.armor.ArmorType:<init>:64]: magistuarmory:sallet
[18:54:03] [modloading-worker-0/INFO]: [com.magistuarmory.item.armor.ArmorType:<init>:64]: minecraft:default
[18:54:03] [modloading-worker-0/INFO]: [com.magistuarmory.item.armor.ArmorType:<init>:64]: magistuarmory:maximilian_helmet
[18:54:03] [modloading-worker-0/INFO]: [com.magistuarmory.item.armor.ArmorType:<init>:64]: minecraft:default
[18:54:03] [modloading-worker-0/INFO]: [com.magistuarmory.item.armor.ArmorType:<init>:64]: minecraft:default
[18:54:03] [modloading-worker-0/INFO]: [com.magistuarmory.item.armor.ArmorType:<init>:64]: magistuarmory:kettlehat
[18:54:03] [modloading-worker-0/INFO]: [com.magistuarmory.item.armor.ArmorType:<init>:64]: minecraft:default
[18:54:03] [modloading-worker-0/INFO]: [com.magistuarmory.item.armor.ArmorType:<init>:64]: magistuarmory:barbute
[18:54:03] [modloading-worker-0/INFO]: [com.magistuarmory.item.armor.ArmorType:<init>:64]: minecraft:default
[18:54:03] [modloading-worker-0/INFO]: [com.magistuarmory.item.armor.ArmorType:<init>:64]: magistuarmory:crusader
[18:54:03] [modloading-worker-0/INFO]: [com.magistuarmory.item.armor.ArmorType:<init>:64]: minecraft:default
[18:54:03] [modloading-worker-0/INFO]: [com.magistuarmory.item.armor.ArmorType:<init>:64]: minecraft:default
[18:54:03] [modloading-worker-0/INFO]: [com.magistuarmory.item.armor.ArmorType:<init>:64]: minecraft:default
[18:54:03] [modloading-worker-0/INFO]: [com.magistuarmory.item.armor.ArmorType:<init>:64]: magistuarmory:armet
[18:54:03] [modloading-worker-0/INFO]: [com.magistuarmory.item.armor.ArmorType:<init>:64]: minecraft:default
[18:54:03] [modloading-worker-0/INFO]: [com.magistuarmory.item.armor.ArmorType:<init>:64]: magistuarmory:conic_helmet
[18:54:03] [modloading-worker-0/INFO]: [com.magistuarmory.item.armor.ArmorType:<init>:64]: magistuarmory:conic_helmet
[18:54:03] [modloading-worker-0/INFO]: [com.magistuarmory.item.armor.ArmorType:<init>:64]: magistuarmory:barbute
[18:54:03] [modloading-worker-0/INFO]: [com.magistuarmory.item.armor.ArmorType:<init>:64]: minecraft:default
[18:54:03] [modloading-worker-0/INFO]: [com.magistuarmory.item.armor.ArmorType:<init>:64]: minecraft:default
[18:54:03] [modloading-worker-0/INFO]: [com.magistuarmory.item.armor.ArmorType:<init>:64]: magistuarmory:kettlehat
[18:54:03] [modloading-worker-0/INFO]: [com.magistuarmory.item.armor.ArmorType:<init>:64]: magistuarmory:conic_helmet
[18:54:03] [modloading-worker-0/INFO]: [com.magistuarmory.item.armor.ArmorType:<init>:64]: magistuarmory:crusader
[18:54:03] [modloading-worker-0/INFO]: [com.magistuarmory.item.armor.ArmorType:<init>:64]: minecraft:default
[18:54:03] [modloading-worker-0/INFO]: [com.magistuarmory.item.armor.ArmorType:<init>:64]: magistuarmory:bascinet
[18:54:03] [modloading-worker-0/INFO]: [com.magistuarmory.item.armor.ArmorType:<init>:64]: minecraft:default
[18:54:03] [modloading-worker-0/INFO]: [com.magistuarmory.item.armor.ArmorType:<init>:64]: magistuarmory:wingedhussarchestplate
[18:54:03] [modloading-worker-0/INFO]: [com.magistuarmory.item.armor.ArmorType:<init>:64]: minecraft:default
[18:54:03] [modloading-worker-0/INFO]: [com.magistuarmory.item.armor.ArmorType:<init>:64]: minecraft:default
[18:54:03] [modloading-worker-0/INFO]: [com.magistuarmory.item.armor.ArmorType:<init>:64]: magistuarmory:grand_bascinet
[18:54:03] [modloading-worker-0/INFO]: [com.magistuarmory.item.armor.ArmorType:<init>:64]: minecraft:default
[18:54:04] [modloading-worker-0/INFO]: [FANCYMENU] Loading v3.9.0 in client-side mode on FORGE!
[18:54:04] [modloading-worker-0/INFO]: Constructing common components for bettertridents:main
[18:54:04] [modloading-worker-0/INFO]: Constructing client components for bettertridents:main
[18:54:04] [modloading-worker-0/INFO]: [JUST ZOOM] Initializing version 3.0.1 on Forge..
[18:54:04] [modloading-worker-0/INFO]: ExpandAbility here, who dis?
[18:54:04] [modloading-worker-0/INFO]: Discovered 164 modules to load.
[18:54:04] [modloading-worker-0/INFO]: Constructing module Abacus...
[18:54:04] [modloading-worker-0/INFO]: Constructing module Adjustable Chat...
[18:54:04] [modloading-worker-0/INFO]: Constructing module Ambient Discs...
[18:54:04] [modloading-worker-0/INFO]: Constructing module Ancient Tomes...
[18:54:04] [modloading-worker-0/INFO]: Constructing module Ancient Wood...
[18:54:04] [modloading-worker-0/INFO]: Constructing module Armed Armor Stands...
[18:54:04] [modloading-worker-0/INFO]: Constructing module Auto Walk Keybind...
[18:54:04] [modloading-worker-0/INFO]: Constructing module Automatic Recipe Unlock...
[18:54:04] [modloading-worker-0/INFO]: Constructing module Automatic Tool Restock...
[18:54:04] [modloading-worker-0/INFO]: Constructing module Azalea Wood...
[18:54:04] [modloading-worker-0/INFO]: Constructing module Back Button Keybind...
[18:54:04] [modloading-worker-0/INFO]: Constructing module Backpack...
[18:54:04] [modloading-worker-0/INFO]: Constructing module Beacon Redirection...
[18:54:04] [modloading-worker-0/INFO]: Constructing module Better Elytra Rocket...
[18:54:04] [modloading-worker-0/INFO]: Constructing module Big Stone Clusters...
[18:54:04] [modloading-worker-0/INFO]: Constructing module Blossom Trees...
[18:54:04] [modloading-worker-0/INFO]: Constructing module Bottled Cloud...
[18:54:04] [modloading-worker-0/INFO]: Constructing module Buckets Show Inhabitants...
[18:54:04] [modloading-worker-0/INFO]: Constructing module Camera...
[18:54:04] [modloading-worker-0/INFO]: Constructing module Campfires Boost Elytra...
[18:54:04] [modloading-worker-0/INFO]: Constructing module Celebratory Lamps...
[18:54:04] [modloading-worker-0/INFO]: Constructing module Chains Connect Blocks...
[18:54:04] [modloading-worker-0/INFO]: Constructing module Chest Searching...
[18:54:04] [modloading-worker-0/INFO]: Constructing module Chorus Vegetation...
[18:54:04] [modloading-worker-0/INFO]: Constructing module Chute...
[18:54:04] [modloading-worker-0/INFO]: Constructing module Climate Control Remover...
[18:54:04] [modloading-worker-0/INFO]: Constructing module Color Runes...
[18:54:04] [modloading-worker-0/INFO]: Constructing module Compasses Work Everywhere...
[18:54:04] [modloading-worker-0/INFO]: Constructing module Compressed Blocks...
[18:54:04] [modloading-worker-0/INFO]: Constructing module Coral On Cactus...
[18:54:04] [modloading-worker-0/INFO]: Constructing module Corundum...
[18:54:04] [modloading-worker-0/INFO]: Constructing module Crabs...
[18:54:04] [modloading-worker-0/INFO]: Constructing module Crafter...
[18:54:04] [modloading-worker-0/INFO]: Constructing module Crate...
[18:54:04] [modloading-worker-0/INFO]: Constructing module Diamond Repair...
[18:54:04] [modloading-worker-0/INFO]: Constructing module Dispensers Place Blocks...
[18:54:04] [modloading-worker-0/INFO]: Constructing module Double Door Opening...
[18:54:04] [modloading-worker-0/INFO]: Constructing module Dragon Scales...
[18:54:04] [modloading-worker-0/INFO]: Constructing module Duskbound Blocks...
[18:54:04] [modloading-worker-0/INFO]: Constructing module Dyeable Item Frames...
[18:54:04] [modloading-worker-0/INFO]: Constructing module Easy Transfering...
[18:54:04] [modloading-worker-0/INFO]: Constructing module Elytra Indicator...
[18:54:04] [modloading-worker-0/INFO]: Constructing module Emotes...
[18:54:04] [modloading-worker-0/INFO]: Constructing module Enchantment Predicates...
[18:54:04] [modloading-worker-0/INFO]: Constructing module Enchantments Begone...
[18:54:04] [modloading-worker-0/INFO]: Constructing module Ender Watcher...
[18:54:04] [modloading-worker-0/INFO]: Constructing module Endermosh Music Disc...
[18:54:04] [modloading-worker-0/INFO]: Constructing module Enhanced Ladders...
[18:54:04] [modloading-worker-0/INFO]: Constructing module Expanded Item Interactions...
[18:54:04] [modloading-worker-0/INFO]: Constructing module Fairy Rings...
[18:54:04] [modloading-worker-0/INFO]: Constructing module Fallen Logs...
[18:54:04] [modloading-worker-0/INFO]: Constructing module Feeding Trough...
[18:54:04] [modloading-worker-0/INFO]: Constructing module Forgotten...
[18:54:05] [modloading-worker-0/INFO]: Constructing module Foxhound...
[18:54:05] [modloading-worker-0/INFO]: Constructing module Framed Glass...
[18:54:05] [modloading-worker-0/INFO]: Constructing module Game Nerfs...
[18:54:05] [modloading-worker-0/INFO]: Constructing module Glass Item Frame...
[18:54:05] [modloading-worker-0/INFO]: Constructing module Glass Shard...
[18:54:05] [modloading-worker-0/INFO]: Constructing module Glimmering Weald...
[18:54:05] [modloading-worker-0/INFO]: Constructing module Gold Bars...
[18:54:05] [modloading-worker-0/INFO]: Constructing module Gold Tools Have Fortune...
[18:54:05] [modloading-worker-0/INFO]: Constructing module Grab Chickens...
[18:54:05] [modloading-worker-0/INFO]: Constructing module Grate...
[18:54:05] [modloading-worker-0/INFO]: Constructing module Gravisand...
[18:54:05] [modloading-worker-0/INFO]: Constructing module Greener Grass...
[18:54:05] [modloading-worker-0/INFO]: Constructing module Hedges...
[18:54:05] [modloading-worker-0/INFO]: Constructing module Hoe Harvesting...
[18:54:05] [modloading-worker-0/INFO]: Constructing module Hollow Logs...
[18:54:05] [modloading-worker-0/INFO]: Constructing module Horses Swim...
[18:54:05] [modloading-worker-0/INFO]: Constructing module Hotbar Changer...
[18:54:05] [modloading-worker-0/INFO]: Constructing module Improved Sponges...
[18:54:05] [modloading-worker-0/INFO]: Constructing module Improved Tooltips...
[18:54:05] [modloading-worker-0/INFO]: Constructing module Industrial Palette...
[18:54:05] [modloading-worker-0/INFO]: Constructing module Inventory Sorting...
[18:54:05] [modloading-worker-0/INFO]: Constructing module Iron Rod...
[18:54:05] [modloading-worker-0/INFO]: Constructing module Item Sharing...
[18:54:05] [modloading-worker-0/INFO]: Constructing module Japanese Palette...
[18:54:05] [modloading-worker-0/INFO]: Constructing module Leaf Carpet...
[18:54:05] [modloading-worker-0/INFO]: Constructing module Lock Rotation...
[18:54:05] [modloading-worker-0/INFO]: Constructing module Long Range Pick Block...
[18:54:05] [modloading-worker-0/INFO]: Constructing module Magma Keeps Concrete Powder...
[18:54:05] [modloading-worker-0/INFO]: Constructing module Magnets...
[18:54:05] [modloading-worker-0/INFO]: Constructing module Map Washing...
[18:54:05] [modloading-worker-0/INFO]: Constructing module Matrix Enchanting...
[18:54:05] [modloading-worker-0/INFO]: Constructing module Metal Buttons...
[18:54:05] [modloading-worker-0/INFO]: Constructing module Microcrafting Helper...
[18:54:05] [modloading-worker-0/INFO]: Constructing module Midori...
[18:54:05] [modloading-worker-0/INFO]: Constructing module Monster Box...
[18:54:05] [modloading-worker-0/INFO]: Constructing module More Banner Layers...
[18:54:05] [modloading-worker-0/INFO]: Constructing module More Brick Types...
[18:54:05] [modloading-worker-0/INFO]: Constructing module More Mud Blocks...
[18:54:05] [modloading-worker-0/INFO]: Constructing module More Note Block Sounds...
[18:54:05] [modloading-worker-0/INFO]: Constructing module More Potted Plants...
[18:54:05] [modloading-worker-0/INFO]: Constructing module More Villagers...
[18:54:05] [modloading-worker-0/INFO]: Constructing module Narrator Readout...
[18:54:05] [modloading-worker-0/INFO]: Constructing module Nether Brick Fence Gate...
[18:54:05] [modloading-worker-0/INFO]: Constructing module Nether Obsidian Spikes...
[18:54:05] [modloading-worker-0/INFO]: Constructing module New Stone Types...
[18:54:05] [modloading-worker-0/INFO]: Constructing module No Durability On Cosmetics...
[18:54:05] [modloading-worker-0/INFO]: Constructing module No More Lava Pockets...
[18:54:05] [modloading-worker-0/INFO]: Constructing module Obsidian Plate...
[18:54:05] [modloading-worker-0/INFO]: Constructing module Overlay Shader...
[18:54:05] [modloading-worker-0/INFO]: Constructing module Parrot Eggs...
[18:54:05] [modloading-worker-0/INFO]: Constructing module Pat The Dogs...
[18:54:05] [modloading-worker-0/INFO]: Constructing module Pathfinder Maps...
[18:54:05] [modloading-worker-0/INFO]: Constructing module Permafrost...
[18:54:05] [modloading-worker-0/INFO]: Constructing module Petals On Water...
[18:54:05] [modloading-worker-0/INFO]: Constructing module Pickarang...
[18:54:05] [modloading-worker-0/INFO]: Constructing module Pig Litters...
[18:54:05] [modloading-worker-0/INFO]: Constructing module Pipes...
[18:54:05] [modloading-worker-0/INFO]: Constructing module Pistons Move Tile Entities...
[18:54:05] [modloading-worker-0/INFO]: Constructing module Poison Potato Usage...
[18:54:05] [modloading-worker-0/INFO]: Constructing module Quick Armor Swapping...
[18:54:05] [modloading-worker-0/INFO]: Constructing module Rainbow Lamps...
[18:54:05] [modloading-worker-0/INFO]: Constructing module Raw Metal Bricks...
[18:54:05] [modloading-worker-0/INFO]: Constructing module Reacharound Placing...
[18:54:05] [modloading-worker-0/INFO]: Constructing module Redstone Randomizer...
[18:54:05] [modloading-worker-0/INFO]: Constructing module Renewable Spore Blossoms...
[18:54:05] [modloading-worker-0/INFO]: Constructing module Replace Scaffolding...
[18:54:05] [modloading-worker-0/INFO]: Constructing module Rope...
[18:54:05] [modloading-worker-0/INFO]: Constructing module Safer Creatures...
[18:54:05] [modloading-worker-0/INFO]: Constructing module Seed Pouch...
[18:54:05] [modloading-worker-0/INFO]: Constructing module Shear Vines...
[18:54:05] [modloading-worker-0/INFO]: Constructing module Shiba...
[18:54:05] [modloading-worker-0/INFO]: Constructing module Shingles...
[18:54:05] [modloading-worker-0/INFO]: Constructing module Shulker Packing...
[18:54:05] [modloading-worker-0/INFO]: Constructing module Simple Harvest...
[18:54:05] [modloading-worker-0/INFO]: Constructing module Skull Pikes...
[18:54:05] [modloading-worker-0/INFO]: Constructing module Slabs To Blocks...
[18:54:05] [modloading-worker-0/INFO]: Constructing module Slime In A Bucket...
[18:54:05] [modloading-worker-0/INFO]: Constructing module Slimes To Magma Cubes...
[18:54:05] [modloading-worker-0/INFO]: Constructing module Snow Golem Player Heads...
[18:54:05] [modloading-worker-0/INFO]: Constructing module Soul Candles...
[18:54:05] [modloading-worker-0/INFO]: Constructing module Soul Sandstone...
[18:54:05] [modloading-worker-0/INFO]: Constructing module Spawner Replacer...
[18:54:05] [modloading-worker-0/INFO]: Constructing module Spiral Spires...
[18:54:05] [modloading-worker-0/INFO]: Constructing module Stonelings...
[18:54:05] [modloading-worker-0/INFO]: Constructing module Stools...
[18:54:05] [modloading-worker-0/INFO]: Constructing module Sturdy Stone...
[18:54:05] [modloading-worker-0/INFO]: Constructing module Thatch...
[18:54:05] [modloading-worker-0/INFO]: Constructing module Tiny Potato...
[18:54:05] [modloading-worker-0/INFO]: Constructing module Torch Arrow...
[18:54:05] [modloading-worker-0/INFO]: Constructing module Toretoise...
[18:54:05] [modloading-worker-0/INFO]: Constructing module Totem Of Holding...
[18:54:05] [modloading-worker-0/INFO]: Constructing module Trowel...
[18:54:05] [modloading-worker-0/INFO]: Constructing module Usage Ticker...
[18:54:05] [modloading-worker-0/INFO]: Constructing module Uses For Curses...
[18:54:05] [modloading-worker-0/INFO]: Constructing module Utility Recipes...
[18:54:05] [modloading-worker-0/INFO]: Constructing module Variant Animal Textures...
[18:54:05] [modloading-worker-0/INFO]: Constructing module Variant Bookshelves...
[18:54:05] [modloading-worker-0/INFO]: Constructing module Variant Chests...
[18:54:05] [modloading-worker-0/INFO]: Constructing module Variant Furnaces...
[18:54:05] [modloading-worker-0/INFO]: Constructing module Variant Ladders...
[18:54:05] [modloading-worker-0/INFO]: Constructing module Variant Selector...
[18:54:05] [modloading-worker-0/INFO]: Constructing module Vertical Planks...
[18:54:05] [modloading-worker-0/INFO]: Constructing module Vertical Slabs...
[18:54:05] [modloading-worker-0/INFO]: Constructing module Vexes Die With Their Masters...
[18:54:05] [modloading-worker-0/INFO]: Constructing module Villager Rerolling Rework...
[18:54:05] [modloading-worker-0/INFO]: Constructing module Villagers Follow Emeralds...
[18:54:05] [modloading-worker-0/INFO]: Constructing module Wooden Posts...
[18:54:05] [modloading-worker-0/INFO]: Constructing module Wool Shuts Up Minecarts...
[18:54:05] [modloading-worker-0/INFO]: Constructing module Wraith...
[18:54:05] [modloading-worker-0/INFO]: Constructing module Zombie Villagers On Normal...
[18:54:05] [modloading-worker-0/INFO]: Constructing module More Stone Variants...
[18:54:05] [modloading-worker-0/INFO]: Constructed 164 modules.
[18:54:05] [modloading-worker-0/INFO]: Doing super early config setup for quark
[18:54:06] [Render thread/INFO]: Capturing existing worldgen registries
[18:54:06] [Render thread/INFO]: Found 0 injected RegistryDataLoader worldgen registries
[18:54:11] [Worker-Main-1/INFO]: Update available for 'fastload@3.4.0', (-> 3.4.0)
[18:54:11] [Worker-Main-1/INFO]: Update available for 'entity_texture_features@7.2.5', (-> 7.2.5-fabric-1.20.1)
[18:54:11] [Worker-Main-1/INFO]: Update available for 'enchdesc@17.1.21', (-> 17.1.21)
[18:54:11] [Worker-Main-1/INFO]: Update available for 'nochatreports@1.20.1-v2.2.3', (-> Fabric-1.20.1-v2.2.3)
[18:54:11] [Worker-Main-1/INFO]: Update available for 'mr_tidal_towns@1.3.4', (-> 2.0+mod)
[18:54:11] [Worker-Main-1/INFO]: Update available for 'bettertridents@8.0.1', (-> v8.0.1-1.20.1-Fabric)
[18:54:11] [Worker-Main-1/INFO]: Update available for 'particlerain@4.0.0-beta.11', (-> v4.0.1+1.20.1-fabric)
[18:54:11] [Worker-Main-1/INFO]: Update available for 'easyshulkerboxes@8.0.2', (-> v8.0.2-1.20.1-Fabric)
[18:54:11] [Worker-Main-1/INFO]: Update available for 'creativecore@2.12.40', (-> 2.12.41)
[18:54:11] [Worker-Main-1/INFO]: Update available for 'do_a_barrel_roll@3.5.6+1.20.1', (-> 3.6.1+1.20.1-fabric)
[18:54:11] [Worker-Main-1/INFO]: Update available for 'ambientsounds@6.3.9', (-> 6.3.9)
[18:54:11] [Worker-Main-1/INFO]: Update available for 'jei@15.56.0.205', (-> 15.62.0.219)
[18:54:11] [Worker-Main-1/INFO]: Update available for 'rottencreatures@1.1.0', (-> 1.20.1-1.1.0)
[18:54:11] [Worker-Main-1/INFO]: Update available for 'glitchcore@0.0.1.1', (-> 0.0.1.1)
[18:54:11] [Worker-Main-1/INFO]: Update available for 'melody@1.0.2', (-> 1.0.4-1.20.1-1.20.4-fabric)
[18:54:11] [Worker-Main-1/INFO]: Update available for 'watervision@0.1.0-alpha', (-> FB-mc1.20.1-v0.1.0-alpha)
[18:54:11] [Worker-Main-1/INFO]: Update available for 'corgilib@4.0.3.5', (-> 1.20.1-4.0.3.5-fabric)
[18:54:11] [Worker-Main-1/INFO]: Update available for 'rhino@2001.2.3-build.10', (-> 2001.2.3-build.10+fabric)
[18:54:11] [Worker-Main-1/INFO]: Update available for 'paraglider@20.1.3', (-> 20.1.4)
[18:54:11] [Worker-Main-1/INFO]: Update available for 'magistuarmory@10.11', (-> 10.15)
[18:54:12] [Worker-Main-1/INFO]: Update available for 'endrem@5.3.3-R-1.20.1', (-> 5.2.4)
[18:54:12] [Worker-Main-1/INFO]: Update available for 'mcwfences@1.2.1', (-> 1.2.1)
[18:54:12] [Worker-Main-1/INFO]: Update available for 'immediatelyfast@1.5.5+1.20.4', (-> 1.5.5+1.20.4-fabric)
[18:54:12] [Worker-Main-1/INFO]: Update available for 'entity_model_features@3.3.11', (-> 3.3.11-fabric-1.20.1)
[18:54:12] [Worker-Main-1/INFO]: Update available for 'craterlib@3.1.3', (-> 1.20-3.1.3)
[18:54:12] [Worker-Main-1/INFO]: Update available for 'cloth_config@11.1.136', (-> 11.1.136+fabric)
[18:54:12] [Worker-Main-1/INFO]: Update available for 'terrablender@3.0.1.10', (-> 3.0.1.11)
[18:54:12] [Worker-Main-1/INFO]: Update available for 'biomeswevegone@1.8.0', (-> 1.8.1-Fabric)
[18:54:12] [Worker-Main-1/INFO]: Update available for 'bookshelf@20.2.15', (-> 20.2.15)
[18:54:12] [Worker-Main-1/INFO]: Update available for 'sound_physics_remastered@1.20.1-1.5.1', (-> fabric-1.20.1-1.5.1)
[18:54:12] [Worker-Main-1/INFO]: Update available for 'iceberg@1.1.25', (-> 1.1.25)
[18:54:12] [Worker-Main-1/INFO]: Update available for 'voicechat_api@2.6.20', (-> fabric-1.20.1-2.6.24)
[18:54:12] [Worker-Main-1/INFO]: Update available for 'voicechat@1.20.1-2.6.22', (-> fabric-1.20.1-2.6.24)
[18:54:12] [Worker-Main-1/INFO]: Update available for 'controlling@12.0.2', (-> 12.0.2)
[18:54:12] [Worker-Main-1/INFO]: Update available for 'trashslot@15.1.5', (-> 15.1.5+fabric-1.20.1)
[18:54:12] [Worker-Main-1/INFO]: Update available for 'particular@1.5.7', (-> 1.5.7)
[18:54:12] [Worker-Main-1/INFO]: Update available for 'xaeroworldmap@1.46.0', (-> fabric-1.20.1-1.47.0)
[18:54:12] [Worker-Main-1/INFO]: Update available for 'mcwlights@1.1.5', (-> 1.1.5)
[18:54:12] [Worker-Main-1/INFO]: Update available for 'clumps@12.0.0.4', (-> 12.0.0.4)
[18:54:12] [Worker-Main-1/INFO]: Update available for 'architectury@9.2.14', (-> 9.2.14+fabric)
[18:54:12] [Worker-Main-1/INFO]: Update available for 'commonnetworking@1.0.6-1.20.1', (-> 1.0.6-1.20.1)
[18:54:12] [Worker-Main-1/INFO]: Update available for 'travelersbackpack@9.1.57', (-> 1.20.1-9.1.55)
[18:54:12] [Worker-Main-1/INFO]: Update available for 'illagerinvasion@8.0.7', (-> v8.0.7-1.20.1-Fabric)
[18:54:12] [Worker-Main-1/INFO]: Update available for 'betteradvancements@0.6.0.73', (-> 0.6.0.73)
[18:54:12] [Worker-Main-1/INFO]: Update available for 'cpm@0.6.27a', (-> 1.20v0.6.27a-fabric)
[18:54:12] [Worker-Main-1/INFO]: Update available for 'memoryleakfix@1.1.5', (-> v1.1.5)
[18:54:12] [Worker-Main-1/INFO]: Update available for 'ohthetreesyoullgrow@1.7.0', (-> 1.20.1-1.7.2-Fabric)
[18:54:12] [Worker-Main-1/INFO]: Update available for 'prism@1.0.5', (-> 1.0.5)
[18:54:12] [Worker-Main-1/INFO]: Update available for 'legendarytooltips@1.4.5', (-> 1.4.5)
[18:54:12] [Worker-Main-1/INFO]: Update available for 'pehkui@3.8.2+1.20.1-forge', (-> 3.8.3+1.14.4-1.21)
[18:54:12] [Worker-Main-1/INFO]: Update available for 'modernfix@5.27.83+mc1.20.1', (-> 5.25.2+mc1.20.1)
[18:54:12] [Worker-Main-1/INFO]: Update available for 'mcwfurnitures@3.4.1', (-> 3.4.1)
[18:54:12] [Worker-Main-1/INFO]: Update available for 'artifacts@9.5.19', (-> 9.5.17)
[18:54:12] [Worker-Main-1/INFO]: Update available for 'konkrete@1.8.0', (-> 1.8.1-1.20.1-fabric)
[18:54:12] [Worker-Main-1/INFO]: Update available for 'mcwbridges@3.1.2', (-> 3.1.2)
[18:54:12] [Worker-Main-1/INFO]: Update available for 'subtitlemod@1.3.3', (-> 1.3.3)
[18:54:12] [Worker-Main-1/INFO]: Update available for 'watermedia@2.1.37', (-> 3.0.0.23)
[18:54:12] [Worker-Main-1/INFO]: Update available for 'fancymenu@3.9.0', (-> 3.9.14-1.20.1-fabric)
[18:54:12] [Worker-Main-1/INFO]: Update available for 'libraryferret@4.0.0', (-> 4.0.0)
[18:54:12] [Worker-Main-1/INFO]: Update available for 'playeranimator@1.0.2-rc1+1.20', (-> 1.0.2-rc1+1.20-fabric)
[18:54:12] [Worker-Main-1/INFO]: Update available for 'resourcefulconfig@2.1.3', (-> 2.1.3)
[18:54:12] [Worker-Main-1/INFO]: Update available for 'advancementplaques@1.6.9', (-> 1.6.7)
[18:54:12] [Worker-Main-1/INFO]: Update available for 'catoapi@1.5-beta', (-> 1.5-beta)
[18:54:12] [Worker-Main-1/INFO]: Update available for 'spiffyhud@3.1.2', (-> 3.1.2-1.20.1-fabric)
[18:54:12] [Worker-Main-1/INFO]: Update available for 'cerbons_api@1.1.0', (-> 1.1.0)
[18:54:12] [Worker-Main-1/INFO]: Update available for 'platform@1.3.4', (-> 1.3.4)
[18:54:12] [Worker-Main-1/INFO]: Update available for 'balm@7.3.44', (-> 7.3.44+fabric-1.20.1)
[18:54:12] [Worker-Main-1/INFO]: Update available for 'justzoom@3.0.1', (-> 3.0.1-1.20.1-fabric)
[18:54:12] [Worker-Main-1/INFO]: Update available for 'appleskin@2.5.1+mc1.20.1', (-> 2.5.2+mc1.20.1)
[18:54:12] [Worker-Main-1/INFO]: Update available for 'puzzleslib@8.1.33', (-> v8.1.33-1.20.1-Fabric)
[18:54:12] [Worker-Main-1/INFO]: Update available for 'patchouli@1.20.1-85-FORGE', (-> 1.20.1-85-fabric)
[18:54:12] [Worker-Main-1/INFO]: Update available for 'screentext@1.0-SNAPSHOT', (-> v4.5)
[18:54:12] [Worker-Main-1/INFO]: Update available for 'decorative_blocks@4.1.3', (-> 4.1.3+fabric)
[18:54:12] [Worker-Main-1/INFO]: Update available for 'keybindhider@1.3.1', (-> 1.3.1)
[18:54:12] [Worker-Main-1/INFO]: Update available for 'xaerominimap@26.5.0', (-> fabric-1.20.1-26.6.0)
[18:54:12] [Worker-Main-1/INFO]: Update available for 'chat_heads@0.15.7', (-> 0.15.7)
[18:54:12] [Worker-Main-1/INFO]: Update available for 'skinrestorer@2.11.0+1.20-forge', (-> 2.11.0+1.20-fabric)
[18:54:12] [Worker-Main-1/INFO]: Update available for 'notenoughanimations@1.12.6', (-> 1.12.6)
[18:54:12] [Worker-Main-1/INFO]: Update available for 'biomesoplenty@19.0.0.96', (-> 19.0.0.96)
[18:54:12] [Worker-Main-1/INFO]: Update available for 'geckolib@4.8.4', (-> 4.8.4)
[18:54:12] [Worker-Main-1/INFO]: Update available for 'lithostitched@1.4.11', (-> 1.4.11-fabric-1.20)
[18:54:12] [Worker-Main-1/INFO]: Update available for 'searchables@1.0.3', (-> 1.0.3)
[18:54:12] [Worker-Main-1/INFO]: Update available for 'embeddium@0.3.31+mc1.20.1', (-> 0.3.25+mc1.20.1)
[18:54:12] [Worker-Main-1/INFO]: Update available for 'rubidium@0.7.1', (-> 0.3.25+mc1.20.1)
[18:54:12] [Worker-Main-1/INFO]: Update available for 'nyfsspiders@3.0.2', (-> 3.0.2)
[18:54:12] [Worker-Main-1/INFO]: Update available for 'ferritecore@6.0.1', (-> 6.0.1)
[18:54:12] [Worker-Main-1/INFO]: Update available for 'emotecraft@2.2.7-b.build.50', (-> 2.2.7-b.build.50+1.20.1-fabric)
[18:54:12] [Worker-Main-1/INFO]: Update available for 'emberstextapi@3.0.4', (-> 3.0.4+fabric-1.20.1)
[18:54:12] [Worker-Main-1/INFO]: Update available for 'noisium@2.3.0+mc1.20-1.20.1', (-> 2.3.0+mc1.20-1.20.1)
[18:54:12] [Worker-Main-1/INFO]: Update available for 'amendments@1.20-2.2.6', (-> 1.20-2.2.6)
[18:54:12] [Worker-Main-1/INFO]: Update available for 'watermedia_binaries@3.0.0-rc.4', (-> 3.0.0.6)
[18:54:12] [Worker-Main-1/INFO]: Update available for 'waystones@14.1.21', (-> 14.1.21+fabric-1.20.1)
[18:54:12] [Worker-Main-1/INFO]: Update available for 'advancednetherite@2.1.3', (-> fabric-2.1.3-mc1.20.1)
[18:54:12] [Worker-Main-1/INFO]: Update available for 'entityculling@1.10.5', (-> 1.11.2)
[18:54:12] [Worker-Main-1/INFO]: Update available for 'moonlight@1.20-2.16.35', (-> 1.20-2.16.36-fabric)
[18:54:13] [Render thread/INFO]: Initialized block sets in 87ms
[18:54:13] [Render thread/INFO]: Instantiating Mojang DFU
[18:54:15] [Render thread/INFO]: [structure_gel] Registering data for structure_gel:loot_table_alias
[18:54:15] [Render thread/INFO]: [structure_gel] Registering data for structure_gel:data_handler_type
[18:54:15] [Render thread/INFO]: [structure_gel] Registering data for structure_gel:dynamic_spawner
[18:54:15] [Render thread/INFO]: [structure_gel] Registering data for structure_gel:jigsaw_type
[18:54:16] [Render thread/INFO]: Replacing search trees with 'JEI' provider
[18:54:16] [Datafixer Bootstrap/INFO]: 188 Datafixer optimizations took 1713 milliseconds
[18:54:16] [Render thread/WARN]: Missing metadata in pack mod:visiblebarriers
[18:54:17] [Render thread/INFO]: loaded in block colorizer
[18:54:17] [Render thread/INFO]: Block minecraft:water_cauldron had its color provider replaced and will not use per-vertex coloring
[18:54:17] [Render thread/INFO]: loaded in item colorizer
[18:54:18] [Render thread/INFO]: Hardware information:
[18:54:18] [Render thread/INFO]: CPU: 4x Intel(R) Core(TM) i5-5300U CPU @ 2.30GHz
[18:54:18] [Render thread/INFO]: GPU: Intel(R) HD Graphics 5500 (Supports OpenGL 4.4.0 - Build 20.19.15.5144)
[18:54:18] [Render thread/INFO]: OS: Windows 10 (10.0)
[18:54:18] [Render thread/WARN]: Mod(s) [oculus] are modifying Embeddium class me.jellysquid.mods.sodium.client.render.vertex.VertexFormatDescriptionImpl, which may cause instability.
[18:54:18] [Render thread/WARN]: Mod(s) [entity_texture_features, oculus] are modifying Embeddium class me.jellysquid.mods.sodium.client.render.vertex.buffer.SodiumBufferBuilder, which may cause instability.
[18:54:18] [Render thread/WARN]: Mod(s) [oculus] are modifying Embeddium class me.jellysquid.mods.sodium.client.render.SodiumWorldRenderer, which may cause instability.
[18:54:19] [Render thread/INFO]: Registering Model Layers!
[18:54:19] [Render thread/INFO]: Model Layer registration complete!
[18:54:19] [Render thread/INFO]: Registering model layer quark:crab#main
[18:54:19] [Render thread/INFO]: Registering model layer quark:shiba#main
[18:54:19] [Render thread/INFO]: Registering model layer quark:quark_boat_chest#main
[18:54:19] [Render thread/INFO]: Registering model layer quark:wraith#main
[18:54:19] [Render thread/INFO]: Registering model layer quark:forgotten_hat#main
[18:54:19] [Render thread/INFO]: Registering model layer quark:stoneling#main
[18:54:19] [Render thread/INFO]: Registering model layer quark:toretoise#main
[18:54:19] [Render thread/INFO]: Registering model layer quark:quark_boat#main
[18:54:19] [Render thread/INFO]: Registering model layer quark:foxhound#main
[18:54:19] [Render thread/INFO]: Registering model layer quark:backpack#main
[18:54:21] [Render thread/INFO]: [FANCYMENU] Registering resource reload listener..
[18:54:21] [Render thread/INFO]: [FANCYMENU] Initializing screen customization engine! Addons should NOT REGISTER TO REGISTRIES anymore now!
[18:54:22] [Render thread/INFO]: Mixing client.MixinChatListener from mixins/common/nochatreports.mixins.json into net.minecraft.client.multiplayer.chat.ChatListener
[18:54:22] [Render thread/INFO]: [FANCYMENU] Minecraft resource reload: STARTING
[18:54:22] [Render thread/INFO]: Reloading ResourceManager: mod_resources, fabric, Moonlight Mods Dynamic Assets, vanilla, file/§3OVERLAND.zip, replaymod_lang
[18:54:22] [Render thread/WARN]: Ignored non-lowercase namespace: .DS_Store in C:\Users\rodri\AppData\Roaming\ModrinthApp\profiles\OV_GAME\resourcepacks\§3OVERLAND.zip
[18:54:23] [Render thread/WARN]: Ignored non-lowercase namespace: .DS_Store in C:\Users\rodri\AppData\Roaming\ModrinthApp\profiles\OV_GAME\resourcepacks\§3OVERLAND.zip
[18:54:23] [Render thread/INFO]: [FANCYMENU] Starting late client initialization phase..
[18:54:23] [Worker-ResourceReload-0/INFO]: Starting runtime resource generation for pack type CLIENT_RESOURCES with generators from mods [amendments, moonlight]: [net.mehvahdjukaar.amendments.client.ClientResourceGenerator@499b012d, net.mehvahdjukaar.moonlight.core.MoonlightClient$MLDynamicClientResources@5c700d4d]
[18:54:23] [Worker-ResourceReload-0/INFO]: Generating runtime assets for pack Moonlight Mods Dynamic Assets (amendments)
[18:54:23] [Render thread/ERROR]: [FANCYMENU] Unable to switch theme! Theme not found: oled_purple
[18:54:23] [Render thread/ERROR]: [FANCYMENU] Falling back to DARK theme!
[18:54:23] [Render thread/INFO]: [FANCYMENU] Custom window icon successfully updated!
[18:54:24] [Render thread/INFO]: [FANCYMENU] Custom window icon successfully updated!
[18:54:24] [Worker-ResourceReload-0/INFO]: Generated runtime CLIENT_RESOURCES for pack Moonlight Mods Dynamic Assets (amendments) in: 1666 ms (multithreaded)
[18:54:24] [Worker-ResourceReload-0/INFO]: Generating runtime assets for pack Moonlight Mods Dynamic Assets (moonlight)
[18:54:24] [Worker-ResourceReload-0/INFO]: Generated runtime CLIENT_RESOURCES for pack Moonlight Mods Dynamic Assets (moonlight) in: 2 ms (multithreaded)
[18:54:24] [Worker-ResourceReload-0/INFO]: Finished runtime resources generation for 2 packs in a total of 1677 ms
[18:54:25] [Render thread/INFO]: Successfully loaded 0 assets remolders!
[18:54:25] [modloading-worker-0/INFO]: Loading client config for puzzlesapi
[18:54:25] [modloading-worker-0/INFO]: Loading client config for puzzlesapi
[18:54:25] [Render thread/INFO]: Loaded 8 effect presets
[18:54:26] [Worker-ResourceReload-1/WARN]: File minecraft:sounds/evento/alarma_corrupta.ogg does not exist, cannot add it to event minecraft:overland.alarma_corrupted
[18:54:26] [Worker-ResourceReload-1/WARN]: File minecraft:sounds/evento_music_4/ambient_3.ogg does not exist, cannot add it to event minecraft:overland.evento4_ost_3
[18:54:26] [Worker-ResourceReload-1/WARN]: File naturalist:sounds/mob/giraffe/idle.ogg does not exist, cannot add it to event naturalist:entity.giraffe.ambient
[18:54:27] [Worker-ResourceReload-1/WARN]: Failed to load builder (negativeutils:discord_emotes: builder #0 from pack mod_resources), rejecting
java.io.FileNotFoundException: negativeutils:textures/font/discord_emotes.png
	at net.minecraft.server.packs.resources.ResourceProvider.m_215590_(ResourceProvider.java:21) ~[client-1.20.1-20230612.114412-srg.jar%23450!/:?]
	at java.util.Optional.orElseThrow(Unknown Source) ~[?:?]
	at net.minecraft.server.packs.resources.ResourceProvider.m_215593_(ResourceProvider.java:21) ~[client-1.20.1-20230612.114412-srg.jar%23450!/:?]
	at net.minecraft.server.packs.resources.ResourceProvider.m_215595_(ResourceProvider.java:25) ~[client-1.20.1-20230612.114412-srg.jar%23450!/:?]
	at net.minecraft.client.gui.font.providers.BitmapProvider$Definition.m_286048_(BitmapProvider.java:132) ~[client-1.20.1-20230612.114412-srg.jar%23450!/:?]
	at net.minecraft.client.gui.font.FontManager.m_285671_(FontManager.java:194) ~[client-1.20.1-20230612.114412-srg.jar%23450!/:?]
	at java.util.concurrent.CompletableFuture$AsyncSupply.run(Unknown Source) ~[?:?]
	at java.util.concurrent.CompletableFuture$AsyncSupply.exec(Unknown Source) ~[?:?]
	at java.util.concurrent.ForkJoinTask.doExec(Unknown Source) ~[?:?]
	at java.util.concurrent.ForkJoinPool$WorkQueue.topLevelExec(Unknown Source) ~[?:?]
	at java.util.concurrent.ForkJoinPool.scan(Unknown Source) ~[?:?]
	at java.util.concurrent.ForkJoinPool.runWorker(Unknown Source) ~[?:?]
	at java.util.concurrent.ForkJoinWorkerThread.run(Unknown Source) ~[?:?]
[18:54:27] [Worker-ResourceReload-2/INFO]: Found unifont_all_no_pua-15.0.06.hex, loading
[18:54:29] [Worker-ResourceReload-0/WARN]: Invalid path in datapack: minecraft:textures/block/spruce_sapling.png~, ignoring
[18:54:32] [modloading-worker-0/INFO]: Loading config spartanshields-common.toml
[18:54:32] [modloading-worker-0/INFO]: Loading common config for bettertridents
[18:54:34] [Worker-ResourceReload-2/WARN]: Missing sprite: antiquelegacy:textures/entity/bronze_republic_scutum_pattern.png
[18:54:34] [Worker-ResourceReload-2/WARN]: Missing sprite: antiquelegacy:textures/entity/bronze_republic_scutum_nopattern.png
[18:54:35] [Worker-ResourceReload-0/INFO]: Skipping loading custom particles because no file exists at: config/particlerain/particles.json
[18:54:35] [Worker-ResourceReload-0/INFO]: Loaded 14 particles
[18:54:35] [Worker-ResourceReload-1/WARN]: Unable to load model: 'unusualend:block/cracked_small_eggs' referenced from: unusualend:endermite_eggs#face=floor,facing=north,waterlogged=true: java.io.FileNotFoundException: unusualend:models/block/cracked_small_eggs.json
[18:54:35] [Worker-ResourceReload-1/WARN]: Unable to load model: 'minecraft:side_healing_lantern' referenced from: unusualend:healing_lantern#face=floor,facing=north,waterlogged=true: java.io.FileNotFoundException: minecraft:models/side_healing_lantern.json
[18:54:35] [Worker-ResourceReload-1/WARN]: Unable to load model: 'minecraft:pedestral' referenced from: unusualend:gloopslate_pedestral#facing=north,waterlogged=true: java.io.FileNotFoundException: minecraft:models/pedestral.json
[18:54:35] [Worker-ResourceReload-1/WARN]: Unable to load model: 'minecraft:pedestral_filled' referenced from: unusualend:prismatic_pearl_display#waterlogged=true: java.io.FileNotFoundException: minecraft:models/pedestral_filled.json
[18:54:35] [Worker-ResourceReload-1/WARN]: Unable to load model: 'minecraft:chorus_cane' referenced from: unusualend:chorus_cane#waterlogged=true: java.io.FileNotFoundException: minecraft:models/chorus_cane.json
[18:54:35] [Worker-ResourceReload-1/WARN]: Unable to load model: 'minecraft:blooming_chorus_cane' referenced from: unusualend:blooming_chorus_cane#waterlogged=true: java.io.FileNotFoundException: minecraft:models/blooming_chorus_cane.json
[18:54:35] [Worker-ResourceReload-1/WARN]: Unable to load model: 'minecraft:chorus_cane_flower' referenced from: unusualend:chorus_cane_flower#face=floor,facing=north,waterlogged=true: java.io.FileNotFoundException: minecraft:models/chorus_cane_flower.json
[18:54:35] [Worker-ResourceReload-1/WARN]: Unable to load model: 'minecraft:warped_lantern' referenced from: unusualend:warped_lantern#face=floor,facing=north,waterlogged=true: java.io.FileNotFoundException: minecraft:models/warped_lantern.json
[18:54:35] [Worker-ResourceReload-1/WARN]: Unable to load model: 'minecraft:plush' referenced from: unusualend:dragling_plush#facing=north,waterlogged=true: java.io.FileNotFoundException: minecraft:models/plush.json
[18:54:35] [Worker-ResourceReload-1/WARN]: Unable to load model: 'minecraft:small_warped_squash' referenced from: unusualend:small_warped_squash#waterlogged=true: java.io.FileNotFoundException: minecraft:models/small_warped_squash.json
[18:54:35] [Worker-ResourceReload-1/WARN]: Unable to load model: 'minecraft:citrine_candle' referenced from: unusualend:citrine_candle#blockstate=0: java.io.FileNotFoundException: minecraft:models/citrine_candle.json
[18:54:35] [Worker-ResourceReload-1/WARN]: Exception loading blockstate definition: 'unusualend:blockstates/crystal_torch.json' missing model for variant: 'unusualend:crystal_torch#face=ceiling,facing=east,waterlogged=true'
[18:54:35] [Worker-ResourceReload-1/WARN]: Exception loading blockstate definition: 'unusualend:blockstates/crystal_torch.json' missing model for variant: 'unusualend:crystal_torch#face=ceiling,facing=north,waterlogged=false'
[18:54:35] [Worker-ResourceReload-1/WARN]: Exception loading blockstate definition: 'unusualend:blockstates/crystal_torch.json' missing model for variant: 'unusualend:crystal_torch#face=ceiling,facing=north,waterlogged=true'
[18:54:35] [Worker-ResourceReload-1/WARN]: Exception loading blockstate definition: 'unusualend:blockstates/crystal_torch.json' missing model for variant: 'unusualend:crystal_torch#face=ceiling,facing=south,waterlogged=false'
[18:54:35] [Worker-ResourceReload-1/WARN]: Exception loading blockstate definition: 'unusualend:blockstates/crystal_torch.json' missing model for variant: 'unusualend:crystal_torch#face=ceiling,facing=west,waterlogged=false'
[18:54:35] [Worker-ResourceReload-1/WARN]: Exception loading blockstate definition: 'unusualend:blockstates/crystal_torch.json' missing model for variant: 'unusualend:crystal_torch#face=ceiling,facing=west,waterlogged=true'
[18:54:35] [Worker-ResourceReload-1/WARN]: Exception loading blockstate definition: 'unusualend:blockstates/crystal_torch.json' missing model for variant: 'unusualend:crystal_torch#face=ceiling,facing=south,waterlogged=true'
[18:54:35] [Worker-ResourceReload-1/WARN]: Exception loading blockstate definition: 'unusualend:blockstates/crystal_torch.json' missing model for variant: 'unusualend:crystal_torch#face=ceiling,facing=east,waterlogged=false'
[18:54:36] [Forge Version Check/INFO]: [structure_gel] Starting version check at http://changelogs.moddinglegacy.com/structure-gel.json
[18:54:36] [Worker-ResourceReload-0/INFO]: [voicechat] Compatibility version 20
[18:54:36] [Worker-ResourceReload-0/INFO]: [voicechat] Loading plugins
[18:54:36] [Worker-ResourceReload-0/INFO]: [voicechat] Loaded 1 plugin(s)
[18:54:36] [Worker-ResourceReload-0/INFO]: [voicechat] Initializing plugins
[18:54:36] [Worker-ResourceReload-0/INFO]: Initializing Simple Voice Chat integration
[18:54:36] [Worker-ResourceReload-0/INFO]: [voicechat] Initialized 1 plugin(s)
[18:54:36] [Worker-ResourceReload-0/INFO]: [voicechat] Registering events for 'sound_physics_remastered'
[18:54:36] [Forge Version Check/INFO]: [structure_gel] Found status: BETA Current: 2.16.2 Target: null
[18:54:36] [Forge Version Check/INFO]: [advancementplaques] Starting version check at https://mc-update-check.anthonyhilyard.com/499826
[18:54:36] [Worker-ResourceReload-2/INFO]: Initializing network...
[18:54:36] [Worker-ResourceReload-2/INFO]: Initialized network!
[18:54:37] [Worker-ResourceReload-0/INFO]: Loading XaeroLib common 1/2!
[18:54:37] [Worker-ResourceReload-0/INFO]: Common Setup
[18:54:37] [Worker-ResourceReload-2/INFO]: Customizable Player Models Initialized
[18:54:37] [Worker-ResourceReload-0/INFO]: Setting up Spartan Shields!
[18:54:37] [Worker-ResourceReload-2/INFO]: brutalbosses mod initialized
[18:54:37] [Render thread/INFO]: Registered the FluidEffect with Unique ID of minecraft:water for Water (Fluid Amount Required: 1000) with the ID 0
[18:54:37] [Render thread/INFO]: Registered the FluidEffect with Unique ID of minecraft:lava for Lava (Fluid Amount Required: 1000) with the ID 1
[18:54:37] [Render thread/INFO]: Registered the FluidEffect with Unique ID of travelersbackpack:potion for Uncraftable Potion (Fluid Amount Required: 250) with the ID 2
[18:54:37] [Render thread/INFO]: Registered the FluidEffect with Unique ID of minecraft:milk for Milk (Fluid Amount Required: 1000) with the ID 3
[18:54:37] [Render thread/INFO]: Registered region minecraft:overworld to index 0 for type OVERWORLD
[18:54:37] [Render thread/INFO]: Registered region minecraft:nether to index 0 for type NETHER
[18:54:37] [Render thread/INFO]: Registered region biomesoplenty:overworld_primary to index 1 for type OVERWORLD
[18:54:37] [Render thread/INFO]: Registered region biomesoplenty:overworld_secondary to index 2 for type OVERWORLD
[18:54:37] [Render thread/INFO]: Registered region biomesoplenty:overworld_rare to index 3 for type OVERWORLD
[18:54:37] [Render thread/INFO]: Registered region biomesoplenty:nether_common to index 1 for type NETHER
[18:54:37] [Render thread/INFO]: Registered region biomesoplenty:nether_rare to index 2 for type NETHER
[18:54:37] [Render thread/INFO]: Common setup: Performing initial refresh of zeta's config on thread 'Render thread'
[18:54:37] [Render thread/INFO]: 'zeta' is enabling Zeta's piston structure resolver.
[18:54:37] [Render thread/INFO]: zeta's config is now ready to accept filewatcher changes
[18:54:37] [Render thread/INFO]: EmbersTextAPI: Initialized visual effects system
[18:54:38] [Render thread/INFO]: Creating and Registering BWG Biome Modifiers for Vanilla Biomes
[18:54:38] [Render thread/INFO]: Will add Flower Patch, Clover Patch, Blue Rose Bush and Blue Berry Bushes to 
[18:54:38] [Render thread/INFO]: Will add Flower Patch, Clover Patch, White Anemone, Pink Anemone, Orange Daisy, Horseweed and rose to 
[18:54:38] [Render thread/INFO]: Will add Flower Patch, Clover Patch, White Anemone, Pink Anemone, Orange Daisy, Horseweed and rose to 
[18:54:38] [Render thread/INFO]: Will add Green/Cyan/Magenta/Purple/Yellow Tulips, Rose, Orange Daisy, Flower and Clover Patches to 
[18:54:38] [Render thread/INFO]: Will add Palm Trees to 
[18:54:38] [Render thread/INFO]: Creating and Registering BWG Biome Modifiers for Vanilla Biomes
[18:54:38] [Render thread/INFO]: Will add Flower Patch, Clover Patch, Blue Rose Bush and Blue Berry Bushes to 
[18:54:38] [Render thread/INFO]: Will add Flower Patch, Clover Patch, White Anemone, Pink Anemone, Orange Daisy, Horseweed and rose to 
[18:54:38] [Render thread/INFO]: Will add Flower Patch, Clover Patch, White Anemone, Pink Anemone, Orange Daisy, Horseweed and rose to 
[18:54:38] [Render thread/INFO]: Will add Flower Patch, Clover Patch, Blue Rose Bush and Blue Berry Bushes to 
[18:54:38] [Render thread/INFO]: Will add Flower Patch, Clover Patch, White Anemone, Pink Anemone, Orange Daisy, Horseweed and rose to 
[18:54:38] [Render thread/INFO]: Will add Palm Trees to 
[18:54:38] [Render thread/INFO]: Will add Flower Patch, Clover Patch, White Anemone, Pink Anemone, Orange Daisy, Horseweed and rose to 
[18:54:38] [Render thread/INFO]: Will add Green/Cyan/Magenta/Purple/Yellow Tulips, Rose, Orange Daisy, Flower and Clover Patches to 
[18:54:38] [Render thread/INFO]: Will add Palm Trees to 
[18:54:38] [Render thread/INFO]: Will add Green/Cyan/Magenta/Purple/Yellow Tulips, Rose, Orange Daisy, Flower and Clover Patches to 
[18:54:38] [Render thread/INFO]: Registered region biomeswevegone:region_0 to index 4 for type OVERWORLD
[18:54:38] [Render thread/INFO]: Registered region biomeswevegone:region_1 to index 5 for type OVERWORLD
[18:54:38] [Render thread/INFO]: Registered region biomeswevegone:region_2 to index 6 for type OVERWORLD
[18:54:38] [Render thread/INFO]: Initialized color sets in 152ms
[18:54:38] [Render thread/ERROR]: Fabric API detected! This is not a Fabric mod, so please dont report related issues to MoonlightLib or its dependant. This can usually happen with connector or when having a mod that does NOT have a proper Forge native implementation. This can easily lead to poor compatibility and issues. Proceed ar your own risk. 
 Mods that bundled Fabric API: [net.minecraftforge.fml.loading.moddiscovery.ModInfo@7926352f]
[18:54:38] [Render thread/INFO]: Registered region quark:biome_provider to index 7 for type OVERWORLD
[18:54:38] [Render thread/INFO]: Common setup: Performing initial refresh of quark's config on thread 'Render thread'
[18:54:38] [Render thread/INFO]: quark's config is now ready to accept filewatcher changes
[18:54:38] [Worker-ResourceReload-0/INFO]: Loading Early Init Plugins
[18:54:38] [Worker-ResourceReload-0/INFO]: Loading tags during client setup from Waves-1.20.1-1.6a.jar{}
[18:54:38] [Worker-ResourceReload-0/INFO]: Loading tags from files for mod 'waves' in namespace 'waves' from Waves-1.20.1-1.6a.jar{}
[18:54:38] [Worker-ResourceReload-0/INFO]: Discovered tag types: [blocks, entity_types, worldgen/biome, fluids]
[18:54:38] [Worker-ResourceReload-0/INFO]: Loaded tag waves:shore_blocks_blacklist from file Waves-1.20.1-1.6a.jar{}: data\waves\tags\blocks\shore_blocks_blacklist.json
[18:54:38] [Worker-ResourceReload-0/INFO]: Loaded tag waves:shore_blocks_whitelist from file Waves-1.20.1-1.6a.jar{}: data\waves\tags\blocks\shore_blocks_whitelist.json
[18:54:38] [Worker-ResourceReload-0/INFO]: Loaded tag waves:wave_blocks from file Waves-1.20.1-1.6a.jar{}: data\waves\tags\blocks\wave_blocks.json
[18:54:38] [Worker-ResourceReload-0/INFO]: Loaded tag waves:wave_interaction_whitelist from file Waves-1.20.1-1.6a.jar{}: data\waves\tags\entity_types\wave_interaction_whitelist.json
[18:54:38] [Worker-ResourceReload-0/INFO]: Loaded tag waves:wave_interaction_blacklist from file Waves-1.20.1-1.6a.jar{}: data\waves\tags\entity_types\wave_interaction_blacklist.json
[18:54:38] [Worker-ResourceReload-0/INFO]: Loaded tag waves:has_waves from file Waves-1.20.1-1.6a.jar{}: data\waves\tags\worldgen\biome\has_waves.json
[18:54:38] [Worker-ResourceReload-0/INFO]: Loaded tag waves:has_waves from file Waves-1.20.1-1.6a.jar{}: data\waves\tags\fluids\has_waves.json
[18:54:38] [Worker-ResourceReload-0/INFO]: Reloading reverb parameters
[18:54:39] [Worker-ResourceReload-2/INFO]: [voicechat] Using Cloth Config GUI
[18:54:39] [Worker-ResourceReload-2/INFO]: [voicechat] Initializing Opus
[18:54:39] [Worker-ResourceReload-0/INFO]: Unknown sound in sound rate config: parcool:action.hang_down.jump
[18:54:39] [Worker-ResourceReload-0/INFO]: Unknown sound in sound rate config: mcwwindows:block.bars_close
[18:54:39] [Worker-ResourceReload-0/INFO]: Unknown sound in sound rate config: mcwwindows:block.bars_open
[18:54:39] [Worker-ResourceReload-0/INFO]: Unknown sound in sound rate config: mcwwindows:block.blinds_close
[18:54:39] [Worker-ResourceReload-0/INFO]: Unknown sound in sound rate config: mcwwindows:block.blinds_open
[18:54:39] [Worker-ResourceReload-0/INFO]: Unknown sound in sound rate config: mcwwindows:block.window_close
[18:54:39] [Worker-ResourceReload-0/INFO]: Unknown sound in sound rate config: mcwwindows:block.window_open
[18:54:39] [Worker-ResourceReload-0/INFO]: Unknown sound in sound rate config: naturalist:entity.alligator.ambient
[18:54:39] [Worker-ResourceReload-0/INFO]: Unknown sound in sound rate config: naturalist:entity.alligator.ambient_baby
[18:54:39] [Worker-ResourceReload-0/INFO]: Unknown sound in sound rate config: naturalist:entity.alligator.death
[18:54:39] [Worker-ResourceReload-0/INFO]: Unknown sound in sound rate config: naturalist:entity.alligator.egg_break
[18:54:39] [Worker-ResourceReload-0/INFO]: Unknown sound in sound rate config: naturalist:entity.alligator.egg_crack
[18:54:39] [Worker-ResourceReload-0/INFO]: Unknown sound in sound rate config: naturalist:entity.alligator.egg_hatch
[18:54:39] [Worker-ResourceReload-0/INFO]: Unknown sound in sound rate config: naturalist:entity.alligator.hurt
[18:54:39] [Worker-ResourceReload-0/INFO]: Unknown sound in sound rate config: naturalist:entity.bass.flop
[18:54:39] [Worker-ResourceReload-0/INFO]: Unknown sound in sound rate config: naturalist:entity.bear.ambient
[18:54:39] [Worker-ResourceReload-0/INFO]: Unknown sound in sound rate config: naturalist:entity.bear.ambient_baby
[18:54:39] [Worker-ResourceReload-0/INFO]: Unknown sound in sound rate config: naturalist:entity.bear.death
[18:54:39] [Worker-ResourceReload-0/INFO]: Unknown sound in sound rate config: naturalist:entity.bear.eat
[18:54:39] [Worker-ResourceReload-0/INFO]: Unknown sound in sound rate config: naturalist:entity.bear.hurt
[18:54:39] [Worker-ResourceReload-0/INFO]: Unknown sound in sound rate config: naturalist:entity.bear.hurt_baby
[18:54:39] [Worker-ResourceReload-0/INFO]: Unknown sound in sound rate config: naturalist:entity.bear.sleep
[18:54:39] [Worker-ResourceReload-0/INFO]: Unknown sound in sound rate config: naturalist:entity.bear.sniff
[18:54:39] [Worker-ResourceReload-0/INFO]: Unknown sound in sound rate config: naturalist:entity.bear.spit
[18:54:39] [Worker-ResourceReload-0/INFO]: Unknown sound in sound rate config: naturalist:entity.bird.ambient_bluejay
[18:54:39] [Worker-ResourceReload-0/INFO]: Unknown sound in sound rate config: naturalist:entity.bird.ambient_canary
[18:54:39] [Worker-ResourceReload-0/INFO]: Unknown sound in sound rate config: naturalist:entity.bird.ambient_cardinal
[18:54:39] [Worker-ResourceReload-0/INFO]: Unknown sound in sound rate config: naturalist:entity.bird.ambient_finch
[18:54:39] [Worker-ResourceReload-0/INFO]: Unknown sound in sound rate config: naturalist:entity.bird.ambient_robin
[18:54:39] [Worker-ResourceReload-0/INFO]: Unknown sound in sound rate config: naturalist:entity.bird.ambient_sparrow
[18:54:39] [Worker-ResourceReload-0/INFO]: Unknown sound in sound rate config: naturalist:entity.bird.death
[18:54:39] [Worker-ResourceReload-0/INFO]: Unknown sound in sound rate config: naturalist:entity.bird.eat
[18:54:39] [Worker-ResourceReload-0/INFO]: Unknown sound in sound rate config: naturalist:entity.bird.fly
[18:54:39] [Worker-ResourceReload-0/INFO]: Unknown sound in sound rate config: naturalist:entity.bird.hurt
[18:54:39] [Worker-ResourceReload-0/INFO]: Unknown sound in sound rate config: naturalist:entity.boar.ambient
[18:54:39] [Worker-ResourceReload-0/INFO]: Unknown sound in sound rate config: naturalist:entity.boar.death
[18:54:39] [Worker-ResourceReload-0/INFO]: Unknown sound in sound rate config: naturalist:entity.boar.hurt
[18:54:39] [Worker-ResourceReload-0/INFO]: Unknown sound in sound rate config: naturalist:entity.catfish.flop
[18:54:39] [Worker-ResourceReload-0/INFO]: Unknown sound in sound rate config: naturalist:entity.deer.ambient
[18:54:39] [Worker-ResourceReload-0/INFO]: Unknown sound in sound rate config: naturalist:entity.deer.ambient_baby
[18:54:39] [Worker-ResourceReload-0/INFO]: Unknown sound in sound rate config: naturalist:entity.deer.hurt
[18:54:39] [Worker-ResourceReload-2/INFO]: [voicechat] Successfully initialized Opus
[18:54:39] [Worker-ResourceReload-2/INFO]: [voicechat] Initializing RNNoise
[18:54:39] [Worker-ResourceReload-0/INFO]: Unknown sound in sound rate config: naturalist:entity.deer.hurt_baby
[18:54:39] [Worker-ResourceReload-0/INFO]: Unknown sound in sound rate config: naturalist:entity.dragonfly.loop
[18:54:39] [Worker-ResourceReload-0/INFO]: Unknown sound in sound rate config: naturalist:entity.duck.ambient
[18:54:39] [Worker-ResourceReload-0/INFO]: Unknown sound in sound rate config: naturalist:entity.duck.death
[18:54:39] [Worker-ResourceReload-0/INFO]: Unknown sound in sound rate config: naturalist:entity.duck.hurt
[18:54:39] [Worker-ResourceReload-0/INFO]: Unknown sound in sound rate config: naturalist:entity.duck.step
[18:54:39] [Worker-ResourceReload-0/INFO]: Unknown sound in sound rate config: naturalist:entity.elephant.ambient
[18:54:39] [Worker-ResourceReload-0/INFO]: Unknown sound in sound rate config: naturalist:entity.elephant.hurt
[18:54:39] [Worker-ResourceReload-0/INFO]: Unknown sound in sound rate config: naturalist:entity.firefly.death
[18:54:39] [Worker-ResourceReload-0/INFO]: Unknown sound in sound rate config: naturalist:entity.firefly.hide
[18:54:39] [Worker-ResourceReload-0/INFO]: Unknown sound in sound rate config: naturalist:entity.firefly.hurt
[18:54:39] [Worker-ResourceReload-0/INFO]: Unknown sound in sound rate config: naturalist:entity.giraffe.ambient
[18:54:39] [Worker-ResourceReload-0/INFO]: Unknown sound in sound rate config: naturalist:entity.hippo.ambient
[18:54:39] [Worker-ResourceReload-0/INFO]: Unknown sound in sound rate config: naturalist:entity.hippo.hurt
[18:54:39] [Worker-ResourceReload-0/INFO]: Unknown sound in sound rate config: naturalist:entity.lion.ambient
[18:54:39] [Worker-ResourceReload-0/INFO]: Unknown sound in sound rate config: naturalist:entity.lion.hurt
[18:54:39] [Worker-ResourceReload-0/INFO]: Unknown sound in sound rate config: naturalist:entity.lion.roar
[18:54:39] [Worker-ResourceReload-0/INFO]: Unknown sound in sound rate config: creeperoverhaul:entity.ocean.creeper.death
[18:54:39] [Worker-ResourceReload-0/INFO]: Unknown sound in sound rate config: creeperoverhaul:entity.ocean.creeper.deflate
[18:54:39] [Worker-ResourceReload-0/INFO]: Unknown sound in sound rate config: creeperoverhaul:entity.ocean.creeper.hurt_deflated
[18:54:39] [Worker-ResourceReload-0/INFO]: Unknown sound in sound rate config: creeperoverhaul:entity.ocean.creeper.hurt_inflated
[18:54:39] [Worker-ResourceReload-0/INFO]: Unknown sound in sound rate config: creeperoverhaul:entity.ocean.creeper.inflate
[18:54:39] [Worker-ResourceReload-0/INFO]: Unknown sound in sound rate config: creeperoverhaul:entity.plant.creeper.death
[18:54:39] [Worker-ResourceReload-0/INFO]: Unknown sound in sound rate config: creeperoverhaul:entity.plant.creeper.explosion
[18:54:39] [Worker-ResourceReload-0/INFO]: Unknown sound in sound rate config: creeperoverhaul:entity.plant.creeper.hit
[18:54:39] [Worker-ResourceReload-0/INFO]: Unknown sound in sound rate config: creeperoverhaul:entity.plant.creeper.hurt
[18:54:39] [Worker-ResourceReload-0/INFO]: Unknown sound in sound rate config: creeperoverhaul:entity.plant.creeper.prime
[18:54:39] [Worker-ResourceReload-0/INFO]: Unknown sound in sound rate config: naturalist:entity.rhino.ambient
[18:54:39] [Worker-ResourceReload-0/INFO]: Unknown sound in sound rate config: naturalist:entity.rhino.ambient_baby
[18:54:39] [Worker-ResourceReload-0/INFO]: Unknown sound in sound rate config: naturalist:entity.rhino.scrape
[18:54:39] [Worker-ResourceReload-0/INFO]: Unknown sound in sound rate config: naturalist:entity.rubber_ducky.ambient
[18:54:39] [Worker-ResourceReload-0/INFO]: Unknown sound in sound rate config: naturalist:entity.rubber_ducky.death
[18:54:39] [Worker-ResourceReload-0/INFO]: Unknown sound in sound rate config: naturalist:entity.rubber_ducky.hurt
[18:54:39] [Worker-ResourceReload-0/INFO]: Unknown sound in sound rate config: creeperoverhaul:entity.sand.creeper.death
[18:54:39] [Worker-ResourceReload-0/INFO]: Unknown sound in sound rate config: creeperoverhaul:entity.sand.creeper.explosion
[18:54:39] [Worker-ResourceReload-0/INFO]: Unknown sound in sound rate config: creeperoverhaul:entity.sand.creeper.hurt
[18:54:39] [Worker-ResourceReload-0/INFO]: Unknown sound in sound rate config: creeperoverhaul:entity.sand.creeper.prime
[18:54:39] [Worker-ResourceReload-0/INFO]: Unknown sound in sound rate config: naturalist:entity.snail.back
[18:54:39] [Worker-ResourceReload-0/INFO]: Unknown sound in sound rate config: naturalist:entity.snail.crush
[18:54:39] [Worker-ResourceReload-0/INFO]: Unknown sound in sound rate config: naturalist:entity.snail.forward
[18:54:39] [Worker-ResourceReload-0/INFO]: Unknown sound in sound rate config: naturalist:entity.snake.hiss
[18:54:39] [Worker-ResourceReload-0/INFO]: Unknown sound in sound rate config: naturalist:entity.snake.hurt
[18:54:39] [Worker-ResourceReload-0/INFO]: Unknown sound in sound rate config: naturalist:entity.snake.rattle
[18:54:39] [Worker-ResourceReload-0/INFO]: Unknown sound in sound rate config: creeperoverhaul:entity.stone.creeper.death
[18:54:39] [Worker-ResourceReload-0/INFO]: Unknown sound in sound rate config: creeperoverhaul:entity.stone.creeper.explosion
[18:54:39] [Worker-ResourceReload-0/INFO]: Unknown sound in sound rate config: creeperoverhaul:entity.stone.creeper.hurt
[18:54:39] [Worker-ResourceReload-0/INFO]: Unknown sound in sound rate config: creeperoverhaul:entity.stone.creeper.prime
[18:54:39] [Worker-ResourceReload-0/INFO]: Unknown sound in sound rate config: naturalist:entity.tortoise.death
[18:54:39] [Worker-ResourceReload-0/INFO]: Unknown sound in sound rate config: naturalist:entity.tortoise.egg_break
[18:54:39] [Worker-ResourceReload-0/INFO]: Unknown sound in sound rate config: naturalist:entity.tortoise.egg_crack
[18:54:39] [Worker-ResourceReload-0/INFO]: Unknown sound in sound rate config: naturalist:entity.tortoise.egg_hatch
[18:54:39] [Worker-ResourceReload-0/INFO]: Unknown sound in sound rate config: naturalist:entity.tortoise.hide
[18:54:39] [Worker-ResourceReload-0/INFO]: Unknown sound in sound rate config: naturalist:entity.tortoise.hurt
[18:54:39] [Worker-ResourceReload-0/INFO]: Unknown sound in sound rate config: naturalist:entity.tortoise.thud
[18:54:39] [Worker-ResourceReload-0/INFO]: Unknown sound in sound rate config: naturalist:entity.vulture.ambient
[18:54:39] [Worker-ResourceReload-0/INFO]: Unknown sound in sound rate config: naturalist:entity.vulture.death
[18:54:39] [Worker-ResourceReload-0/INFO]: Unknown sound in sound rate config: naturalist:entity.vulture.hurt
[18:54:39] [Worker-ResourceReload-0/INFO]: Unknown sound in sound rate config: creeperoverhaul:entity.wood.creeper.death
[18:54:39] [Worker-ResourceReload-0/INFO]: Unknown sound in sound rate config: creeperoverhaul:entity.wood.creeper.explosion
[18:54:39] [Worker-ResourceReload-0/INFO]: Unknown sound in sound rate config: creeperoverhaul:entity.wood.creeper.hit
[18:54:39] [Worker-ResourceReload-0/INFO]: Unknown sound in sound rate config: creeperoverhaul:entity.wood.creeper.hurt
[18:54:39] [Worker-ResourceReload-0/INFO]: Unknown sound in sound rate config: creeperoverhaul:entity.wood.creeper.prime
[18:54:39] [Worker-ResourceReload-0/INFO]: Unknown sound in sound rate config: naturalist:entity.zebra.ambient
[18:54:39] [Worker-ResourceReload-0/INFO]: Unknown sound in sound rate config: naturalist:entity.zebra.angry
[18:54:39] [Worker-ResourceReload-0/INFO]: Unknown sound in sound rate config: naturalist:entity.zebra.breathe
[18:54:39] [Worker-ResourceReload-0/INFO]: Unknown sound in sound rate config: naturalist:entity.zebra.death
[18:54:39] [Worker-ResourceReload-0/INFO]: Unknown sound in sound rate config: naturalist:entity.zebra.eat
[18:54:39] [Worker-ResourceReload-0/INFO]: Unknown sound in sound rate config: naturalist:entity.zebra.hurt
[18:54:39] [Worker-ResourceReload-0/INFO]: Unknown sound in sound rate config: naturalist:entity.zebra.jump
[18:54:39] [Worker-ResourceReload-0/INFO]: Unknown sound in sound rate config: naturalist:item.bucket.empty_snail
[18:54:39] [Worker-ResourceReload-0/INFO]: Unknown sound in sound rate config: naturalist:item.bucket.fill_snail
[18:54:39] [Worker-ResourceReload-0/INFO]: Unknown sound in sound rate config: parcool:parcool.disable
[18:54:39] [Worker-ResourceReload-0/INFO]: Unknown sound in sound rate config: parcool:parcool.enable
[18:54:39] [Worker-ResourceReload-0/INFO]: Unknown sound in sound rate config: zipline:zipline_attach
[18:54:39] [Worker-ResourceReload-0/INFO]: Unknown sound in sound rate config: zipline:zipline_interrupt
[18:54:39] [Worker-ResourceReload-0/INFO]: Unknown sound in sound rate config: zipline:zipline_use
[18:54:39] [Worker-ResourceReload-0/INFO]: Using Cloth Config GUI
[18:54:39] [Worker-ResourceReload-0/INFO]: Loading Xaero's Minimap - Stage 1/2
[18:54:39] [Worker-ResourceReload-2/INFO]: [voicechat] Successfully initialized RNNoise
[18:54:39] [Worker-ResourceReload-2/INFO]: [voicechat] Initializing Speex
[18:54:39] [Worker-ResourceReload-2/INFO]: [voicechat] Successfully initialized Speex
[18:54:39] [Worker-ResourceReload-2/INFO]: [voicechat] Initializing LAME
[18:54:39] [Worker-ResourceReload-2/INFO]: [voicechat] Successfully initialized LAME
[18:54:39] [Worker-ResourceReload-2/INFO]: Loading Xaero's World Map - Stage 1/2
[18:54:39] [Worker-ResourceReload-0/INFO]: [KONKRETE] Client-side libs ready to use!
[18:54:39] [Worker-ResourceReload-0/INFO]: Loading XaeroLib client 1/2!
[18:54:40] [Worker-ResourceReload-2/INFO]: Setting up Client for Spartan Shields!
[18:54:40] [Worker-ResourceReload-0/WARN]: io exception while checking patreon: Online mod data expired! Date: Wed Oct 07 04:36:48 CST 2026
[18:54:40] [Render thread/INFO]: [org.cotii.screentext.client.ScreenTextPersistence:load:151]: [ScreenText] Loaded displays from disk.
[18:54:40] [Render thread/INFO]: Loading Xaero's Minimap - Stage 2/2
[18:54:41] [Render thread/WARN]: io exception while checking versions: Online mod data expired! Date: Wed Oct 07 04:36:48 CST 2026
[18:54:41] [Render thread/INFO]: Registered player tracker system: minimap_synced
[18:54:42] [Render thread/INFO]: Loading Xaero's World Map - Stage 2/2
[18:54:42] [Render thread/INFO]: New world map region cache hash code: -1778886404
[18:54:42] [Render thread/ERROR]: io exception while checking versions: Online mod data expired! Date: Wed Oct 07 04:36:48 CST 2026
[18:54:42] [Render thread/INFO]: Registered player tracker system: map_synced
[18:54:42] [Render thread/INFO]: Xaero's WorldMap Mod: Xaero's minimap found!
[18:54:42] [Render thread/INFO]: Registered player tracker system: minimap_synced
[18:54:42] [Render thread/INFO]: No Optifine!
[18:54:42] [Render thread/INFO]: Xaero's World Map: No Vivecraft!
[18:54:42] [Render thread/INFO]: Xaero's World Map: Iris found!
[18:54:42] [Render thread/ERROR]: Founded directories but custom loading gif is missing
[18:54:42] [Render thread/INFO]: Config data not found.
[18:54:42] [Render thread/INFO]: Loading XaeroLib common 2/2!
[18:54:42] [Render thread/INFO]: Loading XaeroLib client 2/2!
[18:54:45] [Worker-ResourceReload-1/WARN]: Unable to load model: 'dke:item/dragon_scepter' referenced from: minecraft:warped_fungus_on_a_stick#inventory: java.io.FileNotFoundException: dke:models/item/dragon_scepter.json
[18:54:45] [Worker-ResourceReload-1/WARN]: Unable to load model: 'dke:item/dragon_eyes' referenced from: minecraft:warped_fungus_on_a_stick#inventory: java.io.FileNotFoundException: dke:models/item/dragon_eyes.json
[18:54:45] [Worker-ResourceReload-1/WARN]: Unable to load model: 'minecraft:item/flint_and_steel/2' referenced from: minecraft:flint_and_steel#inventory: java.io.FileNotFoundException: minecraft:models/item/flint_and_steel/2.json
[18:54:45] [Worker-ResourceReload-1/WARN]: Unable to load model: 'minecraft:item/flint_and_steel/3' referenced from: minecraft:flint_and_steel#inventory: java.io.FileNotFoundException: minecraft:models/item/flint_and_steel/3.json
[18:54:45] [Worker-ResourceReload-1/WARN]: Unable to load model: 'minecraft:item/apple/16' referenced from: minecraft:apple#inventory: java.io.FileNotFoundException: minecraft:models/item/apple/16.json
[18:54:45] [Worker-ResourceReload-1/WARN]: Unable to load model: 'minecraft:item/apple/15' referenced from: minecraft:apple#inventory: java.io.FileNotFoundException: minecraft:models/item/apple/15.json
[18:54:45] [Worker-ResourceReload-1/WARN]: Unable to load model: 'minecraft:item/apple/18' referenced from: minecraft:apple#inventory: java.io.FileNotFoundException: minecraft:models/item/apple/18.json
[18:54:45] [Worker-ResourceReload-1/WARN]: Unable to load model: 'minecraft:item/apple/17' referenced from: minecraft:apple#inventory: java.io.FileNotFoundException: minecraft:models/item/apple/17.json
[18:54:45] [Worker-ResourceReload-1/WARN]: Unable to load model: 'minecraft:item/apple/19' referenced from: minecraft:apple#inventory: java.io.FileNotFoundException: minecraft:models/item/apple/19.json
[18:54:45] [Worker-ResourceReload-1/WARN]: Unable to load model: 'minecraft:item/apple/12' referenced from: minecraft:apple#inventory: java.io.FileNotFoundException: minecraft:models/item/apple/12.json
[18:54:45] [Worker-ResourceReload-1/WARN]: Unable to load model: 'minecraft:item/apple/11' referenced from: minecraft:apple#inventory: java.io.FileNotFoundException: minecraft:models/item/apple/11.json
[18:54:45] [Worker-ResourceReload-1/WARN]: Unable to load model: 'minecraft:item/apple/14' referenced from: minecraft:apple#inventory: java.io.FileNotFoundException: minecraft:models/item/apple/14.json
[18:54:45] [Worker-ResourceReload-1/WARN]: Unable to load model: 'minecraft:item/apple/13' referenced from: minecraft:apple#inventory: java.io.FileNotFoundException: minecraft:models/item/apple/13.json
[18:54:45] [Worker-ResourceReload-1/WARN]: Unable to load model: 'minecraft:item/apple/49' referenced from: minecraft:apple#inventory: java.io.FileNotFoundException: minecraft:models/item/apple/49.json
[18:54:45] [Worker-ResourceReload-1/WARN]: Unable to load model: 'minecraft:item/apple/48' referenced from: minecraft:apple#inventory: java.io.FileNotFoundException: minecraft:models/item/apple/48.json
[18:54:45] [Worker-ResourceReload-1/WARN]: Unable to load model: 'minecraft:item/apple/41' referenced from: minecraft:apple#inventory: java.io.FileNotFoundException: minecraft:models/item/apple/41.json
[18:54:45] [Worker-ResourceReload-1/WARN]: Unable to load model: 'minecraft:item/apple/40' referenced from: minecraft:apple#inventory: java.io.FileNotFoundException: minecraft:models/item/apple/40.json
[18:54:45] [Worker-ResourceReload-1/WARN]: Unable to load model: 'minecraft:item/apple/43' referenced from: minecraft:apple#inventory: java.io.FileNotFoundException: minecraft:models/item/apple/43.json
[18:54:45] [Worker-ResourceReload-1/WARN]: Unable to load model: 'minecraft:item/apple/42' referenced from: minecraft:apple#inventory: java.io.FileNotFoundException: minecraft:models/item/apple/42.json
[18:54:45] [Worker-ResourceReload-1/WARN]: Unable to load model: 'minecraft:item/apple/45' referenced from: minecraft:apple#inventory: java.io.FileNotFoundException: minecraft:models/item/apple/45.json
[18:54:45] [Worker-ResourceReload-1/WARN]: Unable to load model: 'minecraft:item/apple/44' referenced from: minecraft:apple#inventory: java.io.FileNotFoundException: minecraft:models/item/apple/44.json
[18:54:45] [Worker-ResourceReload-1/WARN]: Unable to load model: 'minecraft:item/apple/47' referenced from: minecraft:apple#inventory: java.io.FileNotFoundException: minecraft:models/item/apple/47.json
[18:54:45] [Worker-ResourceReload-1/WARN]: Unable to load model: 'minecraft:item/apple/46' referenced from: minecraft:apple#inventory: java.io.FileNotFoundException: minecraft:models/item/apple/46.json
[18:54:45] [Worker-ResourceReload-1/WARN]: Unable to load model: 'minecraft:item/apple/50' referenced from: minecraft:apple#inventory: java.io.FileNotFoundException: minecraft:models/item/apple/50.json
[18:54:45] [Worker-ResourceReload-1/WARN]: Unable to load model: 'minecraft:item/apple/38' referenced from: minecraft:apple#inventory: java.io.FileNotFoundException: minecraft:models/item/apple/38.json
[18:54:45] [Worker-ResourceReload-1/WARN]: Unable to load model: 'minecraft:item/apple/37' referenced from: minecraft:apple#inventory: java.io.FileNotFoundException: minecraft:models/item/apple/37.json
[18:54:45] [Worker-ResourceReload-1/WARN]: Unable to load model: 'minecraft:item/apple/39' referenced from: minecraft:apple#inventory: java.io.FileNotFoundException: minecraft:models/item/apple/39.json
[18:54:45] [Worker-ResourceReload-1/WARN]: Unable to load model: 'minecraft:item/apple/30' referenced from: minecraft:apple#inventory: java.io.FileNotFoundException: minecraft:models/item/apple/30.json
[18:54:45] [Worker-ResourceReload-1/WARN]: Unable to load model: 'minecraft:item/apple/32' referenced from: minecraft:apple#inventory: java.io.FileNotFoundException: minecraft:models/item/apple/32.json
[18:54:45] [Worker-ResourceReload-1/WARN]: Unable to load model: 'minecraft:item/apple/31' referenced from: minecraft:apple#inventory: java.io.FileNotFoundException: minecraft:models/item/apple/31.json
[18:54:45] [Worker-ResourceReload-1/WARN]: Unable to load model: 'minecraft:item/apple/34' referenced from: minecraft:apple#inventory: java.io.FileNotFoundException: minecraft:models/item/apple/34.json
[18:54:45] [Worker-ResourceReload-1/WARN]: Unable to load model: 'minecraft:item/apple/33' referenced from: minecraft:apple#inventory: java.io.FileNotFoundException: minecraft:models/item/apple/33.json
[18:54:45] [Worker-ResourceReload-1/WARN]: Unable to load model: 'minecraft:item/apple/36' referenced from: minecraft:apple#inventory: java.io.FileNotFoundException: minecraft:models/item/apple/36.json
[18:54:45] [Worker-ResourceReload-1/WARN]: Unable to load model: 'minecraft:item/apple/35' referenced from: minecraft:apple#inventory: java.io.FileNotFoundException: minecraft:models/item/apple/35.json
[18:54:45] [Worker-ResourceReload-1/WARN]: Unable to load model: 'minecraft:item/apple/27' referenced from: minecraft:apple#inventory: java.io.FileNotFoundException: minecraft:models/item/apple/27.json
[18:54:45] [Worker-ResourceReload-1/WARN]: Unable to load model: 'minecraft:item/apple/26' referenced from: minecraft:apple#inventory: java.io.FileNotFoundException: minecraft:models/item/apple/26.json
[18:54:45] [Worker-ResourceReload-1/WARN]: Unable to load model: 'minecraft:item/apple/29' referenced from: minecraft:apple#inventory: java.io.FileNotFoundException: minecraft:models/item/apple/29.json
[18:54:45] [Worker-ResourceReload-1/WARN]: Unable to load model: 'minecraft:item/apple/28' referenced from: minecraft:apple#inventory: java.io.FileNotFoundException: minecraft:models/item/apple/28.json
[18:54:45] [Worker-ResourceReload-1/WARN]: Unable to load model: 'minecraft:item/apple/21' referenced from: minecraft:apple#inventory: java.io.FileNotFoundException: minecraft:models/item/apple/21.json
[18:54:45] [Worker-ResourceReload-1/WARN]: Unable to load model: 'minecraft:item/apple/20' referenced from: minecraft:apple#inventory: java.io.FileNotFoundException: minecraft:models/item/apple/20.json
[18:54:45] [Worker-ResourceReload-1/WARN]: Unable to load model: 'minecraft:item/apple/23' referenced from: minecraft:apple#inventory: java.io.FileNotFoundException: minecraft:models/item/apple/23.json
[18:54:45] [Worker-ResourceReload-1/WARN]: Unable to load model: 'minecraft:item/apple/22' referenced from: minecraft:apple#inventory: java.io.FileNotFoundException: minecraft:models/item/apple/22.json
[18:54:45] [Worker-ResourceReload-1/WARN]: Unable to load model: 'minecraft:item/apple/25' referenced from: minecraft:apple#inventory: java.io.FileNotFoundException: minecraft:models/item/apple/25.json
[18:54:45] [Worker-ResourceReload-1/WARN]: Unable to load model: 'minecraft:item/apple/24' referenced from: minecraft:apple#inventory: java.io.FileNotFoundException: minecraft:models/item/apple/24.json
[18:54:45] [Worker-ResourceReload-1/WARN]: Unable to load model: 'minecraft:item/iron_ingot/31' referenced from: minecraft:iron_ingot#inventory: java.io.FileNotFoundException: minecraft:models/item/iron_ingot/31.json
[18:54:45] [Worker-ResourceReload-1/WARN]: Unable to load model: 'minecraft:item/iron_ingot/32' referenced from: minecraft:iron_ingot#inventory: java.io.FileNotFoundException: minecraft:models/item/iron_ingot/32.json
[18:54:45] [Worker-ResourceReload-1/WARN]: Unable to load model: 'minecraft:item/iron_ingot/33' referenced from: minecraft:iron_ingot#inventory: java.io.FileNotFoundException: minecraft:models/item/iron_ingot/33.json
[18:54:45] [Worker-ResourceReload-1/WARN]: Unable to load model: 'minecraft:item/iron_ingot/34' referenced from: minecraft:iron_ingot#inventory: java.io.FileNotFoundException: minecraft:models/item/iron_ingot/34.json
[18:54:45] [Worker-ResourceReload-1/WARN]: Unable to load model: 'minecraft:item/iron_ingot/30' referenced from: minecraft:iron_ingot#inventory: java.io.FileNotFoundException: minecraft:models/item/iron_ingot/30.json
[18:54:45] [Worker-ResourceReload-1/WARN]: Unable to load model: 'minecraft:item/iron_ingot/39' referenced from: minecraft:iron_ingot#inventory: java.io.FileNotFoundException: minecraft:models/item/iron_ingot/39.json
[18:54:45] [Worker-ResourceReload-1/WARN]: Unable to load model: 'minecraft:item/iron_ingot/35' referenced from: minecraft:iron_ingot#inventory: java.io.FileNotFoundException: minecraft:models/item/iron_ingot/35.json
[18:54:45] [Worker-ResourceReload-1/WARN]: Unable to load model: 'minecraft:item/iron_ingot/36' referenced from: minecraft:iron_ingot#inventory: java.io.FileNotFoundException: minecraft:models/item/iron_ingot/36.json
[18:54:45] [Worker-ResourceReload-1/WARN]: Unable to load model: 'minecraft:item/iron_ingot/37' referenced from: minecraft:iron_ingot#inventory: java.io.FileNotFoundException: minecraft:models/item/iron_ingot/37.json
[18:54:45] [Worker-ResourceReload-1/WARN]: Unable to load model: 'minecraft:item/iron_ingot/38' referenced from: minecraft:iron_ingot#inventory: java.io.FileNotFoundException: minecraft:models/item/iron_ingot/38.json
[18:54:45] [Worker-ResourceReload-1/WARN]: Unable to load model: 'minecraft:item/iron_ingot/28' referenced from: minecraft:iron_ingot#inventory: java.io.FileNotFoundException: minecraft:models/item/iron_ingot/28.json
[18:54:45] [Worker-ResourceReload-1/WARN]: Unable to load model: 'minecraft:item/iron_ingot/29' referenced from: minecraft:iron_ingot#inventory: java.io.FileNotFoundException: minecraft:models/item/iron_ingot/29.json
[18:54:45] [Worker-ResourceReload-1/WARN]: Unable to load model: 'minecraft:item/iron_ingot/26' referenced from: minecraft:iron_ingot#inventory: java.io.FileNotFoundException: minecraft:models/item/iron_ingot/26.json
[18:54:45] [Worker-ResourceReload-1/WARN]: Unable to load model: 'minecraft:item/iron_ingot/27' referenced from: minecraft:iron_ingot#inventory: java.io.FileNotFoundException: minecraft:models/item/iron_ingot/27.json
[18:54:45] [Worker-ResourceReload-1/WARN]: Unable to load model: 'minecraft:item/iron_ingot/50' referenced from: minecraft:iron_ingot#inventory: java.io.FileNotFoundException: minecraft:models/item/iron_ingot/50.json
[18:54:45] [Worker-ResourceReload-1/WARN]: Unable to load model: 'minecraft:item/iron_ingot/42' referenced from: minecraft:iron_ingot#inventory: java.io.FileNotFoundException: minecraft:models/item/iron_ingot/42.json
[18:54:45] [Worker-ResourceReload-1/WARN]: Unable to load model: 'minecraft:item/iron_ingot/43' referenced from: minecraft:iron_ingot#inventory: java.io.FileNotFoundException: minecraft:models/item/iron_ingot/43.json
[18:54:45] [Worker-ResourceReload-1/WARN]: Unable to load model: 'minecraft:item/iron_ingot/44' referenced from: minecraft:iron_ingot#inventory: java.io.FileNotFoundException: minecraft:models/item/iron_ingot/44.json
[18:54:45] [Worker-ResourceReload-1/WARN]: Unable to load model: 'minecraft:item/iron_ingot/45' referenced from: minecraft:iron_ingot#inventory: java.io.FileNotFoundException: minecraft:models/item/iron_ingot/45.json
[18:54:45] [Worker-ResourceReload-1/WARN]: Unable to load model: 'minecraft:item/iron_ingot/40' referenced from: minecraft:iron_ingot#inventory: java.io.FileNotFoundException: minecraft:models/item/iron_ingot/40.json
[18:54:45] [Worker-ResourceReload-1/WARN]: Unable to load model: 'minecraft:item/iron_ingot/41' referenced from: minecraft:iron_ingot#inventory: java.io.FileNotFoundException: minecraft:models/item/iron_ingot/41.json
[18:54:45] [Worker-ResourceReload-1/WARN]: Unable to load model: 'minecraft:item/iron_ingot/46' referenced from: minecraft:iron_ingot#inventory: java.io.FileNotFoundException: minecraft:models/item/iron_ingot/46.json
[18:54:45] [Worker-ResourceReload-1/WARN]: Unable to load model: 'minecraft:item/iron_ingot/47' referenced from: minecraft:iron_ingot#inventory: java.io.FileNotFoundException: minecraft:models/item/iron_ingot/47.json
[18:54:45] [Worker-ResourceReload-1/WARN]: Unable to load model: 'minecraft:item/iron_ingot/48' referenced from: minecraft:iron_ingot#inventory: java.io.FileNotFoundException: minecraft:models/item/iron_ingot/48.json
[18:54:45] [Worker-ResourceReload-1/WARN]: Unable to load model: 'minecraft:item/iron_ingot/49' referenced from: minecraft:iron_ingot#inventory: java.io.FileNotFoundException: minecraft:models/item/iron_ingot/49.json
[18:54:45] [Worker-ResourceReload-1/WARN]: Unable to load model: 'dke:item/dragon_sword' referenced from: minecraft:stone_sword#inventory: java.io.FileNotFoundException: dke:models/item/dragon_sword.json
[18:54:45] [Worker-ResourceReload-1/WARN]: Unable to load model: 'minecraft:item/golden_hoe/28' referenced from: minecraft:golden_hoe#inventory: java.io.FileNotFoundException: minecraft:models/item/golden_hoe/28.json
[18:54:45] [Worker-ResourceReload-1/WARN]: Unable to load model: 'minecraft:item/golden_hoe/29' referenced from: minecraft:golden_hoe#inventory: java.io.FileNotFoundException: minecraft:models/item/golden_hoe/29.json
[18:54:45] [Worker-ResourceReload-1/WARN]: Unable to load model: 'minecraft:item/golden_hoe/26' referenced from: minecraft:golden_hoe#inventory: java.io.FileNotFoundException: minecraft:models/item/golden_hoe/26.json
[18:54:45] [Worker-ResourceReload-1/WARN]: Unable to load model: 'minecraft:item/golden_hoe/27' referenced from: minecraft:golden_hoe#inventory: java.io.FileNotFoundException: minecraft:models/item/golden_hoe/27.json
[18:54:45] [Worker-ResourceReload-1/WARN]: Unable to load model: 'minecraft:item/golden_hoe/24' referenced from: minecraft:golden_hoe#inventory: java.io.FileNotFoundException: minecraft:models/item/golden_hoe/24.json
[18:54:45] [Worker-ResourceReload-1/WARN]: Unable to load model: 'minecraft:item/golden_hoe/25' referenced from: minecraft:golden_hoe#inventory: java.io.FileNotFoundException: minecraft:models/item/golden_hoe/25.json
[18:54:45] [Worker-ResourceReload-1/WARN]: Unable to load model: 'minecraft:item/golden_hoe/3' referenced from: minecraft:golden_hoe#inventory: java.io.FileNotFoundException: minecraft:models/item/golden_hoe/3.json
[18:54:45] [Worker-ResourceReload-1/WARN]: Unable to load model: 'minecraft:item/golden_hoe/33' referenced from: minecraft:golden_hoe#inventory: java.io.FileNotFoundException: minecraft:models/item/golden_hoe/33.json
[18:54:45] [Worker-ResourceReload-1/WARN]: Unable to load model: 'minecraft:item/golden_hoe/2' referenced from: minecraft:golden_hoe#inventory: java.io.FileNotFoundException: minecraft:models/item/golden_hoe/2.json
[18:54:45] [Worker-ResourceReload-1/WARN]: Unable to load model: 'minecraft:item/golden_hoe/34' referenced from: minecraft:golden_hoe#inventory: java.io.FileNotFoundException: minecraft:models/item/golden_hoe/34.json
[18:54:45] [Worker-ResourceReload-1/WARN]: Unable to load model: 'minecraft:item/golden_hoe/31' referenced from: minecraft:golden_hoe#inventory: java.io.FileNotFoundException: minecraft:models/item/golden_hoe/31.json
[18:54:45] [Worker-ResourceReload-1/WARN]: Unable to load model: 'minecraft:item/golden_hoe/32' referenced from: minecraft:golden_hoe#inventory: java.io.FileNotFoundException: minecraft:models/item/golden_hoe/32.json
[18:54:45] [Worker-ResourceReload-1/WARN]: Unable to load model: 'minecraft:item/golden_hoe/7' referenced from: minecraft:golden_hoe#inventory: java.io.FileNotFoundException: minecraft:models/item/golden_hoe/7.json
[18:54:45] [Worker-ResourceReload-1/WARN]: Unable to load model: 'minecraft:item/golden_hoe/6' referenced from: minecraft:golden_hoe#inventory: java.io.FileNotFoundException: minecraft:models/item/golden_hoe/6.json
[18:54:45] [Worker-ResourceReload-1/WARN]: Unable to load model: 'minecraft:item/golden_hoe/30' referenced from: minecraft:golden_hoe#inventory: java.io.FileNotFoundException: minecraft:models/item/golden_hoe/30.json
[18:54:45] [Worker-ResourceReload-1/WARN]: Unable to load model: 'minecraft:item/golden_hoe/5' referenced from: minecraft:golden_hoe#inventory: java.io.FileNotFoundException: minecraft:models/item/golden_hoe/5.json
[18:54:45] [Worker-ResourceReload-1/WARN]: Unable to load model: 'minecraft:item/golden_hoe/4' referenced from: minecraft:golden_hoe#inventory: java.io.FileNotFoundException: minecraft:models/item/golden_hoe/4.json
[18:54:45] [Worker-ResourceReload-1/WARN]: Unable to load model: 'minecraft:item/golden_hoe/19' referenced from: minecraft:golden_hoe#inventory: java.io.FileNotFoundException: minecraft:models/item/golden_hoe/19.json
[18:54:45] [Worker-ResourceReload-1/WARN]: Unable to load model: 'minecraft:item/golden_hoe/9' referenced from: minecraft:golden_hoe#inventory: java.io.FileNotFoundException: minecraft:models/item/golden_hoe/9.json
[18:54:45] [Worker-ResourceReload-1/WARN]: Unable to load model: 'minecraft:item/golden_hoe/17' referenced from: minecraft:golden_hoe#inventory: java.io.FileNotFoundException: minecraft:models/item/golden_hoe/17.json
[18:54:45] [Worker-ResourceReload-1/WARN]: Unable to load model: 'minecraft:item/golden_hoe/8' referenced from: minecraft:golden_hoe#inventory: java.io.FileNotFoundException: minecraft:models/item/golden_hoe/8.json
[18:54:45] [Worker-ResourceReload-1/WARN]: Unable to load model: 'minecraft:item/golden_hoe/18' referenced from: minecraft:golden_hoe#inventory: java.io.FileNotFoundException: minecraft:models/item/golden_hoe/18.json
[18:54:45] [Worker-ResourceReload-1/WARN]: Unable to load model: 'minecraft:item/golden_hoe/15' referenced from: minecraft:golden_hoe#inventory: java.io.FileNotFoundException: minecraft:models/item/golden_hoe/15.json
[18:54:45] [Worker-ResourceReload-1/WARN]: Unable to load model: 'minecraft:item/golden_hoe/16' referenced from: minecraft:golden_hoe#inventory: java.io.FileNotFoundException: minecraft:models/item/golden_hoe/16.json
[18:54:45] [Worker-ResourceReload-1/WARN]: Unable to load model: 'minecraft:item/golden_hoe/13' referenced from: minecraft:golden_hoe#inventory: java.io.FileNotFoundException: minecraft:models/item/golden_hoe/13.json
[18:54:45] [Worker-ResourceReload-1/WARN]: Unable to load model: 'minecraft:item/golden_hoe/14' referenced from: minecraft:golden_hoe#inventory: java.io.FileNotFoundException: minecraft:models/item/golden_hoe/14.json
[18:54:45] [Worker-ResourceReload-1/WARN]: Unable to load model: 'minecraft:item/golden_hoe/22' referenced from: minecraft:golden_hoe#inventory: java.io.FileNotFoundException: minecraft:models/item/golden_hoe/22.json
[18:54:45] [Worker-ResourceReload-1/WARN]: Unable to load model: 'minecraft:item/golden_hoe/23' referenced from: minecraft:golden_hoe#inventory: java.io.FileNotFoundException: minecraft:models/item/golden_hoe/23.json
[18:54:45] [Worker-ResourceReload-1/WARN]: Unable to load model: 'minecraft:item/golden_hoe/20' referenced from: minecraft:golden_hoe#inventory: java.io.FileNotFoundException: minecraft:models/item/golden_hoe/20.json
[18:54:45] [Worker-ResourceReload-1/WARN]: Unable to load model: 'minecraft:item/golden_hoe/21' referenced from: minecraft:golden_hoe#inventory: java.io.FileNotFoundException: minecraft:models/item/golden_hoe/21.json
[18:54:45] [Worker-ResourceReload-1/WARN]: Unable to load model: 'minecraft:item/golden_hoe/48' referenced from: minecraft:golden_hoe#inventory: java.io.FileNotFoundException: minecraft:models/item/golden_hoe/48.json
[18:54:45] [Worker-ResourceReload-1/WARN]: Unable to load model: 'minecraft:item/golden_hoe/49' referenced from: minecraft:golden_hoe#inventory: java.io.FileNotFoundException: minecraft:models/item/golden_hoe/49.json
[18:54:45] [Worker-ResourceReload-1/WARN]: Unable to load model: 'minecraft:item/golden_hoe/46' referenced from: minecraft:golden_hoe#inventory: java.io.FileNotFoundException: minecraft:models/item/golden_hoe/46.json
[18:54:45] [Worker-ResourceReload-1/WARN]: Unable to load model: 'minecraft:item/golden_hoe/47' referenced from: minecraft:golden_hoe#inventory: java.io.FileNotFoundException: minecraft:models/item/golden_hoe/47.json
[18:54:45] [Worker-ResourceReload-1/WARN]: Unable to load model: 'minecraft:item/golden_hoe/11' referenced from: minecraft:golden_hoe#inventory: java.io.FileNotFoundException: minecraft:models/item/golden_hoe/11.json
[18:54:45] [Worker-ResourceReload-1/WARN]: Unable to load model: 'minecraft:item/golden_hoe/12' referenced from: minecraft:golden_hoe#inventory: java.io.FileNotFoundException: minecraft:models/item/golden_hoe/12.json
[18:54:45] [Worker-ResourceReload-1/WARN]: Unable to load model: 'minecraft:item/golden_hoe/10' referenced from: minecraft:golden_hoe#inventory: java.io.FileNotFoundException: minecraft:models/item/golden_hoe/10.json
[18:54:45] [Worker-ResourceReload-1/WARN]: Unable to load model: 'minecraft:item/golden_hoe/50' referenced from: minecraft:golden_hoe#inventory: java.io.FileNotFoundException: minecraft:models/item/golden_hoe/50.json
[18:54:45] [Worker-ResourceReload-1/WARN]: Unable to load model: 'minecraft:item/golden_hoe/39' referenced from: minecraft:golden_hoe#inventory: java.io.FileNotFoundException: minecraft:models/item/golden_hoe/39.json
[18:54:45] [Worker-ResourceReload-1/WARN]: Unable to load model: 'minecraft:item/golden_hoe/37' referenced from: minecraft:golden_hoe#inventory: java.io.FileNotFoundException: minecraft:models/item/golden_hoe/37.json
[18:54:45] [Worker-ResourceReload-1/WARN]: Unable to load model: 'minecraft:item/golden_hoe/38' referenced from: minecraft:golden_hoe#inventory: java.io.FileNotFoundException: minecraft:models/item/golden_hoe/38.json
[18:54:45] [Worker-ResourceReload-1/WARN]: Unable to load model: 'minecraft:item/golden_hoe/35' referenced from: minecraft:golden_hoe#inventory: java.io.FileNotFoundException: minecraft:models/item/golden_hoe/35.json
[18:54:45] [Worker-ResourceReload-1/WARN]: Unable to load model: 'minecraft:item/golden_hoe/36' referenced from: minecraft:golden_hoe#inventory: java.io.FileNotFoundException: minecraft:models/item/golden_hoe/36.json
[18:54:45] [Worker-ResourceReload-1/WARN]: Unable to load model: 'minecraft:item/golden_hoe/44' referenced from: minecraft:golden_hoe#inventory: java.io.FileNotFoundException: minecraft:models/item/golden_hoe/44.json
[18:54:45] [Worker-ResourceReload-1/WARN]: Unable to load model: 'minecraft:item/golden_hoe/45' referenced from: minecraft:golden_hoe#inventory: java.io.FileNotFoundException: minecraft:models/item/golden_hoe/45.json
[18:54:45] [Worker-ResourceReload-1/WARN]: Unable to load model: 'minecraft:item/golden_hoe/42' referenced from: minecraft:golden_hoe#inventory: java.io.FileNotFoundException: minecraft:models/item/golden_hoe/42.json
[18:54:45] [Worker-ResourceReload-1/WARN]: Unable to load model: 'minecraft:item/golden_hoe/43' referenced from: minecraft:golden_hoe#inventory: java.io.FileNotFoundException: minecraft:models/item/golden_hoe/43.json
[18:54:45] [Worker-ResourceReload-1/WARN]: Unable to load model: 'minecraft:item/golden_hoe/40' referenced from: minecraft:golden_hoe#inventory: java.io.FileNotFoundException: minecraft:models/item/golden_hoe/40.json
[18:54:45] [Worker-ResourceReload-1/WARN]: Unable to load model: 'minecraft:item/golden_hoe/41' referenced from: minecraft:golden_hoe#inventory: java.io.FileNotFoundException: minecraft:models/item/golden_hoe/41.json
[18:54:45] [Worker-ResourceReload-1/WARN]: Unable to load model: 'minecraft:item/iron_sword/42' referenced from: minecraft:iron_sword#inventory: java.io.FileNotFoundException: minecraft:models/item/iron_sword/42.json
[18:54:45] [Worker-ResourceReload-1/WARN]: Unable to load model: 'minecraft:item/iron_sword/43' referenced from: minecraft:iron_sword#inventory: java.io.FileNotFoundException: minecraft:models/item/iron_sword/43.json
[18:54:45] [Worker-ResourceReload-1/WARN]: Unable to load model: 'minecraft:item/iron_sword/40' referenced from: minecraft:iron_sword#inventory: java.io.FileNotFoundException: minecraft:models/item/iron_sword/40.json
[18:54:45] [Worker-ResourceReload-1/WARN]: Unable to load model: 'minecraft:item/iron_sword/41' referenced from: minecraft:iron_sword#inventory: java.io.FileNotFoundException: minecraft:models/item/iron_sword/41.json
[18:54:45] [Worker-ResourceReload-1/WARN]: Unable to load model: 'minecraft:item/iron_sword/35' referenced from: minecraft:iron_sword#inventory: java.io.FileNotFoundException: minecraft:models/item/iron_sword/35.json
[18:54:45] [Worker-ResourceReload-1/WARN]: Unable to load model: 'minecraft:item/iron_sword/36' referenced from: minecraft:iron_sword#inventory: java.io.FileNotFoundException: minecraft:models/item/iron_sword/36.json
[18:54:45] [Worker-ResourceReload-1/WARN]: Unable to load model: 'minecraft:item/iron_sword/33' referenced from: minecraft:iron_sword#inventory: java.io.FileNotFoundException: minecraft:models/item/iron_sword/33.json
[18:54:45] [Worker-ResourceReload-1/WARN]: Unable to load model: 'minecraft:item/iron_sword/34' referenced from: minecraft:iron_sword#inventory: java.io.FileNotFoundException: minecraft:models/item/iron_sword/34.json
[18:54:45] [Worker-ResourceReload-1/WARN]: Unable to load model: 'minecraft:item/iron_sword/39' referenced from: minecraft:iron_sword#inventory: java.io.FileNotFoundException: minecraft:models/item/iron_sword/39.json
[18:54:45] [Worker-ResourceReload-1/WARN]: Unable to load model: 'minecraft:item/iron_sword/37' referenced from: minecraft:iron_sword#inventory: java.io.FileNotFoundException: minecraft:models/item/iron_sword/37.json
[18:54:45] [Worker-ResourceReload-1/WARN]: Unable to load model: 'minecraft:item/iron_sword/38' referenced from: minecraft:iron_sword#inventory: java.io.FileNotFoundException: minecraft:models/item/iron_sword/38.json
[18:54:45] [Worker-ResourceReload-1/WARN]: Unable to load model: 'minecraft:item/iron_sword/50' referenced from: minecraft:iron_sword#inventory: java.io.FileNotFoundException: minecraft:models/item/iron_sword/50.json
[18:54:45] [Worker-ResourceReload-1/WARN]: Unable to load model: 'minecraft:item/iron_sword/46' referenced from: minecraft:iron_sword#inventory: java.io.FileNotFoundException: minecraft:models/item/iron_sword/46.json
[18:54:45] [Worker-ResourceReload-1/WARN]: Unable to load model: 'minecraft:item/iron_sword/47' referenced from: minecraft:iron_sword#inventory: java.io.FileNotFoundException: minecraft:models/item/iron_sword/47.json
[18:54:45] [Worker-ResourceReload-1/WARN]: Unable to load model: 'minecraft:item/iron_sword/44' referenced from: minecraft:iron_sword#inventory: java.io.FileNotFoundException: minecraft:models/item/iron_sword/44.json
[18:54:45] [Worker-ResourceReload-1/WARN]: Unable to load model: 'minecraft:item/iron_sword/45' referenced from: minecraft:iron_sword#inventory: java.io.FileNotFoundException: minecraft:models/item/iron_sword/45.json
[18:54:45] [Worker-ResourceReload-1/WARN]: Unable to load model: 'minecraft:item/iron_sword/48' referenced from: minecraft:iron_sword#inventory: java.io.FileNotFoundException: minecraft:models/item/iron_sword/48.json
[18:54:45] [Worker-ResourceReload-1/WARN]: Unable to load model: 'minecraft:item/iron_sword/49' referenced from: minecraft:iron_sword#inventory: java.io.FileNotFoundException: minecraft:models/item/iron_sword/49.json
[18:54:45] [Worker-ResourceReload-1/WARN]: Unable to load model: 'minecraft:item/iron_sword/31' referenced from: minecraft:iron_sword#inventory: java.io.FileNotFoundException: minecraft:models/item/iron_sword/31.json
[18:54:45] [Worker-ResourceReload-1/WARN]: Unable to load model: 'minecraft:item/iron_sword/32' referenced from: minecraft:iron_sword#inventory: java.io.FileNotFoundException: minecraft:models/item/iron_sword/32.json
[18:54:45] [Worker-ResourceReload-1/WARN]: Unable to load model: 'minecraft:item/iron_sword/30' referenced from: minecraft:iron_sword#inventory: java.io.FileNotFoundException: minecraft:models/item/iron_sword/30.json
[18:54:45] [Worker-ResourceReload-1/WARN]: Unable to load model: 'minecraft:item/iron_sword/24' referenced from: minecraft:iron_sword#inventory: java.io.FileNotFoundException: minecraft:models/item/iron_sword/24.json
[18:54:45] [Worker-ResourceReload-1/WARN]: Unable to load model: 'minecraft:item/iron_sword/25' referenced from: minecraft:iron_sword#inventory: java.io.FileNotFoundException: minecraft:models/item/iron_sword/25.json
[18:54:45] [Worker-ResourceReload-1/WARN]: Unable to load model: 'minecraft:item/iron_sword/22' referenced from: minecraft:iron_sword#inventory: java.io.FileNotFoundException: minecraft:models/item/iron_sword/22.json
[18:54:45] [Worker-ResourceReload-1/WARN]: Unable to load model: 'minecraft:item/iron_sword/23' referenced from: minecraft:iron_sword#inventory: java.io.FileNotFoundException: minecraft:models/item/iron_sword/23.json
[18:54:45] [Worker-ResourceReload-1/WARN]: Unable to load model: 'minecraft:item/iron_sword/28' referenced from: minecraft:iron_sword#inventory: java.io.FileNotFoundException: minecraft:models/item/iron_sword/28.json
[18:54:45] [Worker-ResourceReload-1/WARN]: Unable to load model: 'minecraft:item/iron_sword/29' referenced from: minecraft:iron_sword#inventory: java.io.FileNotFoundException: minecraft:models/item/iron_sword/29.json
[18:54:45] [Worker-ResourceReload-1/WARN]: Unable to load model: 'minecraft:item/iron_sword/26' referenced from: minecraft:iron_sword#inventory: java.io.FileNotFoundException: minecraft:models/item/iron_sword/26.json
[18:54:45] [Worker-ResourceReload-1/WARN]: Unable to load model: 'minecraft:item/iron_sword/27' referenced from: minecraft:iron_sword#inventory: java.io.FileNotFoundException: minecraft:models/item/iron_sword/27.json
[18:54:45] [Worker-ResourceReload-1/WARN]: Unable to load model: 'minecraft:item/iron_shovel/50' referenced from: minecraft:iron_shovel#inventory: java.io.FileNotFoundException: minecraft:models/item/iron_shovel/50.json
[18:54:45] [Worker-ResourceReload-1/WARN]: Unable to load model: 'minecraft:item/iron_shovel/48' referenced from: minecraft:iron_shovel#inventory: java.io.FileNotFoundException: minecraft:models/item/iron_shovel/48.json
[18:54:45] [Worker-ResourceReload-1/WARN]: Unable to load model: 'minecraft:item/iron_shovel/49' referenced from: minecraft:iron_shovel#inventory: java.io.FileNotFoundException: minecraft:models/item/iron_shovel/49.json
[18:54:45] [Worker-ResourceReload-1/WARN]: Unable to load model: 'minecraft:item/iron_shovel/44' referenced from: minecraft:iron_shovel#inventory: java.io.FileNotFoundException: minecraft:models/item/iron_shovel/44.json
[18:54:45] [Worker-ResourceReload-1/WARN]: Unable to load model: 'minecraft:item/iron_shovel/45' referenced from: minecraft:iron_shovel#inventory: java.io.FileNotFoundException: minecraft:models/item/iron_shovel/45.json
[18:54:45] [Worker-ResourceReload-1/WARN]: Unable to load model: 'minecraft:item/iron_shovel/46' referenced from: minecraft:iron_shovel#inventory: java.io.FileNotFoundException: minecraft:models/item/iron_shovel/46.json
[18:54:45] [Worker-ResourceReload-1/WARN]: Unable to load model: 'minecraft:item/iron_shovel/47' referenced from: minecraft:iron_shovel#inventory: java.io.FileNotFoundException: minecraft:models/item/iron_shovel/47.json
[18:54:45] [Worker-ResourceReload-1/WARN]: Unable to load model: 'minecraft:item/iron_shovel/40' referenced from: minecraft:iron_shovel#inventory: java.io.FileNotFoundException: minecraft:models/item/iron_shovel/40.json
[18:54:45] [Worker-ResourceReload-1/WARN]: Unable to load model: 'minecraft:item/iron_shovel/41' referenced from: minecraft:iron_shovel#inventory: java.io.FileNotFoundException: minecraft:models/item/iron_shovel/41.json
[18:54:45] [Worker-ResourceReload-1/WARN]: Unable to load model: 'minecraft:item/iron_shovel/42' referenced from: minecraft:iron_shovel#inventory: java.io.FileNotFoundException: minecraft:models/item/iron_shovel/42.json
[18:54:45] [Worker-ResourceReload-1/WARN]: Unable to load model: 'minecraft:item/iron_shovel/43' referenced from: minecraft:iron_shovel#inventory: java.io.FileNotFoundException: minecraft:models/item/iron_shovel/43.json
[18:54:45] [Worker-ResourceReload-1/WARN]: Unable to load model: 'minecraft:item/iron_shovel/37' referenced from: minecraft:iron_shovel#inventory: java.io.FileNotFoundException: minecraft:models/item/iron_shovel/37.json
[18:54:45] [Worker-ResourceReload-1/WARN]: Unable to load model: 'minecraft:item/iron_shovel/38' referenced from: minecraft:iron_shovel#inventory: java.io.FileNotFoundException: minecraft:models/item/iron_shovel/38.json
[18:54:45] [Worker-ResourceReload-1/WARN]: Unable to load model: 'minecraft:item/iron_shovel/39' referenced from: minecraft:iron_shovel#inventory: java.io.FileNotFoundException: minecraft:models/item/iron_shovel/39.json
[18:54:45] [Worker-ResourceReload-1/WARN]: Unable to load model: 'minecraft:item/iron_shovel/33' referenced from: minecraft:iron_shovel#inventory: java.io.FileNotFoundException: minecraft:models/item/iron_shovel/33.json
[18:54:45] [Worker-ResourceReload-1/WARN]: Unable to load model: 'minecraft:item/iron_shovel/34' referenced from: minecraft:iron_shovel#inventory: java.io.FileNotFoundException: minecraft:models/item/iron_shovel/34.json
[18:54:45] [Worker-ResourceReload-1/WARN]: Unable to load model: 'minecraft:item/iron_shovel/35' referenced from: minecraft:iron_shovel#inventory: java.io.FileNotFoundException: minecraft:models/item/iron_shovel/35.json
[18:54:45] [Worker-ResourceReload-1/WARN]: Unable to load model: 'minecraft:item/iron_shovel/36' referenced from: minecraft:iron_shovel#inventory: java.io.FileNotFoundException: minecraft:models/item/iron_shovel/36.json
[18:54:45] [Worker-ResourceReload-1/WARN]: Unable to load model: 'minecraft:item/iron_shovel/30' referenced from: minecraft:iron_shovel#inventory: java.io.FileNotFoundException: minecraft:models/item/iron_shovel/30.json
[18:54:45] [Worker-ResourceReload-1/WARN]: Unable to load model: 'minecraft:item/iron_shovel/31' referenced from: minecraft:iron_shovel#inventory: java.io.FileNotFoundException: minecraft:models/item/iron_shovel/31.json
[18:54:45] [Worker-ResourceReload-1/WARN]: Unable to load model: 'minecraft:item/iron_shovel/32' referenced from: minecraft:iron_shovel#inventory: java.io.FileNotFoundException: minecraft:models/item/iron_shovel/32.json
[18:54:45] [Worker-ResourceReload-1/WARN]: Unable to load model: 'minecraft:item/iron_shovel/26' referenced from: minecraft:iron_shovel#inventory: java.io.FileNotFoundException: minecraft:models/item/iron_shovel/26.json
[18:54:45] [Worker-ResourceReload-1/WARN]: Unable to load model: 'minecraft:item/iron_shovel/27' referenced from: minecraft:iron_shovel#inventory: java.io.FileNotFoundException: minecraft:models/item/iron_shovel/27.json
[18:54:45] [Worker-ResourceReload-1/WARN]: Unable to load model: 'minecraft:item/iron_shovel/28' referenced from: minecraft:iron_shovel#inventory: java.io.FileNotFoundException: minecraft:models/item/iron_shovel/28.json
[18:54:45] [Worker-ResourceReload-1/WARN]: Unable to load model: 'minecraft:item/iron_shovel/29' referenced from: minecraft:iron_shovel#inventory: java.io.FileNotFoundException: minecraft:models/item/iron_shovel/29.json
[18:54:45] [Worker-ResourceReload-1/WARN]: Unable to load model: 'minecraft:item/iron_shovel/22' referenced from: minecraft:iron_shovel#inventory: java.io.FileNotFoundException: minecraft:models/item/iron_shovel/22.json
[18:54:45] [Worker-ResourceReload-1/WARN]: Unable to load model: 'minecraft:item/iron_shovel/23' referenced from: minecraft:iron_shovel#inventory: java.io.FileNotFoundException: minecraft:models/item/iron_shovel/23.json
[18:54:45] [Worker-ResourceReload-1/WARN]: Unable to load model: 'minecraft:item/iron_shovel/24' referenced from: minecraft:iron_shovel#inventory: java.io.FileNotFoundException: minecraft:models/item/iron_shovel/24.json
[18:54:45] [Worker-ResourceReload-1/WARN]: Unable to load model: 'minecraft:item/iron_shovel/25' referenced from: minecraft:iron_shovel#inventory: java.io.FileNotFoundException: minecraft:models/item/iron_shovel/25.json
[18:54:45] [Worker-ResourceReload-1/WARN]: Unable to load model: 'minecraft:item/iron_shovel/20' referenced from: minecraft:iron_shovel#inventory: java.io.FileNotFoundException: minecraft:models/item/iron_shovel/20.json
[18:54:45] [Worker-ResourceReload-1/WARN]: Unable to load model: 'minecraft:item/iron_shovel/21' referenced from: minecraft:iron_shovel#inventory: java.io.FileNotFoundException: minecraft:models/item/iron_shovel/21.json
[18:54:45] [Worker-ResourceReload-1/WARN]: Unable to load model: 'minecraft:item/iron_shovel/19' referenced from: minecraft:iron_shovel#inventory: java.io.FileNotFoundException: minecraft:models/item/iron_shovel/19.json
[18:54:45] [Worker-ResourceReload-1/WARN]: Unable to load model: 'minecraft:item/iron_shovel/15' referenced from: minecraft:iron_shovel#inventory: java.io.FileNotFoundException: minecraft:models/item/iron_shovel/15.json
[18:54:45] [Worker-ResourceReload-1/WARN]: Unable to load model: 'minecraft:item/iron_shovel/16' referenced from: minecraft:iron_shovel#inventory: java.io.FileNotFoundException: minecraft:models/item/iron_shovel/16.json
[18:54:45] [Worker-ResourceReload-1/WARN]: Unable to load model: 'minecraft:item/iron_shovel/17' referenced from: minecraft:iron_shovel#inventory: java.io.FileNotFoundException: minecraft:models/item/iron_shovel/17.json
[18:54:45] [Worker-ResourceReload-1/WARN]: Unable to load model: 'minecraft:item/iron_shovel/18' referenced from: minecraft:iron_shovel#inventory: java.io.FileNotFoundException: minecraft:models/item/iron_shovel/18.json
[18:54:45] [Worker-ResourceReload-1/WARN]: Unable to load model: 'minecraft:item/iron_shovel/11' referenced from: minecraft:iron_shovel#inventory: java.io.FileNotFoundException: minecraft:models/item/iron_shovel/11.json
[18:54:45] [Worker-ResourceReload-1/WARN]: Unable to load model: 'minecraft:item/iron_shovel/12' referenced from: minecraft:iron_shovel#inventory: java.io.FileNotFoundException: minecraft:models/item/iron_shovel/12.json
[18:54:45] [Worker-ResourceReload-1/WARN]: Unable to load model: 'minecraft:item/iron_shovel/13' referenced from: minecraft:iron_shovel#inventory: java.io.FileNotFoundException: minecraft:models/item/iron_shovel/13.json
[18:54:45] [Worker-ResourceReload-1/WARN]: Unable to load model: 'minecraft:item/iron_shovel/14' referenced from: minecraft:iron_shovel#inventory: java.io.FileNotFoundException: minecraft:models/item/iron_shovel/14.json
[18:54:45] [Worker-ResourceReload-1/WARN]: Unable to load model: 'minecraft:item/iron_pickaxe/32' referenced from: minecraft:iron_pickaxe#inventory: java.io.FileNotFoundException: minecraft:models/item/iron_pickaxe/32.json
[18:54:45] [Worker-ResourceReload-1/WARN]: Unable to load model: 'minecraft:item/iron_pickaxe/31' referenced from: minecraft:iron_pickaxe#inventory: java.io.FileNotFoundException: minecraft:models/item/iron_pickaxe/31.json
[18:54:45] [Worker-ResourceReload-1/WARN]: Unable to load model: 'minecraft:item/iron_pickaxe/30' referenced from: minecraft:iron_pickaxe#inventory: java.io.FileNotFoundException: minecraft:models/item/iron_pickaxe/30.json
[18:54:45] [Worker-ResourceReload-1/WARN]: Unable to load model: 'minecraft:item/iron_pickaxe/39' referenced from: minecraft:iron_pickaxe#inventory: java.io.FileNotFoundException: minecraft:models/item/iron_pickaxe/39.json
[18:54:45] [Worker-ResourceReload-1/WARN]: Unable to load model: 'minecraft:item/iron_pickaxe/38' referenced from: minecraft:iron_pickaxe#inventory: java.io.FileNotFoundException: minecraft:models/item/iron_pickaxe/38.json
[18:54:45] [Worker-ResourceReload-1/WARN]: Unable to load model: 'minecraft:item/iron_pickaxe/37' referenced from: minecraft:iron_pickaxe#inventory: java.io.FileNotFoundException: minecraft:models/item/iron_pickaxe/37.json
[18:54:45] [Worker-ResourceReload-1/WARN]: Unable to load model: 'minecraft:item/iron_pickaxe/36' referenced from: minecraft:iron_pickaxe#inventory: java.io.FileNotFoundException: minecraft:models/item/iron_pickaxe/36.json
[18:54:45] [Worker-ResourceReload-1/WARN]: Unable to load model: 'minecraft:item/iron_pickaxe/35' referenced from: minecraft:iron_pickaxe#inventory: java.io.FileNotFoundException: minecraft:models/item/iron_pickaxe/35.json
[18:54:45] [Worker-ResourceReload-1/WARN]: Unable to load model: 'minecraft:item/iron_pickaxe/34' referenced from: minecraft:iron_pickaxe#inventory: java.io.FileNotFoundException: minecraft:models/item/iron_pickaxe/34.json
[18:54:45] [Worker-ResourceReload-1/WARN]: Unable to load model: 'minecraft:item/iron_pickaxe/33' referenced from: minecraft:iron_pickaxe#inventory: java.io.FileNotFoundException: minecraft:models/item/iron_pickaxe/33.json
[18:54:45] [Worker-ResourceReload-1/WARN]: Unable to load model: 'minecraft:item/iron_pickaxe/21' referenced from: minecraft:iron_pickaxe#inventory: java.io.FileNotFoundException: minecraft:models/item/iron_pickaxe/21.json
[18:54:45] [Worker-ResourceReload-1/WARN]: Unable to load model: 'minecraft:item/iron_pickaxe/20' referenced from: minecraft:iron_pickaxe#inventory: java.io.FileNotFoundException: minecraft:models/item/iron_pickaxe/20.json
[18:54:45] [Worker-ResourceReload-1/WARN]: Unable to load model: 'minecraft:item/iron_pickaxe/29' referenced from: minecraft:iron_pickaxe#inventory: java.io.FileNotFoundException: minecraft:models/item/iron_pickaxe/29.json
[18:54:45] [Worker-ResourceReload-1/WARN]: Unable to load model: 'minecraft:item/iron_pickaxe/28' referenced from: minecraft:iron_pickaxe#inventory: java.io.FileNotFoundException: minecraft:models/item/iron_pickaxe/28.json
[18:54:45] [Worker-ResourceReload-1/WARN]: Unable to load model: 'minecraft:item/iron_pickaxe/27' referenced from: minecraft:iron_pickaxe#inventory: java.io.FileNotFoundException: minecraft:models/item/iron_pickaxe/27.json
[18:54:45] [Worker-ResourceReload-1/WARN]: Unable to load model: 'minecraft:item/iron_pickaxe/26' referenced from: minecraft:iron_pickaxe#inventory: java.io.FileNotFoundException: minecraft:models/item/iron_pickaxe/26.json
[18:54:45] [Worker-ResourceReload-1/WARN]: Unable to load model: 'minecraft:item/iron_pickaxe/25' referenced from: minecraft:iron_pickaxe#inventory: java.io.FileNotFoundException: minecraft:models/item/iron_pickaxe/25.json
[18:54:45] [Worker-ResourceReload-1/WARN]: Unable to load model: 'minecraft:item/iron_pickaxe/24' referenced from: minecraft:iron_pickaxe#inventory: java.io.FileNotFoundException: minecraft:models/item/iron_pickaxe/24.json
[18:54:45] [Worker-ResourceReload-1/WARN]: Unable to load model: 'minecraft:item/iron_pickaxe/23' referenced from: minecraft:iron_pickaxe#inventory: java.io.FileNotFoundException: minecraft:models/item/iron_pickaxe/23.json
[18:54:45] [Worker-ResourceReload-1/WARN]: Unable to load model: 'minecraft:item/iron_pickaxe/22' referenced from: minecraft:iron_pickaxe#inventory: java.io.FileNotFoundException: minecraft:models/item/iron_pickaxe/22.json
[18:54:45] [Worker-ResourceReload-1/WARN]: Unable to load model: 'minecraft:item/iron_pickaxe/50' referenced from: minecraft:iron_pickaxe#inventory: java.io.FileNotFoundException: minecraft:models/item/iron_pickaxe/50.json
[18:54:45] [Worker-ResourceReload-1/WARN]: Unable to load model: 'minecraft:item/iron_pickaxe/18' referenced from: minecraft:iron_pickaxe#inventory: java.io.FileNotFoundException: minecraft:models/item/iron_pickaxe/18.json
[18:54:45] [Worker-ResourceReload-1/WARN]: Unable to load model: 'minecraft:item/iron_pickaxe/17' referenced from: minecraft:iron_pickaxe#inventory: java.io.FileNotFoundException: minecraft:models/item/iron_pickaxe/17.json
[18:54:45] [Worker-ResourceReload-1/WARN]: Unable to load model: 'minecraft:item/iron_pickaxe/16' referenced from: minecraft:iron_pickaxe#inventory: java.io.FileNotFoundException: minecraft:models/item/iron_pickaxe/16.json
[18:54:45] [Worker-ResourceReload-1/WARN]: Unable to load model: 'minecraft:item/iron_pickaxe/15' referenced from: minecraft:iron_pickaxe#inventory: java.io.FileNotFoundException: minecraft:models/item/iron_pickaxe/15.json
[18:54:45] [Worker-ResourceReload-1/WARN]: Unable to load model: 'minecraft:item/iron_pickaxe/14' referenced from: minecraft:iron_pickaxe#inventory: java.io.FileNotFoundException: minecraft:models/item/iron_pickaxe/14.json
[18:54:45] [Worker-ResourceReload-1/WARN]: Unable to load model: 'minecraft:item/iron_pickaxe/13' referenced from: minecraft:iron_pickaxe#inventory: java.io.FileNotFoundException: minecraft:models/item/iron_pickaxe/13.json
[18:54:45] [Worker-ResourceReload-1/WARN]: Unable to load model: 'minecraft:item/iron_pickaxe/19' referenced from: minecraft:iron_pickaxe#inventory: java.io.FileNotFoundException: minecraft:models/item/iron_pickaxe/19.json
[18:54:45] [Worker-ResourceReload-1/WARN]: Unable to load model: 'minecraft:item/iron_pickaxe/43' referenced from: minecraft:iron_pickaxe#inventory: java.io.FileNotFoundException: minecraft:models/item/iron_pickaxe/43.json
[18:54:45] [Worker-ResourceReload-1/WARN]: Unable to load model: 'minecraft:item/iron_pickaxe/42' referenced from: minecraft:iron_pickaxe#inventory: java.io.FileNotFoundException: minecraft:models/item/iron_pickaxe/42.json
[18:54:45] [Worker-ResourceReload-1/WARN]: Unable to load model: 'minecraft:item/iron_pickaxe/41' referenced from: minecraft:iron_pickaxe#inventory: java.io.FileNotFoundException: minecraft:models/item/iron_pickaxe/41.json
[18:54:45] [Worker-ResourceReload-1/WARN]: Unable to load model: 'minecraft:item/iron_pickaxe/40' referenced from: minecraft:iron_pickaxe#inventory: java.io.FileNotFoundException: minecraft:models/item/iron_pickaxe/40.json
[18:54:45] [Worker-ResourceReload-1/WARN]: Unable to load model: 'minecraft:item/iron_pickaxe/49' referenced from: minecraft:iron_pickaxe#inventory: java.io.FileNotFoundException: minecraft:models/item/iron_pickaxe/49.json
[18:54:45] [Worker-ResourceReload-1/WARN]: Unable to load model: 'minecraft:item/iron_pickaxe/48' referenced from: minecraft:iron_pickaxe#inventory: java.io.FileNotFoundException: minecraft:models/item/iron_pickaxe/48.json
[18:54:45] [Worker-ResourceReload-1/WARN]: Unable to load model: 'minecraft:item/iron_pickaxe/47' referenced from: minecraft:iron_pickaxe#inventory: java.io.FileNotFoundException: minecraft:models/item/iron_pickaxe/47.json
[18:54:45] [Worker-ResourceReload-1/WARN]: Unable to load model: 'minecraft:item/iron_pickaxe/46' referenced from: minecraft:iron_pickaxe#inventory: java.io.FileNotFoundException: minecraft:models/item/iron_pickaxe/46.json
[18:54:45] [Worker-ResourceReload-1/WARN]: Unable to load model: 'minecraft:item/iron_pickaxe/45' referenced from: minecraft:iron_pickaxe#inventory: java.io.FileNotFoundException: minecraft:models/item/iron_pickaxe/45.json
[18:54:45] [Worker-ResourceReload-1/WARN]: Unable to load model: 'minecraft:item/iron_pickaxe/44' referenced from: minecraft:iron_pickaxe#inventory: java.io.FileNotFoundException: minecraft:models/item/iron_pickaxe/44.json
[18:54:45] [Worker-ResourceReload-1/WARN]: Unable to load model: 'minecraft:item/iron_axe/22' referenced from: minecraft:iron_axe#inventory: java.io.FileNotFoundException: minecraft:models/item/iron_axe/22.json
[18:54:45] [Worker-ResourceReload-1/WARN]: Unable to load model: 'minecraft:item/iron_axe/21' referenced from: minecraft:iron_axe#inventory: java.io.FileNotFoundException: minecraft:models/item/iron_axe/21.json
[18:54:45] [Worker-ResourceReload-1/WARN]: Unable to load model: 'minecraft:item/iron_axe/20' referenced from: minecraft:iron_axe#inventory: java.io.FileNotFoundException: minecraft:models/item/iron_axe/20.json
[18:54:45] [Worker-ResourceReload-1/WARN]: Unable to load model: 'minecraft:item/iron_axe/29' referenced from: minecraft:iron_axe#inventory: java.io.FileNotFoundException: minecraft:models/item/iron_axe/29.json
[18:54:45] [Worker-ResourceReload-1/WARN]: Unable to load model: 'minecraft:item/iron_axe/28' referenced from: minecraft:iron_axe#inventory: java.io.FileNotFoundException: minecraft:models/item/iron_axe/28.json
[18:54:45] [Worker-ResourceReload-1/WARN]: Unable to load model: 'minecraft:item/iron_axe/27' referenced from: minecraft:iron_axe#inventory: java.io.FileNotFoundException: minecraft:models/item/iron_axe/27.json
[18:54:45] [Worker-ResourceReload-1/WARN]: Unable to load model: 'minecraft:item/iron_axe/26' referenced from: minecraft:iron_axe#inventory: java.io.FileNotFoundException: minecraft:models/item/iron_axe/26.json
[18:54:45] [Worker-ResourceReload-1/WARN]: Unable to load model: 'minecraft:item/iron_axe/25' referenced from: minecraft:iron_axe#inventory: java.io.FileNotFoundException: minecraft:models/item/iron_axe/25.json
[18:54:45] [Worker-ResourceReload-1/WARN]: Unable to load model: 'minecraft:item/iron_axe/24' referenced from: minecraft:iron_axe#inventory: java.io.FileNotFoundException: minecraft:models/item/iron_axe/24.json
[18:54:45] [Worker-ResourceReload-1/WARN]: Unable to load model: 'minecraft:item/iron_axe/23' referenced from: minecraft:iron_axe#inventory: java.io.FileNotFoundException: minecraft:models/item/iron_axe/23.json
[18:54:45] [Worker-ResourceReload-1/WARN]: Unable to load model: 'minecraft:item/iron_axe/11' referenced from: minecraft:iron_axe#inventory: java.io.FileNotFoundException: minecraft:models/item/iron_axe/11.json
[18:54:45] [Worker-ResourceReload-1/WARN]: Unable to load model: 'minecraft:item/iron_axe/50' referenced from: minecraft:iron_axe#inventory: java.io.FileNotFoundException: minecraft:models/item/iron_axe/50.json
[18:54:45] [Worker-ResourceReload-1/WARN]: Unable to load model: 'minecraft:item/iron_axe/19' referenced from: minecraft:iron_axe#inventory: java.io.FileNotFoundException: minecraft:models/item/iron_axe/19.json
[18:54:45] [Worker-ResourceReload-1/WARN]: Unable to load model: 'minecraft:item/iron_axe/18' referenced from: minecraft:iron_axe#inventory: java.io.FileNotFoundException: minecraft:models/item/iron_axe/18.json
[18:54:45] [Worker-ResourceReload-1/WARN]: Unable to load model: 'minecraft:item/iron_axe/17' referenced from: minecraft:iron_axe#inventory: java.io.FileNotFoundException: minecraft:models/item/iron_axe/17.json
[18:54:45] [Worker-ResourceReload-1/WARN]: Unable to load model: 'minecraft:item/iron_axe/16' referenced from: minecraft:iron_axe#inventory: java.io.FileNotFoundException: minecraft:models/item/iron_axe/16.json
[18:54:45] [Worker-ResourceReload-1/WARN]: Unable to load model: 'minecraft:item/iron_axe/15' referenced from: minecraft:iron_axe#inventory: java.io.FileNotFoundException: minecraft:models/item/iron_axe/15.json
[18:54:45] [Worker-ResourceReload-1/WARN]: Unable to load model: 'minecraft:item/iron_axe/14' referenced from: minecraft:iron_axe#inventory: java.io.FileNotFoundException: minecraft:models/item/iron_axe/14.json
[18:54:45] [Worker-ResourceReload-1/WARN]: Unable to load model: 'minecraft:item/iron_axe/13' referenced from: minecraft:iron_axe#inventory: java.io.FileNotFoundException: minecraft:models/item/iron_axe/13.json
[18:54:45] [Worker-ResourceReload-1/WARN]: Unable to load model: 'minecraft:item/iron_axe/12' referenced from: minecraft:iron_axe#inventory: java.io.FileNotFoundException: minecraft:models/item/iron_axe/12.json
[18:54:45] [Worker-ResourceReload-1/WARN]: Unable to load model: 'minecraft:item/iron_axe/44' referenced from: minecraft:iron_axe#inventory: java.io.FileNotFoundException: minecraft:models/item/iron_axe/44.json
[18:54:45] [Worker-ResourceReload-1/WARN]: Unable to load model: 'minecraft:item/iron_axe/43' referenced from: minecraft:iron_axe#inventory: java.io.FileNotFoundException: minecraft:models/item/iron_axe/43.json
[18:54:45] [Worker-ResourceReload-1/WARN]: Unable to load model: 'minecraft:item/iron_axe/42' referenced from: minecraft:iron_axe#inventory: java.io.FileNotFoundException: minecraft:models/item/iron_axe/42.json
[18:54:45] [Worker-ResourceReload-1/WARN]: Unable to load model: 'minecraft:item/iron_axe/41' referenced from: minecraft:iron_axe#inventory: java.io.FileNotFoundException: minecraft:models/item/iron_axe/41.json
[18:54:45] [Worker-ResourceReload-1/WARN]: Unable to load model: 'minecraft:item/iron_axe/40' referenced from: minecraft:iron_axe#inventory: java.io.FileNotFoundException: minecraft:models/item/iron_axe/40.json
[18:54:45] [Worker-ResourceReload-1/WARN]: Unable to load model: 'minecraft:item/iron_axe/49' referenced from: minecraft:iron_axe#inventory: java.io.FileNotFoundException: minecraft:models/item/iron_axe/49.json
[18:54:45] [Worker-ResourceReload-1/WARN]: Unable to load model: 'minecraft:item/iron_axe/48' referenced from: minecraft:iron_axe#inventory: java.io.FileNotFoundException: minecraft:models/item/iron_axe/48.json
[18:54:45] [Worker-ResourceReload-1/WARN]: Unable to load model: 'minecraft:item/iron_axe/47' referenced from: minecraft:iron_axe#inventory: java.io.FileNotFoundException: minecraft:models/item/iron_axe/47.json
[18:54:45] [Worker-ResourceReload-1/WARN]: Unable to load model: 'minecraft:item/iron_axe/46' referenced from: minecraft:iron_axe#inventory: java.io.FileNotFoundException: minecraft:models/item/iron_axe/46.json
[18:54:45] [Worker-ResourceReload-1/WARN]: Unable to load model: 'minecraft:item/iron_axe/45' referenced from: minecraft:iron_axe#inventory: java.io.FileNotFoundException: minecraft:models/item/iron_axe/45.json
[18:54:45] [Worker-ResourceReload-1/WARN]: Unable to load model: 'minecraft:item/iron_axe/33' referenced from: minecraft:iron_axe#inventory: java.io.FileNotFoundException: minecraft:models/item/iron_axe/33.json
[18:54:45] [Worker-ResourceReload-1/WARN]: Unable to load model: 'minecraft:item/iron_axe/32' referenced from: minecraft:iron_axe#inventory: java.io.FileNotFoundException: minecraft:models/item/iron_axe/32.json
[18:54:45] [Worker-ResourceReload-1/WARN]: Unable to load model: 'minecraft:item/iron_axe/31' referenced from: minecraft:iron_axe#inventory: java.io.FileNotFoundException: minecraft:models/item/iron_axe/31.json
[18:54:45] [Worker-ResourceReload-1/WARN]: Unable to load model: 'minecraft:item/iron_axe/30' referenced from: minecraft:iron_axe#inventory: java.io.FileNotFoundException: minecraft:models/item/iron_axe/30.json
[18:54:45] [Worker-ResourceReload-1/WARN]: Unable to load model: 'minecraft:item/iron_axe/39' referenced from: minecraft:iron_axe#inventory: java.io.FileNotFoundException: minecraft:models/item/iron_axe/39.json
[18:54:45] [Worker-ResourceReload-1/WARN]: Unable to load model: 'minecraft:item/iron_axe/38' referenced from: minecraft:iron_axe#inventory: java.io.FileNotFoundException: minecraft:models/item/iron_axe/38.json
[18:54:45] [Worker-ResourceReload-1/WARN]: Unable to load model: 'minecraft:item/iron_axe/37' referenced from: minecraft:iron_axe#inventory: java.io.FileNotFoundException: minecraft:models/item/iron_axe/37.json
[18:54:45] [Worker-ResourceReload-1/WARN]: Unable to load model: 'minecraft:item/iron_axe/36' referenced from: minecraft:iron_axe#inventory: java.io.FileNotFoundException: minecraft:models/item/iron_axe/36.json
[18:54:45] [Worker-ResourceReload-1/WARN]: Unable to load model: 'minecraft:item/iron_axe/35' referenced from: minecraft:iron_axe#inventory: java.io.FileNotFoundException: minecraft:models/item/iron_axe/35.json
[18:54:45] [Worker-ResourceReload-1/WARN]: Unable to load model: 'minecraft:item/iron_axe/34' referenced from: minecraft:iron_axe#inventory: java.io.FileNotFoundException: minecraft:models/item/iron_axe/34.json
[18:54:45] [Worker-ResourceReload-1/WARN]: Unable to load model: 'minecraft:item/iron_hoe/32' referenced from: minecraft:iron_hoe#inventory: java.io.FileNotFoundException: minecraft:models/item/iron_hoe/32.json
[18:54:45] [Worker-ResourceReload-1/WARN]: Unable to load model: 'minecraft:item/iron_hoe/33' referenced from: minecraft:iron_hoe#inventory: java.io.FileNotFoundException: minecraft:models/item/iron_hoe/33.json
[18:54:45] [Worker-ResourceReload-1/WARN]: Unable to load model: 'minecraft:item/iron_hoe/30' referenced from: minecraft:iron_hoe#inventory: java.io.FileNotFoundException: minecraft:models/item/iron_hoe/30.json
[18:54:45] [Worker-ResourceReload-1/WARN]: Unable to load model: 'minecraft:item/iron_hoe/31' referenced from: minecraft:iron_hoe#inventory: java.io.FileNotFoundException: minecraft:models/item/iron_hoe/31.json
[18:54:45] [Worker-ResourceReload-1/WARN]: Unable to load model: 'minecraft:item/iron_hoe/25' referenced from: minecraft:iron_hoe#inventory: java.io.FileNotFoundException: minecraft:models/item/iron_hoe/25.json
[18:54:45] [Worker-ResourceReload-1/WARN]: Unable to load model: 'minecraft:item/iron_hoe/26' referenced from: minecraft:iron_hoe#inventory: java.io.FileNotFoundException: minecraft:models/item/iron_hoe/26.json
[18:54:45] [Worker-ResourceReload-1/WARN]: Unable to load model: 'minecraft:item/iron_hoe/23' referenced from: minecraft:iron_hoe#inventory: java.io.FileNotFoundException: minecraft:models/item/iron_hoe/23.json
[18:54:45] [Worker-ResourceReload-1/WARN]: Unable to load model: 'minecraft:item/iron_hoe/24' referenced from: minecraft:iron_hoe#inventory: java.io.FileNotFoundException: minecraft:models/item/iron_hoe/24.json
[18:54:45] [Worker-ResourceReload-1/WARN]: Unable to load model: 'minecraft:item/iron_hoe/29' referenced from: minecraft:iron_hoe#inventory: java.io.FileNotFoundException: minecraft:models/item/iron_hoe/29.json
[18:54:45] [Worker-ResourceReload-1/WARN]: Unable to load model: 'minecraft:item/iron_hoe/27' referenced from: minecraft:iron_hoe#inventory: java.io.FileNotFoundException: minecraft:models/item/iron_hoe/27.json
[18:54:45] [Worker-ResourceReload-1/WARN]: Unable to load model: 'minecraft:item/iron_hoe/28' referenced from: minecraft:iron_hoe#inventory: java.io.FileNotFoundException: minecraft:models/item/iron_hoe/28.json
[18:54:45] [Worker-ResourceReload-1/WARN]: Unable to load model: 'minecraft:item/iron_hoe/40' referenced from: minecraft:iron_hoe#inventory: java.io.FileNotFoundException: minecraft:models/item/iron_hoe/40.json
[18:54:45] [Worker-ResourceReload-1/WARN]: Unable to load model: 'minecraft:item/iron_hoe/43' referenced from: minecraft:iron_hoe#inventory: java.io.FileNotFoundException: minecraft:models/item/iron_hoe/43.json
[18:54:45] [Worker-ResourceReload-1/WARN]: Unable to load model: 'minecraft:item/iron_hoe/44' referenced from: minecraft:iron_hoe#inventory: java.io.FileNotFoundException: minecraft:models/item/iron_hoe/44.json
[18:54:45] [Worker-ResourceReload-1/WARN]: Unable to load model: 'minecraft:item/iron_hoe/41' referenced from: minecraft:iron_hoe#inventory: java.io.FileNotFoundException: minecraft:models/item/iron_hoe/41.json
[18:54:45] [Worker-ResourceReload-1/WARN]: Unable to load model: 'minecraft:item/iron_hoe/42' referenced from: minecraft:iron_hoe#inventory: java.io.FileNotFoundException: minecraft:models/item/iron_hoe/42.json
[18:54:45] [Worker-ResourceReload-1/WARN]: Unable to load model: 'minecraft:item/iron_hoe/36' referenced from: minecraft:iron_hoe#inventory: java.io.FileNotFoundException: minecraft:models/item/iron_hoe/36.json
[18:54:45] [Worker-ResourceReload-1/WARN]: Unable to load model: 'minecraft:item/iron_hoe/37' referenced from: minecraft:iron_hoe#inventory: java.io.FileNotFoundException: minecraft:models/item/iron_hoe/37.json
[18:54:45] [Worker-ResourceReload-1/WARN]: Unable to load model: 'minecraft:item/iron_hoe/34' referenced from: minecraft:iron_hoe#inventory: java.io.FileNotFoundException: minecraft:models/item/iron_hoe/34.json
[18:54:45] [Worker-ResourceReload-1/WARN]: Unable to load model: 'minecraft:item/iron_hoe/35' referenced from: minecraft:iron_hoe#inventory: java.io.FileNotFoundException: minecraft:models/item/iron_hoe/35.json
[18:54:45] [Worker-ResourceReload-1/WARN]: Unable to load model: 'minecraft:item/iron_hoe/38' referenced from: minecraft:iron_hoe#inventory: java.io.FileNotFoundException: minecraft:models/item/iron_hoe/38.json
[18:54:45] [Worker-ResourceReload-1/WARN]: Unable to load model: 'minecraft:item/iron_hoe/39' referenced from: minecraft:iron_hoe#inventory: java.io.FileNotFoundException: minecraft:models/item/iron_hoe/39.json
[18:54:45] [Worker-ResourceReload-1/WARN]: Unable to load model: 'minecraft:item/iron_hoe/50' referenced from: minecraft:iron_hoe#inventory: java.io.FileNotFoundException: minecraft:models/item/iron_hoe/50.json
[18:54:45] [Worker-ResourceReload-1/WARN]: Unable to load model: 'minecraft:item/iron_hoe/11' referenced from: minecraft:iron_hoe#inventory: java.io.FileNotFoundException: minecraft:models/item/iron_hoe/11.json
[18:54:45] [Worker-ResourceReload-1/WARN]: Unable to load model: 'minecraft:item/iron_hoe/47' referenced from: minecraft:iron_hoe#inventory: java.io.FileNotFoundException: minecraft:models/item/iron_hoe/47.json
[18:54:45] [Worker-ResourceReload-1/WARN]: Unable to load model: 'minecraft:item/iron_hoe/48' referenced from: minecraft:iron_hoe#inventory: java.io.FileNotFoundException: minecraft:models/item/iron_hoe/48.json
[18:54:45] [Worker-ResourceReload-1/WARN]: Unable to load model: 'minecraft:item/iron_hoe/45' referenced from: minecraft:iron_hoe#inventory: java.io.FileNotFoundException: minecraft:models/item/iron_hoe/45.json
[18:54:45] [Worker-ResourceReload-1/WARN]: Unable to load model: 'minecraft:item/iron_hoe/46' referenced from: minecraft:iron_hoe#inventory: java.io.FileNotFoundException: minecraft:models/item/iron_hoe/46.json
[18:54:45] [Worker-ResourceReload-1/WARN]: Unable to load model: 'minecraft:item/iron_hoe/49' referenced from: minecraft:iron_hoe#inventory: java.io.FileNotFoundException: minecraft:models/item/iron_hoe/49.json
[18:54:45] [Worker-ResourceReload-1/WARN]: Unable to load model: 'minecraft:item/iron_hoe/21' referenced from: minecraft:iron_hoe#inventory: java.io.FileNotFoundException: minecraft:models/item/iron_hoe/21.json
[18:54:45] [Worker-ResourceReload-1/WARN]: Unable to load model: 'minecraft:item/iron_hoe/22' referenced from: minecraft:iron_hoe#inventory: java.io.FileNotFoundException: minecraft:models/item/iron_hoe/22.json
[18:54:45] [Worker-ResourceReload-1/WARN]: Unable to load model: 'minecraft:item/iron_hoe/20' referenced from: minecraft:iron_hoe#inventory: java.io.FileNotFoundException: minecraft:models/item/iron_hoe/20.json
[18:54:45] [Worker-ResourceReload-1/WARN]: Unable to load model: 'minecraft:item/iron_hoe/14' referenced from: minecraft:iron_hoe#inventory: java.io.FileNotFoundException: minecraft:models/item/iron_hoe/14.json
[18:54:45] [Worker-ResourceReload-1/WARN]: Unable to load model: 'minecraft:item/iron_hoe/15' referenced from: minecraft:iron_hoe#inventory: java.io.FileNotFoundException: minecraft:models/item/iron_hoe/15.json
[18:54:45] [Worker-ResourceReload-1/WARN]: Unable to load model: 'minecraft:item/iron_hoe/12' referenced from: minecraft:iron_hoe#inventory: java.io.FileNotFoundException: minecraft:models/item/iron_hoe/12.json
[18:54:45] [Worker-ResourceReload-1/WARN]: Unable to load model: 'minecraft:item/iron_hoe/13' referenced from: minecraft:iron_hoe#inventory: java.io.FileNotFoundException: minecraft:models/item/iron_hoe/13.json
[18:54:45] [Worker-ResourceReload-1/WARN]: Unable to load model: 'minecraft:item/iron_hoe/18' referenced from: minecraft:iron_hoe#inventory: java.io.FileNotFoundException: minecraft:models/item/iron_hoe/18.json
[18:54:45] [Worker-ResourceReload-1/WARN]: Unable to load model: 'minecraft:item/iron_hoe/19' referenced from: minecraft:iron_hoe#inventory: java.io.FileNotFoundException: minecraft:models/item/iron_hoe/19.json
[18:54:45] [Worker-ResourceReload-1/WARN]: Unable to load model: 'minecraft:item/iron_hoe/16' referenced from: minecraft:iron_hoe#inventory: java.io.FileNotFoundException: minecraft:models/item/iron_hoe/16.json
[18:54:45] [Worker-ResourceReload-1/WARN]: Unable to load model: 'minecraft:item/iron_hoe/17' referenced from: minecraft:iron_hoe#inventory: java.io.FileNotFoundException: minecraft:models/item/iron_hoe/17.json
[18:54:45] [Worker-ResourceReload-1/WARN]: Unable to load model: 'minecraft:item/netherite_sword/34' referenced from: minecraft:netherite_sword#inventory: java.io.FileNotFoundException: minecraft:models/item/netherite_sword/34.json
[18:54:45] [Worker-ResourceReload-1/WARN]: Unable to load model: 'minecraft:item/netherite_sword/33' referenced from: minecraft:netherite_sword#inventory: java.io.FileNotFoundException: minecraft:models/item/netherite_sword/33.json
[18:54:45] [Worker-ResourceReload-1/WARN]: Unable to load model: 'minecraft:item/netherite_sword/32' referenced from: minecraft:netherite_sword#inventory: java.io.FileNotFoundException: minecraft:models/item/netherite_sword/32.json
[18:54:45] [Worker-ResourceReload-1/WARN]: Unable to load model: 'minecraft:item/netherite_sword/31' referenced from: minecraft:netherite_sword#inventory: java.io.FileNotFoundException: minecraft:models/item/netherite_sword/31.json
[18:54:45] [Worker-ResourceReload-1/WARN]: Unable to load model: 'minecraft:item/netherite_sword/50' referenced from: minecraft:netherite_sword#inventory: java.io.FileNotFoundException: minecraft:models/item/netherite_sword/50.json
[18:54:45] [Worker-ResourceReload-1/WARN]: Unable to load model: 'minecraft:item/netherite_sword/49' referenced from: minecraft:netherite_sword#inventory: java.io.FileNotFoundException: minecraft:models/item/netherite_sword/49.json
[18:54:45] [Worker-ResourceReload-1/WARN]: Unable to load model: 'minecraft:item/netherite_sword/48' referenced from: minecraft:netherite_sword#inventory: java.io.FileNotFoundException: minecraft:models/item/netherite_sword/48.json
[18:54:45] [Worker-ResourceReload-1/WARN]: Unable to load model: 'minecraft:item/netherite_sword/47' referenced from: minecraft:netherite_sword#inventory: java.io.FileNotFoundException: minecraft:models/item/netherite_sword/47.json
[18:54:45] [Worker-ResourceReload-1/WARN]: Unable to load model: 'minecraft:item/netherite_sword/46' referenced from: minecraft:netherite_sword#inventory: java.io.FileNotFoundException: minecraft:models/item/netherite_sword/46.json
[18:54:45] [Worker-ResourceReload-1/WARN]: Unable to load model: 'minecraft:item/netherite_sword/41' referenced from: minecraft:netherite_sword#inventory: java.io.FileNotFoundException: minecraft:models/item/netherite_sword/41.json
[18:54:45] [Worker-ResourceReload-1/WARN]: Unable to load model: 'minecraft:item/netherite_sword/40' referenced from: minecraft:netherite_sword#inventory: java.io.FileNotFoundException: minecraft:models/item/netherite_sword/40.json
[18:54:45] [Worker-ResourceReload-1/WARN]: Unable to load model: 'minecraft:item/netherite_sword/45' referenced from: minecraft:netherite_sword#inventory: java.io.FileNotFoundException: minecraft:models/item/netherite_sword/45.json
[18:54:45] [Worker-ResourceReload-1/WARN]: Unable to load model: 'minecraft:item/netherite_sword/44' referenced from: minecraft:netherite_sword#inventory: java.io.FileNotFoundException: minecraft:models/item/netherite_sword/44.json
[18:54:45] [Worker-ResourceReload-1/WARN]: Unable to load model: 'minecraft:item/netherite_sword/43' referenced from: minecraft:netherite_sword#inventory: java.io.FileNotFoundException: minecraft:models/item/netherite_sword/43.json
[18:54:45] [Worker-ResourceReload-1/WARN]: Unable to load model: 'minecraft:item/netherite_sword/42' referenced from: minecraft:netherite_sword#inventory: java.io.FileNotFoundException: minecraft:models/item/netherite_sword/42.json
[18:54:45] [Worker-ResourceReload-1/WARN]: Unable to load model: 'minecraft:item/netherite_sword/38' referenced from: minecraft:netherite_sword#inventory: java.io.FileNotFoundException: minecraft:models/item/netherite_sword/38.json
[18:54:45] [Worker-ResourceReload-1/WARN]: Unable to load model: 'minecraft:item/netherite_sword/37' referenced from: minecraft:netherite_sword#inventory: java.io.FileNotFoundException: minecraft:models/item/netherite_sword/37.json
[18:54:45] [Worker-ResourceReload-1/WARN]: Unable to load model: 'minecraft:item/netherite_sword/36' referenced from: minecraft:netherite_sword#inventory: java.io.FileNotFoundException: minecraft:models/item/netherite_sword/36.json
[18:54:45] [Worker-ResourceReload-1/WARN]: Unable to load model: 'minecraft:item/netherite_sword/35' referenced from: minecraft:netherite_sword#inventory: java.io.FileNotFoundException: minecraft:models/item/netherite_sword/35.json
[18:54:45] [Worker-ResourceReload-1/WARN]: Unable to load model: 'minecraft:item/netherite_sword/39' referenced from: minecraft:netherite_sword#inventory: java.io.FileNotFoundException: minecraft:models/item/netherite_sword/39.json
[18:54:45] [Worker-ResourceReload-1/WARN]: Unable to load model: 'minecraft:item/netherite_shovel/46' referenced from: minecraft:netherite_shovel#inventory: java.io.FileNotFoundException: minecraft:models/item/netherite_shovel/46.json
[18:54:45] [Worker-ResourceReload-1/WARN]: Unable to load model: 'minecraft:item/netherite_shovel/47' referenced from: minecraft:netherite_shovel#inventory: java.io.FileNotFoundException: minecraft:models/item/netherite_shovel/47.json
[18:54:45] [Worker-ResourceReload-1/WARN]: Unable to load model: 'minecraft:item/netherite_shovel/48' referenced from: minecraft:netherite_shovel#inventory: java.io.FileNotFoundException: minecraft:models/item/netherite_shovel/48.json
[18:54:45] [Worker-ResourceReload-1/WARN]: Unable to load model: 'minecraft:item/netherite_shovel/49' referenced from: minecraft:netherite_shovel#inventory: java.io.FileNotFoundException: minecraft:models/item/netherite_shovel/49.json
[18:54:45] [Worker-ResourceReload-1/WARN]: Unable to load model: 'minecraft:item/netherite_shovel/42' referenced from: minecraft:netherite_shovel#inventory: java.io.FileNotFoundException: minecraft:models/item/netherite_shovel/42.json
[18:54:45] [Worker-ResourceReload-1/WARN]: Unable to load model: 'minecraft:item/netherite_shovel/43' referenced from: minecraft:netherite_shovel#inventory: java.io.FileNotFoundException: minecraft:models/item/netherite_shovel/43.json
[18:54:45] [Worker-ResourceReload-1/WARN]: Unable to load model: 'minecraft:item/netherite_shovel/44' referenced from: minecraft:netherite_shovel#inventory: java.io.FileNotFoundException: minecraft:models/item/netherite_shovel/44.json
[18:54:45] [Worker-ResourceReload-1/WARN]: Unable to load model: 'minecraft:item/netherite_shovel/45' referenced from: minecraft:netherite_shovel#inventory: java.io.FileNotFoundException: minecraft:models/item/netherite_shovel/45.json
[18:54:45] [Worker-ResourceReload-1/WARN]: Unable to load model: 'minecraft:item/netherite_shovel/40' referenced from: minecraft:netherite_shovel#inventory: java.io.FileNotFoundException: minecraft:models/item/netherite_shovel/40.json
[18:54:45] [Worker-ResourceReload-1/WARN]: Unable to load model: 'minecraft:item/netherite_shovel/41' referenced from: minecraft:netherite_shovel#inventory: java.io.FileNotFoundException: minecraft:models/item/netherite_shovel/41.json
[18:54:45] [Worker-ResourceReload-1/WARN]: Unable to load model: 'minecraft:item/netherite_shovel/39' referenced from: minecraft:netherite_shovel#inventory: java.io.FileNotFoundException: minecraft:models/item/netherite_shovel/39.json
[18:54:45] [Worker-ResourceReload-1/WARN]: Unable to load model: 'minecraft:item/netherite_shovel/35' referenced from: minecraft:netherite_shovel#inventory: java.io.FileNotFoundException: minecraft:models/item/netherite_shovel/35.json
[18:54:45] [Worker-ResourceReload-1/WARN]: Unable to load model: 'minecraft:item/netherite_shovel/36' referenced from: minecraft:netherite_shovel#inventory: java.io.FileNotFoundException: minecraft:models/item/netherite_shovel/36.json
[18:54:45] [Worker-ResourceReload-1/WARN]: Unable to load model: 'minecraft:item/netherite_shovel/37' referenced from: minecraft:netherite_shovel#inventory: java.io.FileNotFoundException: minecraft:models/item/netherite_shovel/37.json
[18:54:45] [Worker-ResourceReload-1/WARN]: Unable to load model: 'minecraft:item/netherite_shovel/38' referenced from: minecraft:netherite_shovel#inventory: java.io.FileNotFoundException: minecraft:models/item/netherite_shovel/38.json
[18:54:46] [Worker-ResourceReload-1/WARN]: Unable to load model: 'minecraft:item/netherite_shovel/31' referenced from: minecraft:netherite_shovel#inventory: java.io.FileNotFoundException: minecraft:models/item/netherite_shovel/31.json
[18:54:46] [Worker-ResourceReload-1/WARN]: Unable to load model: 'minecraft:item/netherite_shovel/32' referenced from: minecraft:netherite_shovel#inventory: java.io.FileNotFoundException: minecraft:models/item/netherite_shovel/32.json
[18:54:46] [Worker-ResourceReload-1/WARN]: Unable to load model: 'minecraft:item/netherite_shovel/33' referenced from: minecraft:netherite_shovel#inventory: java.io.FileNotFoundException: minecraft:models/item/netherite_shovel/33.json
[18:54:46] [Worker-ResourceReload-1/WARN]: Unable to load model: 'minecraft:item/netherite_shovel/34' referenced from: minecraft:netherite_shovel#inventory: java.io.FileNotFoundException: minecraft:models/item/netherite_shovel/34.json
[18:54:46] [Worker-ResourceReload-1/WARN]: Unable to load model: 'minecraft:item/netherite_shovel/30' referenced from: minecraft:netherite_shovel#inventory: java.io.FileNotFoundException: minecraft:models/item/netherite_shovel/30.json
[18:54:46] [Worker-ResourceReload-1/WARN]: Unable to load model: 'minecraft:item/netherite_shovel/28' referenced from: minecraft:netherite_shovel#inventory: java.io.FileNotFoundException: minecraft:models/item/netherite_shovel/28.json
[18:54:46] [Worker-ResourceReload-1/WARN]: Unable to load model: 'minecraft:item/netherite_shovel/29' referenced from: minecraft:netherite_shovel#inventory: java.io.FileNotFoundException: minecraft:models/item/netherite_shovel/29.json
[18:54:46] [Worker-ResourceReload-1/WARN]: Unable to load model: 'minecraft:item/netherite_shovel/24' referenced from: minecraft:netherite_shovel#inventory: java.io.FileNotFoundException: minecraft:models/item/netherite_shovel/24.json
[18:54:46] [Worker-ResourceReload-1/WARN]: Unable to load model: 'minecraft:item/netherite_shovel/25' referenced from: minecraft:netherite_shovel#inventory: java.io.FileNotFoundException: minecraft:models/item/netherite_shovel/25.json
[18:54:46] [Worker-ResourceReload-1/WARN]: Unable to load model: 'minecraft:item/netherite_shovel/26' referenced from: minecraft:netherite_shovel#inventory: java.io.FileNotFoundException: minecraft:models/item/netherite_shovel/26.json
[18:54:46] [Worker-ResourceReload-1/WARN]: Unable to load model: 'minecraft:item/netherite_shovel/27' referenced from: minecraft:netherite_shovel#inventory: java.io.FileNotFoundException: minecraft:models/item/netherite_shovel/27.json
[18:54:46] [Worker-ResourceReload-1/WARN]: Unable to load model: 'minecraft:item/netherite_shovel/20' referenced from: minecraft:netherite_shovel#inventory: java.io.FileNotFoundException: minecraft:models/item/netherite_shovel/20.json
[18:54:46] [Worker-ResourceReload-1/WARN]: Unable to load model: 'minecraft:item/netherite_shovel/21' referenced from: minecraft:netherite_shovel#inventory: java.io.FileNotFoundException: minecraft:models/item/netherite_shovel/21.json
[18:54:46] [Worker-ResourceReload-1/WARN]: Unable to load model: 'minecraft:item/netherite_shovel/22' referenced from: minecraft:netherite_shovel#inventory: java.io.FileNotFoundException: minecraft:models/item/netherite_shovel/22.json
[18:54:46] [Worker-ResourceReload-1/WARN]: Unable to load model: 'minecraft:item/netherite_shovel/23' referenced from: minecraft:netherite_shovel#inventory: java.io.FileNotFoundException: minecraft:models/item/netherite_shovel/23.json
[18:54:46] [Worker-ResourceReload-1/WARN]: Unable to load model: 'minecraft:item/netherite_shovel/17' referenced from: minecraft:netherite_shovel#inventory: java.io.FileNotFoundException: minecraft:models/item/netherite_shovel/17.json
[18:54:46] [Worker-ResourceReload-1/WARN]: Unable to load model: 'minecraft:item/netherite_shovel/18' referenced from: minecraft:netherite_shovel#inventory: java.io.FileNotFoundException: minecraft:models/item/netherite_shovel/18.json
[18:54:46] [Worker-ResourceReload-1/WARN]: Unable to load model: 'minecraft:item/netherite_shovel/19' referenced from: minecraft:netherite_shovel#inventory: java.io.FileNotFoundException: minecraft:models/item/netherite_shovel/19.json
[18:54:46] [Worker-ResourceReload-1/WARN]: Unable to load model: 'minecraft:item/netherite_shovel/13' referenced from: minecraft:netherite_shovel#inventory: java.io.FileNotFoundException: minecraft:models/item/netherite_shovel/13.json
[18:54:46] [Worker-ResourceReload-1/WARN]: Unable to load model: 'minecraft:item/netherite_shovel/14' referenced from: minecraft:netherite_shovel#inventory: java.io.FileNotFoundException: minecraft:models/item/netherite_shovel/14.json
[18:54:46] [Worker-ResourceReload-1/WARN]: Unable to load model: 'minecraft:item/netherite_shovel/15' referenced from: minecraft:netherite_shovel#inventory: java.io.FileNotFoundException: minecraft:models/item/netherite_shovel/15.json
[18:54:46] [Worker-ResourceReload-1/WARN]: Unable to load model: 'minecraft:item/netherite_shovel/16' referenced from: minecraft:netherite_shovel#inventory: java.io.FileNotFoundException: minecraft:models/item/netherite_shovel/16.json
[18:54:46] [Worker-ResourceReload-1/WARN]: Unable to load model: 'minecraft:item/netherite_shovel/11' referenced from: minecraft:netherite_shovel#inventory: java.io.FileNotFoundException: minecraft:models/item/netherite_shovel/11.json
[18:54:46] [Worker-ResourceReload-1/WARN]: Unable to load model: 'minecraft:item/netherite_shovel/12' referenced from: minecraft:netherite_shovel#inventory: java.io.FileNotFoundException: minecraft:models/item/netherite_shovel/12.json
[18:54:46] [Worker-ResourceReload-1/WARN]: Unable to load model: 'minecraft:item/netherite_shovel/50' referenced from: minecraft:netherite_shovel#inventory: java.io.FileNotFoundException: minecraft:models/item/netherite_shovel/50.json
[18:54:46] [Worker-ResourceReload-1/WARN]: Unable to load model: 'minecraft:item/netherite_pickaxe/50' referenced from: minecraft:netherite_pickaxe#inventory: java.io.FileNotFoundException: minecraft:models/item/netherite_pickaxe/50.json
[18:54:46] [Worker-ResourceReload-1/WARN]: Unable to load model: 'minecraft:item/netherite_pickaxe/16' referenced from: minecraft:netherite_pickaxe#inventory: java.io.FileNotFoundException: minecraft:models/item/netherite_pickaxe/16.json
[18:54:46] [Worker-ResourceReload-1/WARN]: Unable to load model: 'minecraft:item/netherite_pickaxe/19' referenced from: minecraft:netherite_pickaxe#inventory: java.io.FileNotFoundException: minecraft:models/item/netherite_pickaxe/19.json
[18:54:46] [Worker-ResourceReload-1/WARN]: Unable to load model: 'minecraft:item/netherite_pickaxe/17' referenced from: minecraft:netherite_pickaxe#inventory: java.io.FileNotFoundException: minecraft:models/item/netherite_pickaxe/17.json
[18:54:46] [Worker-ResourceReload-1/WARN]: Unable to load model: 'minecraft:item/netherite_pickaxe/18' referenced from: minecraft:netherite_pickaxe#inventory: java.io.FileNotFoundException: minecraft:models/item/netherite_pickaxe/18.json
[18:54:46] [Worker-ResourceReload-1/WARN]: Unable to load model: 'minecraft:item/netherite_pickaxe/40' referenced from: minecraft:netherite_pickaxe#inventory: java.io.FileNotFoundException: minecraft:models/item/netherite_pickaxe/40.json
[18:54:46] [Worker-ResourceReload-1/WARN]: Unable to load model: 'minecraft:item/netherite_pickaxe/41' referenced from: minecraft:netherite_pickaxe#inventory: java.io.FileNotFoundException: minecraft:models/item/netherite_pickaxe/41.json
[18:54:46] [Worker-ResourceReload-1/WARN]: Unable to load model: 'minecraft:item/netherite_pickaxe/44' referenced from: minecraft:netherite_pickaxe#inventory: java.io.FileNotFoundException: minecraft:models/item/netherite_pickaxe/44.json
[18:54:46] [Worker-ResourceReload-1/WARN]: Unable to load model: 'minecraft:item/netherite_pickaxe/45' referenced from: minecraft:netherite_pickaxe#inventory: java.io.FileNotFoundException: minecraft:models/item/netherite_pickaxe/45.json
[18:54:46] [Worker-ResourceReload-1/WARN]: Unable to load model: 'minecraft:item/netherite_pickaxe/42' referenced from: minecraft:netherite_pickaxe#inventory: java.io.FileNotFoundException: minecraft:models/item/netherite_pickaxe/42.json
[18:54:46] [Worker-ResourceReload-1/WARN]: Unable to load model: 'minecraft:item/netherite_pickaxe/43' referenced from: minecraft:netherite_pickaxe#inventory: java.io.FileNotFoundException: minecraft:models/item/netherite_pickaxe/43.json
[18:54:46] [Worker-ResourceReload-1/WARN]: Unable to load model: 'minecraft:item/netherite_pickaxe/48' referenced from: minecraft:netherite_pickaxe#inventory: java.io.FileNotFoundException: minecraft:models/item/netherite_pickaxe/48.json
[18:54:46] [Worker-ResourceReload-1/WARN]: Unable to load model: 'minecraft:item/netherite_pickaxe/49' referenced from: minecraft:netherite_pickaxe#inventory: java.io.FileNotFoundException: minecraft:models/item/netherite_pickaxe/49.json
[18:54:46] [Worker-ResourceReload-1/WARN]: Unable to load model: 'minecraft:item/netherite_pickaxe/46' referenced from: minecraft:netherite_pickaxe#inventory: java.io.FileNotFoundException: minecraft:models/item/netherite_pickaxe/46.json
[18:54:46] [Worker-ResourceReload-1/WARN]: Unable to load model: 'minecraft:item/netherite_pickaxe/47' referenced from: minecraft:netherite_pickaxe#inventory: java.io.FileNotFoundException: minecraft:models/item/netherite_pickaxe/47.json
[18:54:46] [Worker-ResourceReload-1/WARN]: Unable to load model: 'minecraft:item/netherite_pickaxe/30' referenced from: minecraft:netherite_pickaxe#inventory: java.io.FileNotFoundException: minecraft:models/item/netherite_pickaxe/30.json
[18:54:46] [Worker-ResourceReload-1/WARN]: Unable to load model: 'minecraft:item/netherite_pickaxe/33' referenced from: minecraft:netherite_pickaxe#inventory: java.io.FileNotFoundException: minecraft:models/item/netherite_pickaxe/33.json
[18:54:46] [Worker-ResourceReload-1/WARN]: Unable to load model: 'minecraft:item/netherite_pickaxe/34' referenced from: minecraft:netherite_pickaxe#inventory: java.io.FileNotFoundException: minecraft:models/item/netherite_pickaxe/34.json
[18:54:46] [Worker-ResourceReload-1/WARN]: Unable to load model: 'minecraft:item/netherite_pickaxe/31' referenced from: minecraft:netherite_pickaxe#inventory: java.io.FileNotFoundException: minecraft:models/item/netherite_pickaxe/31.json
[18:54:46] [Worker-ResourceReload-1/WARN]: Unable to load model: 'minecraft:item/netherite_pickaxe/32' referenced from: minecraft:netherite_pickaxe#inventory: java.io.FileNotFoundException: minecraft:models/item/netherite_pickaxe/32.json
[18:54:46] [Worker-ResourceReload-1/WARN]: Unable to load model: 'minecraft:item/netherite_pickaxe/37' referenced from: minecraft:netherite_pickaxe#inventory: java.io.FileNotFoundException: minecraft:models/item/netherite_pickaxe/37.json
[18:54:46] [Worker-ResourceReload-1/WARN]: Unable to load model: 'minecraft:item/netherite_pickaxe/38' referenced from: minecraft:netherite_pickaxe#inventory: java.io.FileNotFoundException: minecraft:models/item/netherite_pickaxe/38.json
[18:54:46] [Worker-ResourceReload-1/WARN]: Unable to load model: 'minecraft:item/netherite_pickaxe/35' referenced from: minecraft:netherite_pickaxe#inventory: java.io.FileNotFoundException: minecraft:models/item/netherite_pickaxe/35.json
[18:54:46] [Worker-ResourceReload-1/WARN]: Unable to load model: 'minecraft:item/netherite_pickaxe/36' referenced from: minecraft:netherite_pickaxe#inventory: java.io.FileNotFoundException: minecraft:models/item/netherite_pickaxe/36.json
[18:54:46] [Worker-ResourceReload-1/WARN]: Unable to load model: 'minecraft:item/netherite_pickaxe/39' referenced from: minecraft:netherite_pickaxe#inventory: java.io.FileNotFoundException: minecraft:models/item/netherite_pickaxe/39.json
[18:54:46] [Worker-ResourceReload-1/WARN]: Unable to load model: 'minecraft:item/netherite_pickaxe/22' referenced from: minecraft:netherite_pickaxe#inventory: java.io.FileNotFoundException: minecraft:models/item/netherite_pickaxe/22.json
[18:54:46] [Worker-ResourceReload-1/WARN]: Unable to load model: 'minecraft:item/netherite_pickaxe/23' referenced from: minecraft:netherite_pickaxe#inventory: java.io.FileNotFoundException: minecraft:models/item/netherite_pickaxe/23.json
[18:54:46] [Worker-ResourceReload-1/WARN]: Unable to load model: 'minecraft:item/netherite_pickaxe/20' referenced from: minecraft:netherite_pickaxe#inventory: java.io.FileNotFoundException: minecraft:models/item/netherite_pickaxe/20.json
[18:54:46] [Worker-ResourceReload-1/WARN]: Unable to load model: 'minecraft:item/netherite_pickaxe/21' referenced from: minecraft:netherite_pickaxe#inventory: java.io.FileNotFoundException: minecraft:models/item/netherite_pickaxe/21.json
[18:54:46] [Worker-ResourceReload-1/WARN]: Unable to load model: 'minecraft:item/netherite_pickaxe/26' referenced from: minecraft:netherite_pickaxe#inventory: java.io.FileNotFoundException: minecraft:models/item/netherite_pickaxe/26.json
[18:54:46] [Worker-ResourceReload-1/WARN]: Unable to load model: 'minecraft:item/netherite_pickaxe/27' referenced from: minecraft:netherite_pickaxe#inventory: java.io.FileNotFoundException: minecraft:models/item/netherite_pickaxe/27.json
[18:54:46] [Worker-ResourceReload-1/WARN]: Unable to load model: 'minecraft:item/netherite_pickaxe/24' referenced from: minecraft:netherite_pickaxe#inventory: java.io.FileNotFoundException: minecraft:models/item/netherite_pickaxe/24.json
[18:54:46] [Worker-ResourceReload-1/WARN]: Unable to load model: 'minecraft:item/netherite_pickaxe/25' referenced from: minecraft:netherite_pickaxe#inventory: java.io.FileNotFoundException: minecraft:models/item/netherite_pickaxe/25.json
[18:54:46] [Worker-ResourceReload-1/WARN]: Unable to load model: 'minecraft:item/netherite_pickaxe/28' referenced from: minecraft:netherite_pickaxe#inventory: java.io.FileNotFoundException: minecraft:models/item/netherite_pickaxe/28.json
[18:54:46] [Worker-ResourceReload-1/WARN]: Unable to load model: 'minecraft:item/netherite_pickaxe/29' referenced from: minecraft:netherite_pickaxe#inventory: java.io.FileNotFoundException: minecraft:models/item/netherite_pickaxe/29.json
[18:54:46] [Worker-ResourceReload-1/WARN]: Unable to load model: 'minecraft:item/netherite_axe/34' referenced from: minecraft:netherite_axe#inventory: java.io.FileNotFoundException: minecraft:models/item/netherite_axe/34.json
[18:54:46] [Worker-ResourceReload-1/WARN]: Unable to load model: 'minecraft:item/netherite_axe/35' referenced from: minecraft:netherite_axe#inventory: java.io.FileNotFoundException: minecraft:models/item/netherite_axe/35.json
[18:54:46] [Worker-ResourceReload-1/WARN]: Unable to load model: 'minecraft:item/netherite_axe/32' referenced from: minecraft:netherite_axe#inventory: java.io.FileNotFoundException: minecraft:models/item/netherite_axe/32.json
[18:54:46] [Worker-ResourceReload-1/WARN]: Unable to load model: 'minecraft:item/netherite_axe/33' referenced from: minecraft:netherite_axe#inventory: java.io.FileNotFoundException: minecraft:models/item/netherite_axe/33.json
[18:54:46] [Worker-ResourceReload-1/WARN]: Unable to load model: 'minecraft:item/netherite_axe/30' referenced from: minecraft:netherite_axe#inventory: java.io.FileNotFoundException: minecraft:models/item/netherite_axe/30.json
[18:54:46] [Worker-ResourceReload-1/WARN]: Unable to load model: 'minecraft:item/netherite_axe/31' referenced from: minecraft:netherite_axe#inventory: java.io.FileNotFoundException: minecraft:models/item/netherite_axe/31.json
[18:54:46] [Worker-ResourceReload-1/WARN]: Unable to load model: 'minecraft:item/netherite_axe/38' referenced from: minecraft:netherite_axe#inventory: java.io.FileNotFoundException: minecraft:models/item/netherite_axe/38.json
[18:54:46] [Worker-ResourceReload-1/WARN]: Unable to load model: 'minecraft:item/netherite_axe/39' referenced from: minecraft:netherite_axe#inventory: java.io.FileNotFoundException: minecraft:models/item/netherite_axe/39.json
[18:54:46] [Worker-ResourceReload-1/WARN]: Unable to load model: 'minecraft:item/netherite_axe/36' referenced from: minecraft:netherite_axe#inventory: java.io.FileNotFoundException: minecraft:models/item/netherite_axe/36.json
[18:54:46] [Worker-ResourceReload-1/WARN]: Unable to load model: 'minecraft:item/netherite_axe/37' referenced from: minecraft:netherite_axe#inventory: java.io.FileNotFoundException: minecraft:models/item/netherite_axe/37.json
[18:54:46] [Worker-ResourceReload-1/WARN]: Unable to load model: 'minecraft:item/netherite_axe/45' referenced from: minecraft:netherite_axe#inventory: java.io.FileNotFoundException: minecraft:models/item/netherite_axe/45.json
[18:54:46] [Worker-ResourceReload-1/WARN]: Unable to load model: 'minecraft:item/netherite_axe/46' referenced from: minecraft:netherite_axe#inventory: java.io.FileNotFoundException: minecraft:models/item/netherite_axe/46.json
[18:54:46] [Worker-ResourceReload-1/WARN]: Unable to load model: 'minecraft:item/netherite_axe/43' referenced from: minecraft:netherite_axe#inventory: java.io.FileNotFoundException: minecraft:models/item/netherite_axe/43.json
[18:54:46] [Worker-ResourceReload-1/WARN]: Unable to load model: 'minecraft:item/netherite_axe/44' referenced from: minecraft:netherite_axe#inventory: java.io.FileNotFoundException: minecraft:models/item/netherite_axe/44.json
[18:54:46] [Worker-ResourceReload-1/WARN]: Unable to load model: 'minecraft:item/netherite_axe/41' referenced from: minecraft:netherite_axe#inventory: java.io.FileNotFoundException: minecraft:models/item/netherite_axe/41.json
[18:54:46] [Worker-ResourceReload-1/WARN]: Unable to load model: 'minecraft:item/netherite_axe/42' referenced from: minecraft:netherite_axe#inventory: java.io.FileNotFoundException: minecraft:models/item/netherite_axe/42.json
[18:54:46] [Worker-ResourceReload-1/WARN]: Unable to load model: 'minecraft:item/netherite_axe/40' referenced from: minecraft:netherite_axe#inventory: java.io.FileNotFoundException: minecraft:models/item/netherite_axe/40.json
[18:54:46] [Worker-ResourceReload-1/WARN]: Unable to load model: 'minecraft:item/netherite_axe/49' referenced from: minecraft:netherite_axe#inventory: java.io.FileNotFoundException: minecraft:models/item/netherite_axe/49.json
[18:54:46] [Worker-ResourceReload-1/WARN]: Unable to load model: 'minecraft:item/netherite_axe/47' referenced from: minecraft:netherite_axe#inventory: java.io.FileNotFoundException: minecraft:models/item/netherite_axe/47.json
[18:54:46] [Worker-ResourceReload-1/WARN]: Unable to load model: 'minecraft:item/netherite_axe/48' referenced from: minecraft:netherite_axe#inventory: java.io.FileNotFoundException: minecraft:models/item/netherite_axe/48.json
[18:54:46] [Worker-ResourceReload-1/WARN]: Unable to load model: 'minecraft:item/netherite_axe/50' referenced from: minecraft:netherite_axe#inventory: java.io.FileNotFoundException: minecraft:models/item/netherite_axe/50.json
[18:54:46] [Worker-ResourceReload-1/WARN]: Unable to load model: 'minecraft:item/netherite_axe/18' referenced from: minecraft:netherite_axe#inventory: java.io.FileNotFoundException: minecraft:models/item/netherite_axe/18.json
[18:54:46] [Worker-ResourceReload-1/WARN]: Unable to load model: 'minecraft:item/netherite_axe/19' referenced from: minecraft:netherite_axe#inventory: java.io.FileNotFoundException: minecraft:models/item/netherite_axe/19.json
[18:54:46] [Worker-ResourceReload-1/WARN]: Unable to load model: 'minecraft:item/netherite_axe/16' referenced from: minecraft:netherite_axe#inventory: java.io.FileNotFoundException: minecraft:models/item/netherite_axe/16.json
[18:54:46] [Worker-ResourceReload-1/WARN]: Unable to load model: 'minecraft:item/netherite_axe/17' referenced from: minecraft:netherite_axe#inventory: java.io.FileNotFoundException: minecraft:models/item/netherite_axe/17.json
[18:54:46] [Worker-ResourceReload-1/WARN]: Unable to load model: 'minecraft:item/netherite_axe/23' referenced from: minecraft:netherite_axe#inventory: java.io.FileNotFoundException: minecraft:models/item/netherite_axe/23.json
[18:54:46] [Worker-ResourceReload-1/WARN]: Unable to load model: 'minecraft:item/netherite_axe/24' referenced from: minecraft:netherite_axe#inventory: java.io.FileNotFoundException: minecraft:models/item/netherite_axe/24.json
[18:54:46] [Worker-ResourceReload-1/WARN]: Unable to load model: 'minecraft:item/netherite_axe/21' referenced from: minecraft:netherite_axe#inventory: java.io.FileNotFoundException: minecraft:models/item/netherite_axe/21.json
[18:54:46] [Worker-ResourceReload-1/WARN]: Unable to load model: 'minecraft:item/netherite_axe/22' referenced from: minecraft:netherite_axe#inventory: java.io.FileNotFoundException: minecraft:models/item/netherite_axe/22.json
[18:54:46] [Worker-ResourceReload-1/WARN]: Unable to load model: 'minecraft:item/netherite_axe/20' referenced from: minecraft:netherite_axe#inventory: java.io.FileNotFoundException: minecraft:models/item/netherite_axe/20.json
[18:54:46] [Worker-ResourceReload-1/WARN]: Unable to load model: 'minecraft:item/netherite_axe/29' referenced from: minecraft:netherite_axe#inventory: java.io.FileNotFoundException: minecraft:models/item/netherite_axe/29.json
[18:54:46] [Worker-ResourceReload-1/WARN]: Unable to load model: 'minecraft:item/netherite_axe/27' referenced from: minecraft:netherite_axe#inventory: java.io.FileNotFoundException: minecraft:models/item/netherite_axe/27.json
[18:54:46] [Worker-ResourceReload-1/WARN]: Unable to load model: 'minecraft:item/netherite_axe/28' referenced from: minecraft:netherite_axe#inventory: java.io.FileNotFoundException: minecraft:models/item/netherite_axe/28.json
[18:54:46] [Worker-ResourceReload-1/WARN]: Unable to load model: 'minecraft:item/netherite_axe/25' referenced from: minecraft:netherite_axe#inventory: java.io.FileNotFoundException: minecraft:models/item/netherite_axe/25.json
[18:54:46] [Worker-ResourceReload-1/WARN]: Unable to load model: 'minecraft:item/netherite_axe/26' referenced from: minecraft:netherite_axe#inventory: java.io.FileNotFoundException: minecraft:models/item/netherite_axe/26.json
[18:54:46] [Worker-ResourceReload-1/WARN]: Unable to load model: 'minecraft:item/netherite_hoe/40' referenced from: minecraft:netherite_hoe#inventory: java.io.FileNotFoundException: minecraft:models/item/netherite_hoe/40.json
[18:54:46] [Worker-ResourceReload-1/WARN]: Unable to load model: 'minecraft:item/netherite_hoe/42' referenced from: minecraft:netherite_hoe#inventory: java.io.FileNotFoundException: minecraft:models/item/netherite_hoe/42.json
[18:54:46] [Worker-ResourceReload-1/WARN]: Unable to load model: 'minecraft:item/netherite_hoe/41' referenced from: minecraft:netherite_hoe#inventory: java.io.FileNotFoundException: minecraft:models/item/netherite_hoe/41.json
[18:54:46] [Worker-ResourceReload-1/WARN]: Unable to load model: 'minecraft:item/netherite_hoe/44' referenced from: minecraft:netherite_hoe#inventory: java.io.FileNotFoundException: minecraft:models/item/netherite_hoe/44.json
[18:54:46] [Worker-ResourceReload-1/WARN]: Unable to load model: 'minecraft:item/netherite_hoe/43' referenced from: minecraft:netherite_hoe#inventory: java.io.FileNotFoundException: minecraft:models/item/netherite_hoe/43.json
[18:54:46] [Worker-ResourceReload-1/WARN]: Unable to load model: 'minecraft:item/netherite_hoe/46' referenced from: minecraft:netherite_hoe#inventory: java.io.FileNotFoundException: minecraft:models/item/netherite_hoe/46.json
[18:54:46] [Worker-ResourceReload-1/WARN]: Unable to load model: 'minecraft:item/netherite_hoe/45' referenced from: minecraft:netherite_hoe#inventory: java.io.FileNotFoundException: minecraft:models/item/netherite_hoe/45.json
[18:54:46] [Worker-ResourceReload-1/WARN]: Unable to load model: 'minecraft:item/netherite_hoe/37' referenced from: minecraft:netherite_hoe#inventory: java.io.FileNotFoundException: minecraft:models/item/netherite_hoe/37.json
[18:54:46] [Worker-ResourceReload-1/WARN]: Unable to load model: 'minecraft:item/netherite_hoe/36' referenced from: minecraft:netherite_hoe#inventory: java.io.FileNotFoundException: minecraft:models/item/netherite_hoe/36.json
[18:54:46] [Worker-ResourceReload-1/WARN]: Unable to load model: 'minecraft:item/netherite_hoe/39' referenced from: minecraft:netherite_hoe#inventory: java.io.FileNotFoundException: minecraft:models/item/netherite_hoe/39.json
[18:54:46] [Worker-ResourceReload-1/WARN]: Unable to load model: 'minecraft:item/netherite_hoe/38' referenced from: minecraft:netherite_hoe#inventory: java.io.FileNotFoundException: minecraft:models/item/netherite_hoe/38.json
[18:54:46] [Worker-ResourceReload-1/WARN]: Unable to load model: 'minecraft:item/netherite_hoe/31' referenced from: minecraft:netherite_hoe#inventory: java.io.FileNotFoundException: minecraft:models/item/netherite_hoe/31.json
[18:54:46] [Worker-ResourceReload-1/WARN]: Unable to load model: 'minecraft:item/netherite_hoe/30' referenced from: minecraft:netherite_hoe#inventory: java.io.FileNotFoundException: minecraft:models/item/netherite_hoe/30.json
[18:54:46] [Worker-ResourceReload-1/WARN]: Unable to load model: 'minecraft:item/netherite_hoe/33' referenced from: minecraft:netherite_hoe#inventory: java.io.FileNotFoundException: minecraft:models/item/netherite_hoe/33.json
[18:54:46] [Worker-ResourceReload-1/WARN]: Unable to load model: 'minecraft:item/netherite_hoe/32' referenced from: minecraft:netherite_hoe#inventory: java.io.FileNotFoundException: minecraft:models/item/netherite_hoe/32.json
[18:54:46] [Worker-ResourceReload-1/WARN]: Unable to load model: 'minecraft:item/netherite_hoe/35' referenced from: minecraft:netherite_hoe#inventory: java.io.FileNotFoundException: minecraft:models/item/netherite_hoe/35.json
[18:54:46] [Worker-ResourceReload-1/WARN]: Unable to load model: 'minecraft:item/netherite_hoe/34' referenced from: minecraft:netherite_hoe#inventory: java.io.FileNotFoundException: minecraft:models/item/netherite_hoe/34.json
[18:54:46] [Worker-ResourceReload-1/WARN]: Unable to load model: 'minecraft:item/netherite_hoe/26' referenced from: minecraft:netherite_hoe#inventory: java.io.FileNotFoundException: minecraft:models/item/netherite_hoe/26.json
[18:54:46] [Worker-ResourceReload-1/WARN]: Unable to load model: 'minecraft:item/netherite_hoe/25' referenced from: minecraft:netherite_hoe#inventory: java.io.FileNotFoundException: minecraft:models/item/netherite_hoe/25.json
[18:54:46] [Worker-ResourceReload-1/WARN]: Unable to load model: 'minecraft:item/netherite_hoe/28' referenced from: minecraft:netherite_hoe#inventory: java.io.FileNotFoundException: minecraft:models/item/netherite_hoe/28.json
[18:54:46] [Worker-ResourceReload-1/WARN]: Unable to load model: 'minecraft:item/netherite_hoe/27' referenced from: minecraft:netherite_hoe#inventory: java.io.FileNotFoundException: minecraft:models/item/netherite_hoe/27.json
[18:54:46] [Worker-ResourceReload-1/WARN]: Unable to load model: 'minecraft:item/netherite_hoe/29' referenced from: minecraft:netherite_hoe#inventory: java.io.FileNotFoundException: minecraft:models/item/netherite_hoe/29.json
[18:54:46] [Worker-ResourceReload-1/WARN]: Unable to load model: 'minecraft:item/netherite_hoe/20' referenced from: minecraft:netherite_hoe#inventory: java.io.FileNotFoundException: minecraft:models/item/netherite_hoe/20.json
[18:54:46] [Worker-ResourceReload-1/WARN]: Unable to load model: 'minecraft:item/netherite_hoe/22' referenced from: minecraft:netherite_hoe#inventory: java.io.FileNotFoundException: minecraft:models/item/netherite_hoe/22.json
[18:54:46] [Worker-ResourceReload-1/WARN]: Unable to load model: 'minecraft:item/netherite_hoe/21' referenced from: minecraft:netherite_hoe#inventory: java.io.FileNotFoundException: minecraft:models/item/netherite_hoe/21.json
[18:54:46] [Worker-ResourceReload-1/WARN]: Unable to load model: 'minecraft:item/netherite_hoe/24' referenced from: minecraft:netherite_hoe#inventory: java.io.FileNotFoundException: minecraft:models/item/netherite_hoe/24.json
[18:54:46] [Worker-ResourceReload-1/WARN]: Unable to load model: 'minecraft:item/netherite_hoe/23' referenced from: minecraft:netherite_hoe#inventory: java.io.FileNotFoundException: minecraft:models/item/netherite_hoe/23.json
[18:54:46] [Worker-ResourceReload-1/WARN]: Unable to load model: 'minecraft:item/netherite_hoe/15' referenced from: minecraft:netherite_hoe#inventory: java.io.FileNotFoundException: minecraft:models/item/netherite_hoe/15.json
[18:54:46] [Worker-ResourceReload-1/WARN]: Unable to load model: 'minecraft:item/netherite_hoe/14' referenced from: minecraft:netherite_hoe#inventory: java.io.FileNotFoundException: minecraft:models/item/netherite_hoe/14.json
[18:54:46] [Worker-ResourceReload-1/WARN]: Unable to load model: 'minecraft:item/netherite_hoe/17' referenced from: minecraft:netherite_hoe#inventory: java.io.FileNotFoundException: minecraft:models/item/netherite_hoe/17.json
[18:54:46] [Worker-ResourceReload-1/WARN]: Unable to load model: 'minecraft:item/netherite_hoe/16' referenced from: minecraft:netherite_hoe#inventory: java.io.FileNotFoundException: minecraft:models/item/netherite_hoe/16.json
[18:54:46] [Worker-ResourceReload-1/WARN]: Unable to load model: 'minecraft:item/netherite_hoe/19' referenced from: minecraft:netherite_hoe#inventory: java.io.FileNotFoundException: minecraft:models/item/netherite_hoe/19.json
[18:54:46] [Worker-ResourceReload-1/WARN]: Unable to load model: 'minecraft:item/netherite_hoe/18' referenced from: minecraft:netherite_hoe#inventory: java.io.FileNotFoundException: minecraft:models/item/netherite_hoe/18.json
[18:54:46] [Worker-ResourceReload-1/WARN]: Unable to load model: 'minecraft:item/netherite_hoe/50' referenced from: minecraft:netherite_hoe#inventory: java.io.FileNotFoundException: minecraft:models/item/netherite_hoe/50.json
[18:54:46] [Worker-ResourceReload-1/WARN]: Unable to load model: 'minecraft:item/netherite_hoe/11' referenced from: minecraft:netherite_hoe#inventory: java.io.FileNotFoundException: minecraft:models/item/netherite_hoe/11.json
[18:54:46] [Worker-ResourceReload-1/WARN]: Unable to load model: 'minecraft:item/netherite_hoe/13' referenced from: minecraft:netherite_hoe#inventory: java.io.FileNotFoundException: minecraft:models/item/netherite_hoe/13.json
[18:54:46] [Worker-ResourceReload-1/WARN]: Unable to load model: 'minecraft:item/netherite_hoe/12' referenced from: minecraft:netherite_hoe#inventory: java.io.FileNotFoundException: minecraft:models/item/netherite_hoe/12.json
[18:54:46] [Worker-ResourceReload-1/WARN]: Unable to load model: 'minecraft:item/netherite_hoe/48' referenced from: minecraft:netherite_hoe#inventory: java.io.FileNotFoundException: minecraft:models/item/netherite_hoe/48.json
[18:54:46] [Worker-ResourceReload-1/WARN]: Unable to load model: 'minecraft:item/netherite_hoe/47' referenced from: minecraft:netherite_hoe#inventory: java.io.FileNotFoundException: minecraft:models/item/netherite_hoe/47.json
[18:54:46] [Worker-ResourceReload-1/WARN]: Unable to load model: 'minecraft:item/netherite_hoe/49' referenced from: minecraft:netherite_hoe#inventory: java.io.FileNotFoundException: minecraft:models/item/netherite_hoe/49.json
[18:54:46] [Worker-ResourceReload-1/WARN]: Unable to load model: 'minecraft:item/stick/50' referenced from: minecraft:stick#inventory: java.io.FileNotFoundException: minecraft:models/item/stick/50.json
[18:54:46] [Worker-ResourceReload-1/WARN]: Unable to load model: 'minecraft:item/stick/41' referenced from: minecraft:stick#inventory: java.io.FileNotFoundException: minecraft:models/item/stick/41.json
[18:54:46] [Worker-ResourceReload-1/WARN]: Unable to load model: 'minecraft:item/stick/40' referenced from: minecraft:stick#inventory: java.io.FileNotFoundException: minecraft:models/item/stick/40.json
[18:54:46] [Worker-ResourceReload-1/WARN]: Unable to load model: 'minecraft:item/stick/43' referenced from: minecraft:stick#inventory: java.io.FileNotFoundException: minecraft:models/item/stick/43.json
[18:54:46] [Worker-ResourceReload-1/WARN]: Unable to load model: 'minecraft:item/stick/42' referenced from: minecraft:stick#inventory: java.io.FileNotFoundException: minecraft:models/item/stick/42.json
[18:54:46] [Worker-ResourceReload-1/WARN]: Unable to load model: 'minecraft:item/stick/45' referenced from: minecraft:stick#inventory: java.io.FileNotFoundException: minecraft:models/item/stick/45.json
[18:54:46] [Worker-ResourceReload-1/WARN]: Unable to load model: 'minecraft:item/stick/44' referenced from: minecraft:stick#inventory: java.io.FileNotFoundException: minecraft:models/item/stick/44.json
[18:54:46] [Worker-ResourceReload-1/WARN]: Unable to load model: 'minecraft:item/stick/47' referenced from: minecraft:stick#inventory: java.io.FileNotFoundException: minecraft:models/item/stick/47.json
[18:54:46] [Worker-ResourceReload-1/WARN]: Unable to load model: 'minecraft:item/stick/46' referenced from: minecraft:stick#inventory: java.io.FileNotFoundException: minecraft:models/item/stick/46.json
[18:54:46] [Worker-ResourceReload-1/WARN]: Unable to load model: 'minecraft:item/stick/49' referenced from: minecraft:stick#inventory: java.io.FileNotFoundException: minecraft:models/item/stick/49.json
[18:54:46] [Worker-ResourceReload-1/WARN]: Unable to load model: 'minecraft:item/stick/48' referenced from: minecraft:stick#inventory: java.io.FileNotFoundException: minecraft:models/item/stick/48.json
[18:54:46] [Worker-ResourceReload-1/WARN]: Unable to load model: 'minecraft:item/stick/30' referenced from: minecraft:stick#inventory: java.io.FileNotFoundException: minecraft:models/item/stick/30.json
[18:54:46] [Worker-ResourceReload-1/WARN]: Unable to load model: 'minecraft:item/stick/32' referenced from: minecraft:stick#inventory: java.io.FileNotFoundException: minecraft:models/item/stick/32.json
[18:54:46] [Worker-ResourceReload-1/WARN]: Unable to load model: 'minecraft:item/stick/31' referenced from: minecraft:stick#inventory: java.io.FileNotFoundException: minecraft:models/item/stick/31.json
[18:54:46] [Worker-ResourceReload-1/WARN]: Unable to load model: 'minecraft:item/stick/34' referenced from: minecraft:stick#inventory: java.io.FileNotFoundException: minecraft:models/item/stick/34.json
[18:54:46] [Worker-ResourceReload-1/WARN]: Unable to load model: 'minecraft:item/stick/33' referenced from: minecraft:stick#inventory: java.io.FileNotFoundException: minecraft:models/item/stick/33.json
[18:54:46] [Worker-ResourceReload-1/WARN]: Unable to load model: 'minecraft:item/stick/36' referenced from: minecraft:stick#inventory: java.io.FileNotFoundException: minecraft:models/item/stick/36.json
[18:54:46] [Worker-ResourceReload-1/WARN]: Unable to load model: 'minecraft:item/stick/35' referenced from: minecraft:stick#inventory: java.io.FileNotFoundException: minecraft:models/item/stick/35.json
[18:54:46] [Worker-ResourceReload-1/WARN]: Unable to load model: 'minecraft:item/stick/38' referenced from: minecraft:stick#inventory: java.io.FileNotFoundException: minecraft:models/item/stick/38.json
[18:54:46] [Worker-ResourceReload-1/WARN]: Unable to load model: 'minecraft:item/stick/37' referenced from: minecraft:stick#inventory: java.io.FileNotFoundException: minecraft:models/item/stick/37.json
[18:54:46] [Worker-ResourceReload-1/WARN]: Unable to load model: 'minecraft:item/stick/39' referenced from: minecraft:stick#inventory: java.io.FileNotFoundException: minecraft:models/item/stick/39.json
[18:54:46] [Worker-ResourceReload-1/WARN]: Unable to load model: 'minecraft:item/stick/21' referenced from: minecraft:stick#inventory: java.io.FileNotFoundException: minecraft:models/item/stick/21.json
[18:54:46] [Worker-ResourceReload-1/WARN]: Unable to load model: 'minecraft:item/stick/23' referenced from: minecraft:stick#inventory: java.io.FileNotFoundException: minecraft:models/item/stick/23.json
[18:54:46] [Worker-ResourceReload-1/WARN]: Unable to load model: 'minecraft:item/stick/22' referenced from: minecraft:stick#inventory: java.io.FileNotFoundException: minecraft:models/item/stick/22.json
[18:54:46] [Worker-ResourceReload-1/WARN]: Unable to load model: 'minecraft:item/stick/25' referenced from: minecraft:stick#inventory: java.io.FileNotFoundException: minecraft:models/item/stick/25.json
[18:54:46] [Worker-ResourceReload-1/WARN]: Unable to load model: 'minecraft:item/stick/24' referenced from: minecraft:stick#inventory: java.io.FileNotFoundException: minecraft:models/item/stick/24.json
[18:54:46] [Worker-ResourceReload-1/WARN]: Unable to load model: 'minecraft:item/stick/27' referenced from: minecraft:stick#inventory: java.io.FileNotFoundException: minecraft:models/item/stick/27.json
[18:54:46] [Worker-ResourceReload-1/WARN]: Unable to load model: 'minecraft:item/stick/26' referenced from: minecraft:stick#inventory: java.io.FileNotFoundException: minecraft:models/item/stick/26.json
[18:54:46] [Worker-ResourceReload-1/WARN]: Unable to load model: 'minecraft:item/stick/29' referenced from: minecraft:stick#inventory: java.io.FileNotFoundException: minecraft:models/item/stick/29.json
[18:54:46] [Worker-ResourceReload-1/WARN]: Unable to load model: 'minecraft:item/stick/28' referenced from: minecraft:stick#inventory: java.io.FileNotFoundException: minecraft:models/item/stick/28.json
[18:54:46] [Worker-ResourceReload-1/WARN]: Unable to load model: 'dke:item/dragon_helmet' referenced from: minecraft:iron_helmet#inventory: java.io.FileNotFoundException: dke:models/item/dragon_helmet.json
[18:54:46] [Worker-ResourceReload-1/WARN]: Unable to load model: 'dke:item/dragon_chestplate' referenced from: minecraft:iron_chestplate#inventory: java.io.FileNotFoundException: dke:models/item/dragon_chestplate.json
[18:54:46] [Worker-ResourceReload-1/WARN]: Unable to load model: 'dke:item/dragon_leggings' referenced from: minecraft:iron_leggings#inventory: java.io.FileNotFoundException: dke:models/item/dragon_leggings.json
[18:54:46] [Worker-ResourceReload-1/WARN]: Unable to load model: 'dke:item/dragon_boots' referenced from: minecraft:iron_boots#inventory: java.io.FileNotFoundException: dke:models/item/dragon_boots.json
[18:54:46] [Worker-ResourceReload-1/WARN]: Unable to load model: 'minecraft:item/golden_apple/38' referenced from: minecraft:golden_apple#inventory: java.io.FileNotFoundException: minecraft:models/item/golden_apple/38.json
[18:54:46] [Worker-ResourceReload-1/WARN]: Unable to load model: 'minecraft:item/golden_apple/37' referenced from: minecraft:golden_apple#inventory: java.io.FileNotFoundException: minecraft:models/item/golden_apple/37.json
[18:54:46] [Worker-ResourceReload-1/WARN]: Unable to load model: 'minecraft:item/golden_apple/36' referenced from: minecraft:golden_apple#inventory: java.io.FileNotFoundException: minecraft:models/item/golden_apple/36.json
[18:54:46] [Worker-ResourceReload-1/WARN]: Unable to load model: 'minecraft:item/golden_apple/35' referenced from: minecraft:golden_apple#inventory: java.io.FileNotFoundException: minecraft:models/item/golden_apple/35.json
[18:54:46] [Worker-ResourceReload-1/WARN]: Unable to load model: 'minecraft:item/golden_apple/34' referenced from: minecraft:golden_apple#inventory: java.io.FileNotFoundException: minecraft:models/item/golden_apple/34.json
[18:54:46] [Worker-ResourceReload-1/WARN]: Unable to load model: 'minecraft:item/golden_apple/33' referenced from: minecraft:golden_apple#inventory: java.io.FileNotFoundException: minecraft:models/item/golden_apple/33.json
[18:54:46] [Worker-ResourceReload-1/WARN]: Unable to load model: 'minecraft:item/golden_apple/32' referenced from: minecraft:golden_apple#inventory: java.io.FileNotFoundException: minecraft:models/item/golden_apple/32.json
[18:54:46] [Worker-ResourceReload-1/WARN]: Unable to load model: 'minecraft:item/golden_apple/31' referenced from: minecraft:golden_apple#inventory: java.io.FileNotFoundException: minecraft:models/item/golden_apple/31.json
[18:54:46] [Worker-ResourceReload-1/WARN]: Unable to load model: 'minecraft:item/golden_apple/39' referenced from: minecraft:golden_apple#inventory: java.io.FileNotFoundException: minecraft:models/item/golden_apple/39.json
[18:54:46] [Worker-ResourceReload-1/WARN]: Unable to load model: 'minecraft:item/golden_apple/41' referenced from: minecraft:golden_apple#inventory: java.io.FileNotFoundException: minecraft:models/item/golden_apple/41.json
[18:54:46] [Worker-ResourceReload-1/WARN]: Unable to load model: 'minecraft:item/golden_apple/40' referenced from: minecraft:golden_apple#inventory: java.io.FileNotFoundException: minecraft:models/item/golden_apple/40.json
[18:54:46] [Worker-ResourceReload-1/WARN]: Unable to load model: 'minecraft:item/golden_apple/27' referenced from: minecraft:golden_apple#inventory: java.io.FileNotFoundException: minecraft:models/item/golden_apple/27.json
[18:54:46] [Worker-ResourceReload-1/WARN]: Unable to load model: 'minecraft:item/golden_apple/26' referenced from: minecraft:golden_apple#inventory: java.io.FileNotFoundException: minecraft:models/item/golden_apple/26.json
[18:54:46] [Worker-ResourceReload-1/WARN]: Unable to load model: 'minecraft:item/golden_apple/25' referenced from: minecraft:golden_apple#inventory: java.io.FileNotFoundException: minecraft:models/item/golden_apple/25.json
[18:54:46] [Worker-ResourceReload-1/WARN]: Unable to load model: 'minecraft:item/golden_apple/24' referenced from: minecraft:golden_apple#inventory: java.io.FileNotFoundException: minecraft:models/item/golden_apple/24.json
[18:54:46] [Worker-ResourceReload-1/WARN]: Unable to load model: 'minecraft:item/golden_apple/23' referenced from: minecraft:golden_apple#inventory: java.io.FileNotFoundException: minecraft:models/item/golden_apple/23.json
[18:54:46] [Worker-ResourceReload-1/WARN]: Unable to load model: 'minecraft:item/golden_apple/22' referenced from: minecraft:golden_apple#inventory: java.io.FileNotFoundException: minecraft:models/item/golden_apple/22.json
[18:54:46] [Worker-ResourceReload-1/WARN]: Unable to load model: 'minecraft:item/golden_apple/21' referenced from: minecraft:golden_apple#inventory: java.io.FileNotFoundException: minecraft:models/item/golden_apple/21.json
[18:54:46] [Worker-ResourceReload-1/WARN]: Unable to load model: 'minecraft:item/golden_apple/20' referenced from: minecraft:golden_apple#inventory: java.io.FileNotFoundException: minecraft:models/item/golden_apple/20.json
[18:54:46] [Worker-ResourceReload-1/WARN]: Unable to load model: 'minecraft:item/golden_apple/29' referenced from: minecraft:golden_apple#inventory: java.io.FileNotFoundException: minecraft:models/item/golden_apple/29.json
[18:54:46] [Worker-ResourceReload-1/WARN]: Unable to load model: 'minecraft:item/golden_apple/28' referenced from: minecraft:golden_apple#inventory: java.io.FileNotFoundException: minecraft:models/item/golden_apple/28.json
[18:54:46] [Worker-ResourceReload-1/WARN]: Unable to load model: 'minecraft:item/golden_apple/30' referenced from: minecraft:golden_apple#inventory: java.io.FileNotFoundException: minecraft:models/item/golden_apple/30.json
[18:54:46] [Worker-ResourceReload-1/WARN]: Unable to load model: 'minecraft:item/golden_apple/16' referenced from: minecraft:golden_apple#inventory: java.io.FileNotFoundException: minecraft:models/item/golden_apple/16.json
[18:54:46] [Worker-ResourceReload-1/WARN]: Unable to load model: 'minecraft:item/golden_apple/15' referenced from: minecraft:golden_apple#inventory: java.io.FileNotFoundException: minecraft:models/item/golden_apple/15.json
[18:54:46] [Worker-ResourceReload-1/WARN]: Unable to load model: 'minecraft:item/golden_apple/14' referenced from: minecraft:golden_apple#inventory: java.io.FileNotFoundException: minecraft:models/item/golden_apple/14.json
[18:54:46] [Worker-ResourceReload-1/WARN]: Unable to load model: 'minecraft:item/golden_apple/13' referenced from: minecraft:golden_apple#inventory: java.io.FileNotFoundException: minecraft:models/item/golden_apple/13.json
[18:54:46] [Worker-ResourceReload-1/WARN]: Unable to load model: 'minecraft:item/golden_apple/12' referenced from: minecraft:golden_apple#inventory: java.io.FileNotFoundException: minecraft:models/item/golden_apple/12.json
[18:54:46] [Worker-ResourceReload-1/WARN]: Unable to load model: 'minecraft:item/golden_apple/11' referenced from: minecraft:golden_apple#inventory: java.io.FileNotFoundException: minecraft:models/item/golden_apple/11.json
[18:54:46] [Worker-ResourceReload-1/WARN]: Unable to load model: 'minecraft:item/golden_apple/10' referenced from: minecraft:golden_apple#inventory: java.io.FileNotFoundException: minecraft:models/item/golden_apple/10.json
[18:54:46] [Worker-ResourceReload-1/WARN]: Unable to load model: 'minecraft:item/golden_apple/6' referenced from: minecraft:golden_apple#inventory: java.io.FileNotFoundException: minecraft:models/item/golden_apple/6.json
[18:54:46] [Worker-ResourceReload-1/WARN]: Unable to load model: 'minecraft:item/golden_apple/7' referenced from: minecraft:golden_apple#inventory: java.io.FileNotFoundException: minecraft:models/item/golden_apple/7.json
[18:54:46] [Worker-ResourceReload-1/WARN]: Unable to load model: 'minecraft:item/golden_apple/4' referenced from: minecraft:golden_apple#inventory: java.io.FileNotFoundException: minecraft:models/item/golden_apple/4.json
[18:54:46] [Worker-ResourceReload-1/WARN]: Unable to load model: 'minecraft:item/golden_apple/5' referenced from: minecraft:golden_apple#inventory: java.io.FileNotFoundException: minecraft:models/item/golden_apple/5.json
[18:54:46] [Worker-ResourceReload-1/WARN]: Unable to load model: 'minecraft:item/golden_apple/19' referenced from: minecraft:golden_apple#inventory: java.io.FileNotFoundException: minecraft:models/item/golden_apple/19.json
[18:54:46] [Worker-ResourceReload-1/WARN]: Unable to load model: 'minecraft:item/golden_apple/8' referenced from: minecraft:golden_apple#inventory: java.io.FileNotFoundException: minecraft:models/item/golden_apple/8.json
[18:54:46] [Worker-ResourceReload-1/WARN]: Unable to load model: 'minecraft:item/golden_apple/18' referenced from: minecraft:golden_apple#inventory: java.io.FileNotFoundException: minecraft:models/item/golden_apple/18.json
[18:54:46] [Worker-ResourceReload-1/WARN]: Unable to load model: 'minecraft:item/golden_apple/9' referenced from: minecraft:golden_apple#inventory: java.io.FileNotFoundException: minecraft:models/item/golden_apple/9.json
[18:54:46] [Worker-ResourceReload-1/WARN]: Unable to load model: 'minecraft:item/golden_apple/17' referenced from: minecraft:golden_apple#inventory: java.io.FileNotFoundException: minecraft:models/item/golden_apple/17.json
[18:54:46] [Worker-ResourceReload-1/WARN]: Unable to load model: 'minecraft:item/golden_apple/49' referenced from: minecraft:golden_apple#inventory: java.io.FileNotFoundException: minecraft:models/item/golden_apple/49.json
[18:54:46] [Worker-ResourceReload-1/WARN]: Unable to load model: 'minecraft:item/golden_apple/48' referenced from: minecraft:golden_apple#inventory: java.io.FileNotFoundException: minecraft:models/item/golden_apple/48.json
[18:54:46] [Worker-ResourceReload-1/WARN]: Unable to load model: 'minecraft:item/golden_apple/47' referenced from: minecraft:golden_apple#inventory: java.io.FileNotFoundException: minecraft:models/item/golden_apple/47.json
[18:54:46] [Worker-ResourceReload-1/WARN]: Unable to load model: 'minecraft:item/golden_apple/46' referenced from: minecraft:golden_apple#inventory: java.io.FileNotFoundException: minecraft:models/item/golden_apple/46.json
[18:54:46] [Worker-ResourceReload-1/WARN]: Unable to load model: 'minecraft:item/golden_apple/45' referenced from: minecraft:golden_apple#inventory: java.io.FileNotFoundException: minecraft:models/item/golden_apple/45.json
[18:54:46] [Worker-ResourceReload-1/WARN]: Unable to load model: 'minecraft:item/golden_apple/44' referenced from: minecraft:golden_apple#inventory: java.io.FileNotFoundException: minecraft:models/item/golden_apple/44.json
[18:54:46] [Worker-ResourceReload-1/WARN]: Unable to load model: 'minecraft:item/golden_apple/43' referenced from: minecraft:golden_apple#inventory: java.io.FileNotFoundException: minecraft:models/item/golden_apple/43.json
[18:54:46] [Worker-ResourceReload-1/WARN]: Unable to load model: 'minecraft:item/golden_apple/42' referenced from: minecraft:golden_apple#inventory: java.io.FileNotFoundException: minecraft:models/item/golden_apple/42.json
[18:54:46] [Worker-ResourceReload-1/WARN]: Unable to load model: 'minecraft:item/golden_apple/50' referenced from: minecraft:golden_apple#inventory: java.io.FileNotFoundException: minecraft:models/item/golden_apple/50.json
[18:54:46] [Worker-ResourceReload-1/WARN]: Unable to load model: 'dke:item/lightning_bolt' referenced from: minecraft:brick#inventory: java.io.FileNotFoundException: dke:models/item/lightning_bolt.json
[18:54:46] [Worker-ResourceReload-1/WARN]: Unable to load model: 'minecraft:item/pufferfish/3' referenced from: minecraft:pufferfish#inventory: java.io.FileNotFoundException: minecraft:models/item/pufferfish/3.json
[18:54:46] [Worker-ResourceReload-1/WARN]: Unable to load model: 'minecraft:item/pufferfish/5' referenced from: minecraft:pufferfish#inventory: java.io.FileNotFoundException: minecraft:models/item/pufferfish/5.json
[18:54:46] [Worker-ResourceReload-1/WARN]: Unable to load model: 'minecraft:item/pufferfish/4' referenced from: minecraft:pufferfish#inventory: java.io.FileNotFoundException: minecraft:models/item/pufferfish/4.json
[18:54:46] [Worker-ResourceReload-1/WARN]: Unable to load model: 'minecraft:item/npufferfish/2' referenced from: minecraft:pufferfish#inventory: java.io.FileNotFoundException: minecraft:models/item/npufferfish/2.json
[18:54:46] [Worker-ResourceReload-1/WARN]: Unable to load model: 'minecraft:item/cooked_beef/49' referenced from: minecraft:cooked_beef#inventory: java.io.FileNotFoundException: minecraft:models/item/cooked_beef/49.json
[18:54:46] [Worker-ResourceReload-1/WARN]: Unable to load model: 'minecraft:item/cooked_beef/48' referenced from: minecraft:cooked_beef#inventory: java.io.FileNotFoundException: minecraft:models/item/cooked_beef/48.json
[18:54:46] [Worker-ResourceReload-1/WARN]: Unable to load model: 'minecraft:item/cooked_beef/47' referenced from: minecraft:cooked_beef#inventory: java.io.FileNotFoundException: minecraft:models/item/cooked_beef/47.json
[18:54:46] [Worker-ResourceReload-1/WARN]: Unable to load model: 'minecraft:item/cooked_beef/46' referenced from: minecraft:cooked_beef#inventory: java.io.FileNotFoundException: minecraft:models/item/cooked_beef/46.json
[18:54:46] [Worker-ResourceReload-1/WARN]: Unable to load model: 'minecraft:item/cooked_beef/45' referenced from: minecraft:cooked_beef#inventory: java.io.FileNotFoundException: minecraft:models/item/cooked_beef/45.json
[18:54:46] [Worker-ResourceReload-1/WARN]: Unable to load model: 'minecraft:item/cooked_beef/44' referenced from: minecraft:cooked_beef#inventory: java.io.FileNotFoundException: minecraft:models/item/cooked_beef/44.json
[18:54:46] [Worker-ResourceReload-1/WARN]: Unable to load model: 'minecraft:item/cooked_beef/43' referenced from: minecraft:cooked_beef#inventory: java.io.FileNotFoundException: minecraft:models/item/cooked_beef/43.json
[18:54:46] [Worker-ResourceReload-1/WARN]: Unable to load model: 'minecraft:item/cooked_beef/42' referenced from: minecraft:cooked_beef#inventory: java.io.FileNotFoundException: minecraft:models/item/cooked_beef/42.json
[18:54:46] [Worker-ResourceReload-1/WARN]: Unable to load model: 'minecraft:item/cooked_beef/50' referenced from: minecraft:cooked_beef#inventory: java.io.FileNotFoundException: minecraft:models/item/cooked_beef/50.json
[18:54:46] [Worker-ResourceReload-1/WARN]: Unable to load model: 'minecraft:item/cooked_beef/38' referenced from: minecraft:cooked_beef#inventory: java.io.FileNotFoundException: minecraft:models/item/cooked_beef/38.json
[18:54:46] [Worker-ResourceReload-1/WARN]: Unable to load model: 'minecraft:item/cooked_beef/37' referenced from: minecraft:cooked_beef#inventory: java.io.FileNotFoundException: minecraft:models/item/cooked_beef/37.json
[18:54:46] [Worker-ResourceReload-1/WARN]: Unable to load model: 'minecraft:item/cooked_beef/36' referenced from: minecraft:cooked_beef#inventory: java.io.FileNotFoundException: minecraft:models/item/cooked_beef/36.json
[18:54:46] [Worker-ResourceReload-1/WARN]: Unable to load model: 'minecraft:item/cooked_beef/35' referenced from: minecraft:cooked_beef#inventory: java.io.FileNotFoundException: minecraft:models/item/cooked_beef/35.json
[18:54:46] [Worker-ResourceReload-1/WARN]: Unable to load model: 'minecraft:item/cooked_beef/34' referenced from: minecraft:cooked_beef#inventory: java.io.FileNotFoundException: minecraft:models/item/cooked_beef/34.json
[18:54:46] [Worker-ResourceReload-1/WARN]: Unable to load model: 'minecraft:item/cooked_beef/33' referenced from: minecraft:cooked_beef#inventory: java.io.FileNotFoundException: minecraft:models/item/cooked_beef/33.json
[18:54:46] [Worker-ResourceReload-1/WARN]: Unable to load model: 'minecraft:item/cooked_beef/32' referenced from: minecraft:cooked_beef#inventory: java.io.FileNotFoundException: minecraft:models/item/cooked_beef/32.json
[18:54:46] [Worker-ResourceReload-1/WARN]: Unable to load model: 'minecraft:item/cooked_beef/31' referenced from: minecraft:cooked_beef#inventory: java.io.FileNotFoundException: minecraft:models/item/cooked_beef/31.json
[18:54:46] [Worker-ResourceReload-1/WARN]: Unable to load model: 'minecraft:item/cooked_beef/39' referenced from: minecraft:cooked_beef#inventory: java.io.FileNotFoundException: minecraft:models/item/cooked_beef/39.json
[18:54:46] [Worker-ResourceReload-1/WARN]: Unable to load model: 'minecraft:item/cooked_beef/41' referenced from: minecraft:cooked_beef#inventory: java.io.FileNotFoundException: minecraft:models/item/cooked_beef/41.json
[18:54:46] [Worker-ResourceReload-1/WARN]: Unable to load model: 'minecraft:item/cooked_beef/40' referenced from: minecraft:cooked_beef#inventory: java.io.FileNotFoundException: minecraft:models/item/cooked_beef/40.json
[18:54:46] [Worker-ResourceReload-1/WARN]: Unable to load model: 'minecraft:item/cooked_beef/27' referenced from: minecraft:cooked_beef#inventory: java.io.FileNotFoundException: minecraft:models/item/cooked_beef/27.json
[18:54:46] [Worker-ResourceReload-1/WARN]: Unable to load model: 'minecraft:item/cooked_beef/26' referenced from: minecraft:cooked_beef#inventory: java.io.FileNotFoundException: minecraft:models/item/cooked_beef/26.json
[18:54:46] [Worker-ResourceReload-1/WARN]: Unable to load model: 'minecraft:item/cooked_beef/25' referenced from: minecraft:cooked_beef#inventory: java.io.FileNotFoundException: minecraft:models/item/cooked_beef/25.json
[18:54:46] [Worker-ResourceReload-1/WARN]: Unable to load model: 'minecraft:item/cooked_beef/24' referenced from: minecraft:cooked_beef#inventory: java.io.FileNotFoundException: minecraft:models/item/cooked_beef/24.json
[18:54:46] [Worker-ResourceReload-1/WARN]: Unable to load model: 'minecraft:item/cooked_beef/23' referenced from: minecraft:cooked_beef#inventory: java.io.FileNotFoundException: minecraft:models/item/cooked_beef/23.json
[18:54:46] [Worker-ResourceReload-1/WARN]: Unable to load model: 'minecraft:item/cooked_beef/22' referenced from: minecraft:cooked_beef#inventory: java.io.FileNotFoundException: minecraft:models/item/cooked_beef/22.json
[18:54:46] [Worker-ResourceReload-1/WARN]: Unable to load model: 'minecraft:item/cooked_beef/21' referenced from: minecraft:cooked_beef#inventory: java.io.FileNotFoundException: minecraft:models/item/cooked_beef/21.json
[18:54:46] [Worker-ResourceReload-1/WARN]: Unable to load model: 'minecraft:item/cooked_beef/20' referenced from: minecraft:cooked_beef#inventory: java.io.FileNotFoundException: minecraft:models/item/cooked_beef/20.json
[18:54:46] [Worker-ResourceReload-1/WARN]: Unable to load model: 'minecraft:item/cooked_beef/29' referenced from: minecraft:cooked_beef#inventory: java.io.FileNotFoundException: minecraft:models/item/cooked_beef/29.json
[18:54:46] [Worker-ResourceReload-1/WARN]: Unable to load model: 'minecraft:item/cooked_beef/28' referenced from: minecraft:cooked_beef#inventory: java.io.FileNotFoundException: minecraft:models/item/cooked_beef/28.json
[18:54:46] [Worker-ResourceReload-1/WARN]: Unable to load model: 'minecraft:item/cooked_beef/30' referenced from: minecraft:cooked_beef#inventory: java.io.FileNotFoundException: minecraft:models/item/cooked_beef/30.json
[18:54:46] [Worker-ResourceReload-1/WARN]: Unable to load model: 'minecraft:item/cooked_beef/16' referenced from: minecraft:cooked_beef#inventory: java.io.FileNotFoundException: minecraft:models/item/cooked_beef/16.json
[18:54:46] [Worker-ResourceReload-1/WARN]: Unable to load model: 'minecraft:item/cooked_beef/15' referenced from: minecraft:cooked_beef#inventory: java.io.FileNotFoundException: minecraft:models/item/cooked_beef/15.json
[18:54:46] [Worker-ResourceReload-1/WARN]: Unable to load model: 'minecraft:item/cooked_beef/14' referenced from: minecraft:cooked_beef#inventory: java.io.FileNotFoundException: minecraft:models/item/cooked_beef/14.json
[18:54:46] [Worker-ResourceReload-1/WARN]: Unable to load model: 'minecraft:item/cooked_beef/13' referenced from: minecraft:cooked_beef#inventory: java.io.FileNotFoundException: minecraft:models/item/cooked_beef/13.json
[18:54:46] [Worker-ResourceReload-1/WARN]: Unable to load model: 'minecraft:item/cooked_beef/12' referenced from: minecraft:cooked_beef#inventory: java.io.FileNotFoundException: minecraft:models/item/cooked_beef/12.json
[18:54:46] [Worker-ResourceReload-1/WARN]: Unable to load model: 'minecraft:item/cooked_beef/11' referenced from: minecraft:cooked_beef#inventory: java.io.FileNotFoundException: minecraft:models/item/cooked_beef/11.json
[18:54:46] [Worker-ResourceReload-1/WARN]: Unable to load model: 'minecraft:item/cooked_beef/19' referenced from: minecraft:cooked_beef#inventory: java.io.FileNotFoundException: minecraft:models/item/cooked_beef/19.json
[18:54:46] [Worker-ResourceReload-1/WARN]: Unable to load model: 'minecraft:item/cooked_beef/18' referenced from: minecraft:cooked_beef#inventory: java.io.FileNotFoundException: minecraft:models/item/cooked_beef/18.json
[18:54:46] [Worker-ResourceReload-1/WARN]: Unable to load model: 'minecraft:item/cooked_beef/17' referenced from: minecraft:cooked_beef#inventory: java.io.FileNotFoundException: minecraft:models/item/cooked_beef/17.json
[18:54:46] [Worker-ResourceReload-1/WARN]: Unable to load model: 'minecraft:item/ender_eye/4' referenced from: minecraft:ender_eye#inventory: java.io.FileNotFoundException: minecraft:models/item/ender_eye/4.json
[18:54:46] [Worker-ResourceReload-1/WARN]: Unable to load model: 'minecraft:item/ender_eye/5' referenced from: minecraft:ender_eye#inventory: java.io.FileNotFoundException: minecraft:models/item/ender_eye/5.json
[18:54:46] [Worker-ResourceReload-1/WARN]: Unable to load model: 'dke:item/dragonheart_anchor' referenced from: minecraft:polar_bear_spawn_egg#inventory: java.io.FileNotFoundException: dke:models/item/dragonheart_anchor.json
[18:54:46] [Worker-ResourceReload-1/WARN]: Unable to load model: 'minecraft:item/pumpkin_pie/29' referenced from: minecraft:pumpkin_pie#inventory: java.io.FileNotFoundException: minecraft:models/item/pumpkin_pie/29.json
[18:54:46] [Worker-ResourceReload-1/WARN]: Unable to load model: 'minecraft:item/pumpkin_pie/25' referenced from: minecraft:pumpkin_pie#inventory: java.io.FileNotFoundException: minecraft:models/item/pumpkin_pie/25.json
[18:54:46] [Worker-ResourceReload-1/WARN]: Unable to load model: 'minecraft:item/pumpkin_pie/26' referenced from: minecraft:pumpkin_pie#inventory: java.io.FileNotFoundException: minecraft:models/item/pumpkin_pie/26.json
[18:54:46] [Worker-ResourceReload-1/WARN]: Unable to load model: 'minecraft:item/pumpkin_pie/27' referenced from: minecraft:pumpkin_pie#inventory: java.io.FileNotFoundException: minecraft:models/item/pumpkin_pie/27.json
[18:54:46] [Worker-ResourceReload-1/WARN]: Unable to load model: 'minecraft:item/pumpkin_pie/28' referenced from: minecraft:pumpkin_pie#inventory: java.io.FileNotFoundException: minecraft:models/item/pumpkin_pie/28.json
[18:54:46] [Worker-ResourceReload-1/WARN]: Unable to load model: 'minecraft:item/pumpkin_pie/21' referenced from: minecraft:pumpkin_pie#inventory: java.io.FileNotFoundException: minecraft:models/item/pumpkin_pie/21.json
[18:54:46] [Worker-ResourceReload-1/WARN]: Unable to load model: 'minecraft:item/pumpkin_pie/22' referenced from: minecraft:pumpkin_pie#inventory: java.io.FileNotFoundException: minecraft:models/item/pumpkin_pie/22.json
[18:54:46] [Worker-ResourceReload-1/WARN]: Unable to load model: 'minecraft:item/pumpkin_pie/23' referenced from: minecraft:pumpkin_pie#inventory: java.io.FileNotFoundException: minecraft:models/item/pumpkin_pie/23.json
[18:54:46] [Worker-ResourceReload-1/WARN]: Unable to load model: 'minecraft:item/pumpkin_pie/24' referenced from: minecraft:pumpkin_pie#inventory: java.io.FileNotFoundException: minecraft:models/item/pumpkin_pie/24.json
[18:54:46] [Worker-ResourceReload-1/WARN]: Unable to load model: 'minecraft:item/pumpkin_pie/20' referenced from: minecraft:pumpkin_pie#inventory: java.io.FileNotFoundException: minecraft:models/item/pumpkin_pie/20.json
[18:54:46] [Worker-ResourceReload-1/WARN]: Unable to load model: 'minecraft:item/pumpkin_pie/36' referenced from: minecraft:pumpkin_pie#inventory: java.io.FileNotFoundException: minecraft:models/item/pumpkin_pie/36.json
[18:54:46] [Worker-ResourceReload-1/WARN]: Unable to load model: 'minecraft:item/pumpkin_pie/37' referenced from: minecraft:pumpkin_pie#inventory: java.io.FileNotFoundException: minecraft:models/item/pumpkin_pie/37.json
[18:54:46] [Worker-ResourceReload-1/WARN]: Unable to load model: 'minecraft:item/pumpkin_pie/38' referenced from: minecraft:pumpkin_pie#inventory: java.io.FileNotFoundException: minecraft:models/item/pumpkin_pie/38.json
[18:54:46] [Worker-ResourceReload-1/WARN]: Unable to load model: 'minecraft:item/pumpkin_pie/39' referenced from: minecraft:pumpkin_pie#inventory: java.io.FileNotFoundException: minecraft:models/item/pumpkin_pie/39.json
[18:54:46] [Worker-ResourceReload-1/WARN]: Unable to load model: 'minecraft:item/pumpkin_pie/32' referenced from: minecraft:pumpkin_pie#inventory: java.io.FileNotFoundException: minecraft:models/item/pumpkin_pie/32.json
[18:54:46] [Worker-ResourceReload-1/WARN]: Unable to load model: 'minecraft:item/pumpkin_pie/33' referenced from: minecraft:pumpkin_pie#inventory: java.io.FileNotFoundException: minecraft:models/item/pumpkin_pie/33.json
[18:54:46] [Worker-ResourceReload-1/WARN]: Unable to load model: 'minecraft:item/pumpkin_pie/34' referenced from: minecraft:pumpkin_pie#inventory: java.io.FileNotFoundException: minecraft:models/item/pumpkin_pie/34.json
[18:54:46] [Worker-ResourceReload-1/WARN]: Unable to load model: 'minecraft:item/pumpkin_pie/35' referenced from: minecraft:pumpkin_pie#inventory: java.io.FileNotFoundException: minecraft:models/item/pumpkin_pie/35.json
[18:54:46] [Worker-ResourceReload-1/WARN]: Unable to load model: 'minecraft:item/pumpkin_pie/30' referenced from: minecraft:pumpkin_pie#inventory: java.io.FileNotFoundException: minecraft:models/item/pumpkin_pie/30.json
[18:54:46] [Worker-ResourceReload-1/WARN]: Unable to load model: 'minecraft:item/pumpkin_pie/31' referenced from: minecraft:pumpkin_pie#inventory: java.io.FileNotFoundException: minecraft:models/item/pumpkin_pie/31.json
[18:54:46] [Worker-ResourceReload-1/WARN]: Unable to load model: 'minecraft:item/pumpkin_pie/47' referenced from: minecraft:pumpkin_pie#inventory: java.io.FileNotFoundException: minecraft:models/item/pumpkin_pie/47.json
[18:54:46] [Worker-ResourceReload-1/WARN]: Unable to load model: 'minecraft:item/pumpkin_pie/48' referenced from: minecraft:pumpkin_pie#inventory: java.io.FileNotFoundException: minecraft:models/item/pumpkin_pie/48.json
[18:54:46] [Worker-ResourceReload-1/WARN]: Unable to load model: 'minecraft:item/pumpkin_pie/49' referenced from: minecraft:pumpkin_pie#inventory: java.io.FileNotFoundException: minecraft:models/item/pumpkin_pie/49.json
[18:54:46] [Worker-ResourceReload-1/WARN]: Unable to load model: 'minecraft:item/pumpkin_pie/43' referenced from: minecraft:pumpkin_pie#inventory: java.io.FileNotFoundException: minecraft:models/item/pumpkin_pie/43.json
[18:54:46] [Worker-ResourceReload-1/WARN]: Unable to load model: 'minecraft:item/pumpkin_pie/44' referenced from: minecraft:pumpkin_pie#inventory: java.io.FileNotFoundException: minecraft:models/item/pumpkin_pie/44.json
[18:54:46] [Worker-ResourceReload-1/WARN]: Unable to load model: 'minecraft:item/pumpkin_pie/45' referenced from: minecraft:pumpkin_pie#inventory: java.io.FileNotFoundException: minecraft:models/item/pumpkin_pie/45.json
[18:54:46] [Worker-ResourceReload-1/WARN]: Unable to load model: 'minecraft:item/pumpkin_pie/46' referenced from: minecraft:pumpkin_pie#inventory: java.io.FileNotFoundException: minecraft:models/item/pumpkin_pie/46.json
[18:54:46] [Worker-ResourceReload-1/WARN]: Unable to load model: 'minecraft:item/pumpkin_pie/40' referenced from: minecraft:pumpkin_pie#inventory: java.io.FileNotFoundException: minecraft:models/item/pumpkin_pie/40.json
[18:54:46] [Worker-ResourceReload-1/WARN]: Unable to load model: 'minecraft:item/pumpkin_pie/41' referenced from: minecraft:pumpkin_pie#inventory: java.io.FileNotFoundException: minecraft:models/item/pumpkin_pie/41.json
[18:54:46] [Worker-ResourceReload-1/WARN]: Unable to load model: 'minecraft:item/pumpkin_pie/42' referenced from: minecraft:pumpkin_pie#inventory: java.io.FileNotFoundException: minecraft:models/item/pumpkin_pie/42.json
[18:54:46] [Worker-ResourceReload-1/WARN]: Unable to load model: 'minecraft:item/pumpkin_pie/18' referenced from: minecraft:pumpkin_pie#inventory: java.io.FileNotFoundException: minecraft:models/item/pumpkin_pie/18.json
[18:54:46] [Worker-ResourceReload-1/WARN]: Unable to load model: 'minecraft:item/pumpkin_pie/19' referenced from: minecraft:pumpkin_pie#inventory: java.io.FileNotFoundException: minecraft:models/item/pumpkin_pie/19.json
[18:54:46] [Worker-ResourceReload-1/WARN]: Unable to load model: 'minecraft:item/pumpkin_pie/14' referenced from: minecraft:pumpkin_pie#inventory: java.io.FileNotFoundException: minecraft:models/item/pumpkin_pie/14.json
[18:54:46] [Worker-ResourceReload-1/WARN]: Unable to load model: 'minecraft:item/pumpkin_pie/15' referenced from: minecraft:pumpkin_pie#inventory: java.io.FileNotFoundException: minecraft:models/item/pumpkin_pie/15.json
[18:54:46] [Worker-ResourceReload-1/WARN]: Unable to load model: 'minecraft:item/pumpkin_pie/16' referenced from: minecraft:pumpkin_pie#inventory: java.io.FileNotFoundException: minecraft:models/item/pumpkin_pie/16.json
[18:54:46] [Worker-ResourceReload-1/WARN]: Unable to load model: 'minecraft:item/pumpkin_pie/17' referenced from: minecraft:pumpkin_pie#inventory: java.io.FileNotFoundException: minecraft:models/item/pumpkin_pie/17.json
[18:54:46] [Worker-ResourceReload-1/WARN]: Unable to load model: 'minecraft:item/pumpkin_pie/11' referenced from: minecraft:pumpkin_pie#inventory: java.io.FileNotFoundException: minecraft:models/item/pumpkin_pie/11.json
[18:54:46] [Worker-ResourceReload-1/WARN]: Unable to load model: 'minecraft:item/pumpkin_pie/12' referenced from: minecraft:pumpkin_pie#inventory: java.io.FileNotFoundException: minecraft:models/item/pumpkin_pie/12.json
[18:54:46] [Worker-ResourceReload-1/WARN]: Unable to load model: 'minecraft:item/pumpkin_pie/13' referenced from: minecraft:pumpkin_pie#inventory: java.io.FileNotFoundException: minecraft:models/item/pumpkin_pie/13.json
[18:54:46] [Worker-ResourceReload-1/WARN]: Unable to load model: 'minecraft:item/pumpkin_pie/50' referenced from: minecraft:pumpkin_pie#inventory: java.io.FileNotFoundException: minecraft:models/item/pumpkin_pie/50.json
[18:54:46] [Worker-ResourceReload-1/WARN]: Unable to load model: 'dke:item/dragon_shield_block' referenced from: minecraft:shield#inventory: java.io.FileNotFoundException: dke:models/item/dragon_shield_block.json
[18:54:46] [Worker-ResourceReload-1/WARN]: Unable to load model: 'dke:item/dragon_shield' referenced from: minecraft:shield#inventory: java.io.FileNotFoundException: dke:models/item/dragon_shield.json
[18:54:46] [Worker-ResourceReload-1/WARN]: Unable to load model: 'minecraft:item/totem_of_undying/33' referenced from: minecraft:totem_of_undying#inventory: java.io.FileNotFoundException: minecraft:models/item/totem_of_undying/33.json
[18:54:46] [Worker-ResourceReload-1/WARN]: Unable to load model: 'minecraft:item/totem_of_undying/34' referenced from: minecraft:totem_of_undying#inventory: java.io.FileNotFoundException: minecraft:models/item/totem_of_undying/34.json
[18:54:46] [Worker-ResourceReload-1/WARN]: Unable to load model: 'minecraft:item/totem_of_undying/35' referenced from: minecraft:totem_of_undying#inventory: java.io.FileNotFoundException: minecraft:models/item/totem_of_undying/35.json
[18:54:46] [Worker-ResourceReload-1/WARN]: Unable to load model: 'minecraft:item/totem_of_undying/36' referenced from: minecraft:totem_of_undying#inventory: java.io.FileNotFoundException: minecraft:models/item/totem_of_undying/36.json
[18:54:46] [Worker-ResourceReload-1/WARN]: Unable to load model: 'minecraft:item/totem_of_undying/30' referenced from: minecraft:totem_of_undying#inventory: java.io.FileNotFoundException: minecraft:models/item/totem_of_undying/30.json
[18:54:46] [Worker-ResourceReload-1/WARN]: Unable to load model: 'minecraft:item/totem_of_undying/31' referenced from: minecraft:totem_of_undying#inventory: java.io.FileNotFoundException: minecraft:models/item/totem_of_undying/31.json
[18:54:46] [Worker-ResourceReload-1/WARN]: Unable to load model: 'minecraft:item/totem_of_undying/32' referenced from: minecraft:totem_of_undying#inventory: java.io.FileNotFoundException: minecraft:models/item/totem_of_undying/32.json
[18:54:46] [Worker-ResourceReload-1/WARN]: Unable to load model: 'minecraft:item/totem_of_undying/26' referenced from: minecraft:totem_of_undying#inventory: java.io.FileNotFoundException: minecraft:models/item/totem_of_undying/26.json
[18:54:46] [Worker-ResourceReload-1/WARN]: Unable to load model: 'minecraft:item/totem_of_undying/27' referenced from: minecraft:totem_of_undying#inventory: java.io.FileNotFoundException: minecraft:models/item/totem_of_undying/27.json
[18:54:46] [Worker-ResourceReload-1/WARN]: Unable to load model: 'minecraft:item/totem_of_undying/28' referenced from: minecraft:totem_of_undying#inventory: java.io.FileNotFoundException: minecraft:models/item/totem_of_undying/28.json
[18:54:46] [Worker-ResourceReload-1/WARN]: Unable to load model: 'minecraft:item/totem_of_undying/29' referenced from: minecraft:totem_of_undying#inventory: java.io.FileNotFoundException: minecraft:models/item/totem_of_undying/29.json
[18:54:46] [Worker-ResourceReload-1/WARN]: Unable to load model: 'minecraft:item/totem_of_undying/88' referenced from: minecraft:totem_of_undying#inventory: java.io.FileNotFoundException: minecraft:models/item/totem_of_undying/88.json
[18:54:46] [Worker-ResourceReload-1/WARN]: Unable to load model: 'minecraft:item/totem_of_undying/89' referenced from: minecraft:totem_of_undying#inventory: java.io.FileNotFoundException: minecraft:models/item/totem_of_undying/89.json
[18:54:46] [Worker-ResourceReload-1/WARN]: Unable to load model: 'minecraft:item/totem_of_undying/84' referenced from: minecraft:totem_of_undying#inventory: java.io.FileNotFoundException: minecraft:models/item/totem_of_undying/84.json
[18:54:46] [Worker-ResourceReload-1/WARN]: Unable to load model: 'minecraft:item/totem_of_undying/85' referenced from: minecraft:totem_of_undying#inventory: java.io.FileNotFoundException: minecraft:models/item/totem_of_undying/85.json
[18:54:46] [Worker-ResourceReload-1/WARN]: Unable to load model: 'minecraft:item/totem_of_undying/86' referenced from: minecraft:totem_of_undying#inventory: java.io.FileNotFoundException: minecraft:models/item/totem_of_undying/86.json
[18:54:46] [Worker-ResourceReload-1/WARN]: Unable to load model: 'minecraft:item/totem_of_undying/87' referenced from: minecraft:totem_of_undying#inventory: java.io.FileNotFoundException: minecraft:models/item/totem_of_undying/87.json
[18:54:46] [Worker-ResourceReload-1/WARN]: Unable to load model: 'minecraft:item/totem_of_undying/80' referenced from: minecraft:totem_of_undying#inventory: java.io.FileNotFoundException: minecraft:models/item/totem_of_undying/80.json
[18:54:46] [Worker-ResourceReload-1/WARN]: Unable to load model: 'minecraft:item/totem_of_undying/81' referenced from: minecraft:totem_of_undying#inventory: java.io.FileNotFoundException: minecraft:models/item/totem_of_undying/81.json
[18:54:46] [Worker-ResourceReload-1/WARN]: Unable to load model: 'minecraft:item/totem_of_undying/82' referenced from: minecraft:totem_of_undying#inventory: java.io.FileNotFoundException: minecraft:models/item/totem_of_undying/82.json
[18:54:46] [Worker-ResourceReload-1/WARN]: Unable to load model: 'minecraft:item/totem_of_undying/83' referenced from: minecraft:totem_of_undying#inventory: java.io.FileNotFoundException: minecraft:models/item/totem_of_undying/83.json
[18:54:46] [Worker-ResourceReload-1/WARN]: Unable to load model: 'minecraft:item/totem_of_undying/99' referenced from: minecraft:totem_of_undying#inventory: java.io.FileNotFoundException: minecraft:models/item/totem_of_undying/99.json
[18:54:46] [Worker-ResourceReload-1/WARN]: Unable to load model: 'minecraft:item/totem_of_undying/95' referenced from: minecraft:totem_of_undying#inventory: java.io.FileNotFoundException: minecraft:models/item/totem_of_undying/95.json
[18:54:46] [Worker-ResourceReload-1/WARN]: Unable to load model: 'minecraft:item/totem_of_undying/96' referenced from: minecraft:totem_of_undying#inventory: java.io.FileNotFoundException: minecraft:models/item/totem_of_undying/96.json
[18:54:46] [Worker-ResourceReload-1/WARN]: Unable to load model: 'minecraft:item/totem_of_undying/97' referenced from: minecraft:totem_of_undying#inventory: java.io.FileNotFoundException: minecraft:models/item/totem_of_undying/97.json
[18:54:46] [Worker-ResourceReload-1/WARN]: Unable to load model: 'minecraft:item/totem_of_undying/98' referenced from: minecraft:totem_of_undying#inventory: java.io.FileNotFoundException: minecraft:models/item/totem_of_undying/98.json
[18:54:46] [Worker-ResourceReload-1/WARN]: Unable to load model: 'minecraft:item/totem_of_undying/91' referenced from: minecraft:totem_of_undying#inventory: java.io.FileNotFoundException: minecraft:models/item/totem_of_undying/91.json
[18:54:46] [Worker-ResourceReload-1/WARN]: Unable to load model: 'minecraft:item/totem_of_undying/92' referenced from: minecraft:totem_of_undying#inventory: java.io.FileNotFoundException: minecraft:models/item/totem_of_undying/92.json
[18:54:46] [Worker-ResourceReload-1/WARN]: Unable to load model: 'minecraft:item/totem_of_undying/93' referenced from: minecraft:totem_of_undying#inventory: java.io.FileNotFoundException: minecraft:models/item/totem_of_undying/93.json
[18:54:46] [Worker-ResourceReload-1/WARN]: Unable to load model: 'minecraft:item/totem_of_undying/94' referenced from: minecraft:totem_of_undying#inventory: java.io.FileNotFoundException: minecraft:models/item/totem_of_undying/94.json
[18:54:46] [Worker-ResourceReload-1/WARN]: Unable to load model: 'minecraft:item/totem_of_undying/100' referenced from: minecraft:totem_of_undying#inventory: java.io.FileNotFoundException: minecraft:models/item/totem_of_undying/100.json
[18:54:46] [Worker-ResourceReload-1/WARN]: Unable to load model: 'minecraft:item/totem_of_undying/90' referenced from: minecraft:totem_of_undying#inventory: java.io.FileNotFoundException: minecraft:models/item/totem_of_undying/90.json
[18:54:46] [Worker-ResourceReload-1/WARN]: Unable to load model: 'minecraft:item/totem_of_undying/66' referenced from: minecraft:totem_of_undying#inventory: java.io.FileNotFoundException: minecraft:models/item/totem_of_undying/66.json
[18:54:46] [Worker-ResourceReload-1/WARN]: Unable to load model: 'minecraft:item/totem_of_undying/67' referenced from: minecraft:totem_of_undying#inventory: java.io.FileNotFoundException: minecraft:models/item/totem_of_undying/67.json
[18:54:46] [Worker-ResourceReload-1/WARN]: Unable to load model: 'minecraft:item/totem_of_undying/68' referenced from: minecraft:totem_of_undying#inventory: java.io.FileNotFoundException: minecraft:models/item/totem_of_undying/68.json
[18:54:46] [Worker-ResourceReload-1/WARN]: Unable to load model: 'minecraft:item/totem_of_undying/69' referenced from: minecraft:totem_of_undying#inventory: java.io.FileNotFoundException: minecraft:models/item/totem_of_undying/69.json
[18:54:46] [Worker-ResourceReload-1/WARN]: Unable to load model: 'minecraft:item/totem_of_undying/62' referenced from: minecraft:totem_of_undying#inventory: java.io.FileNotFoundException: minecraft:models/item/totem_of_undying/62.json
[18:54:46] [Worker-ResourceReload-1/WARN]: Unable to load model: 'minecraft:item/totem_of_undying/63' referenced from: minecraft:totem_of_undying#inventory: java.io.FileNotFoundException: minecraft:models/item/totem_of_undying/63.json
[18:54:46] [Worker-ResourceReload-1/WARN]: Unable to load model: 'minecraft:item/totem_of_undying/64' referenced from: minecraft:totem_of_undying#inventory: java.io.FileNotFoundException: minecraft:models/item/totem_of_undying/64.json
[18:54:46] [Worker-ResourceReload-1/WARN]: Unable to load model: 'minecraft:item/totem_of_undying/65' referenced from: minecraft:totem_of_undying#inventory: java.io.FileNotFoundException: minecraft:models/item/totem_of_undying/65.json
[18:54:46] [Worker-ResourceReload-1/WARN]: Unable to load model: 'minecraft:item/totem_of_undying/60' referenced from: minecraft:totem_of_undying#inventory: java.io.FileNotFoundException: minecraft:models/item/totem_of_undying/60.json
[18:54:46] [Worker-ResourceReload-1/WARN]: Unable to load model: 'minecraft:item/totem_of_undying/61' referenced from: minecraft:totem_of_undying#inventory: java.io.FileNotFoundException: minecraft:models/item/totem_of_undying/61.json
[18:54:46] [Worker-ResourceReload-1/WARN]: Unable to load model: 'minecraft:item/totem_of_undying/59' referenced from: minecraft:totem_of_undying#inventory: java.io.FileNotFoundException: minecraft:models/item/totem_of_undying/59.json
[18:54:46] [Worker-ResourceReload-1/WARN]: Unable to load model: 'minecraft:item/totem_of_undying/77' referenced from: minecraft:totem_of_undying#inventory: java.io.FileNotFoundException: minecraft:models/item/totem_of_undying/77.json
[18:54:46] [Worker-ResourceReload-1/WARN]: Unable to load model: 'minecraft:item/totem_of_undying/78' referenced from: minecraft:totem_of_undying#inventory: java.io.FileNotFoundException: minecraft:models/item/totem_of_undying/78.json
[18:54:46] [Worker-ResourceReload-1/WARN]: Unable to load model: 'minecraft:item/totem_of_undying/79' referenced from: minecraft:totem_of_undying#inventory: java.io.FileNotFoundException: minecraft:models/item/totem_of_undying/79.json
[18:54:46] [Worker-ResourceReload-1/WARN]: Unable to load model: 'minecraft:item/totem_of_undying/73' referenced from: minecraft:totem_of_undying#inventory: java.io.FileNotFoundException: minecraft:models/item/totem_of_undying/73.json
[18:54:46] [Worker-ResourceReload-1/WARN]: Unable to load model: 'minecraft:item/totem_of_undying/74' referenced from: minecraft:totem_of_undying#inventory: java.io.FileNotFoundException: minecraft:models/item/totem_of_undying/74.json
[18:54:46] [Worker-ResourceReload-1/WARN]: Unable to load model: 'minecraft:item/totem_of_undying/75' referenced from: minecraft:totem_of_undying#inventory: java.io.FileNotFoundException: minecraft:models/item/totem_of_undying/75.json
[18:54:46] [Worker-ResourceReload-1/WARN]: Unable to load model: 'minecraft:item/totem_of_undying/76' referenced from: minecraft:totem_of_undying#inventory: java.io.FileNotFoundException: minecraft:models/item/totem_of_undying/76.json
[18:54:46] [Worker-ResourceReload-1/WARN]: Unable to load model: 'minecraft:item/totem_of_undying/70' referenced from: minecraft:totem_of_undying#inventory: java.io.FileNotFoundException: minecraft:models/item/totem_of_undying/70.json
[18:54:46] [Worker-ResourceReload-1/WARN]: Unable to load model: 'minecraft:item/totem_of_undying/71' referenced from: minecraft:totem_of_undying#inventory: java.io.FileNotFoundException: minecraft:models/item/totem_of_undying/71.json
[18:54:46] [Worker-ResourceReload-1/WARN]: Unable to load model: 'minecraft:item/totem_of_undying/72' referenced from: minecraft:totem_of_undying#inventory: java.io.FileNotFoundException: minecraft:models/item/totem_of_undying/72.json
[18:54:46] [Worker-ResourceReload-1/WARN]: Unable to load model: 'minecraft:item/totem_of_undying/44' referenced from: minecraft:totem_of_undying#inventory: java.io.FileNotFoundException: minecraft:models/item/totem_of_undying/44.json
[18:54:46] [Worker-ResourceReload-1/WARN]: Unable to load model: 'minecraft:item/totem_of_undying/45' referenced from: minecraft:totem_of_undying#inventory: java.io.FileNotFoundException: minecraft:models/item/totem_of_undying/45.json
[18:54:46] [Worker-ResourceReload-1/WARN]: Unable to load model: 'minecraft:item/totem_of_undying/46' referenced from: minecraft:totem_of_undying#inventory: java.io.FileNotFoundException: minecraft:models/item/totem_of_undying/46.json
[18:54:46] [Worker-ResourceReload-1/WARN]: Unable to load model: 'minecraft:item/totem_of_undying/47' referenced from: minecraft:totem_of_undying#inventory: java.io.FileNotFoundException: minecraft:models/item/totem_of_undying/47.json
[18:54:46] [Worker-ResourceReload-1/WARN]: Unable to load model: 'minecraft:item/totem_of_undying/40' referenced from: minecraft:totem_of_undying#inventory: java.io.FileNotFoundException: minecraft:models/item/totem_of_undying/40.json
[18:54:46] [Worker-ResourceReload-1/WARN]: Unable to load model: 'minecraft:item/totem_of_undying/41' referenced from: minecraft:totem_of_undying#inventory: java.io.FileNotFoundException: minecraft:models/item/totem_of_undying/41.json
[18:54:46] [Worker-ResourceReload-1/WARN]: Unable to load model: 'minecraft:item/totem_of_undying/42' referenced from: minecraft:totem_of_undying#inventory: java.io.FileNotFoundException: minecraft:models/item/totem_of_undying/42.json
[18:54:46] [Worker-ResourceReload-1/WARN]: Unable to load model: 'minecraft:item/totem_of_undying/43' referenced from: minecraft:totem_of_undying#inventory: java.io.FileNotFoundException: minecraft:models/item/totem_of_undying/43.json
[18:54:46] [Worker-ResourceReload-1/WARN]: Unable to load model: 'minecraft:item/totem_of_undying/37' referenced from: minecraft:totem_of_undying#inventory: java.io.FileNotFoundException: minecraft:models/item/totem_of_undying/37.json
[18:54:46] [Worker-ResourceReload-1/WARN]: Unable to load model: 'minecraft:item/totem_of_undying/38' referenced from: minecraft:totem_of_undying#inventory: java.io.FileNotFoundException: minecraft:models/item/totem_of_undying/38.json
[18:54:46] [Worker-ResourceReload-1/WARN]: Unable to load model: 'minecraft:item/totem_of_undying/39' referenced from: minecraft:totem_of_undying#inventory: java.io.FileNotFoundException: minecraft:models/item/totem_of_undying/39.json
[18:54:46] [Worker-ResourceReload-1/WARN]: Unable to load model: 'minecraft:item/totem_of_undying/55' referenced from: minecraft:totem_of_undying#inventory: java.io.FileNotFoundException: minecraft:models/item/totem_of_undying/55.json
[18:54:46] [Worker-ResourceReload-1/WARN]: Unable to load model: 'minecraft:item/totem_of_undying/56' referenced from: minecraft:totem_of_undying#inventory: java.io.FileNotFoundException: minecraft:models/item/totem_of_undying/56.json
[18:54:46] [Worker-ResourceReload-1/WARN]: Unable to load model: 'minecraft:item/totem_of_undying/57' referenced from: minecraft:totem_of_undying#inventory: java.io.FileNotFoundException: minecraft:models/item/totem_of_undying/57.json
[18:54:46] [Worker-ResourceReload-1/WARN]: Unable to load model: 'minecraft:item/totem_of_undying/58' referenced from: minecraft:totem_of_undying#inventory: java.io.FileNotFoundException: minecraft:models/item/totem_of_undying/58.json
[18:54:46] [Worker-ResourceReload-1/WARN]: Unable to load model: 'minecraft:item/totem_of_undying/51' referenced from: minecraft:totem_of_undying#inventory: java.io.FileNotFoundException: minecraft:models/item/totem_of_undying/51.json
[18:54:46] [Worker-ResourceReload-1/WARN]: Unable to load model: 'minecraft:item/totem_of_undying/52' referenced from: minecraft:totem_of_undying#inventory: java.io.FileNotFoundException: minecraft:models/item/totem_of_undying/52.json
[18:54:46] [Worker-ResourceReload-1/WARN]: Unable to load model: 'minecraft:item/totem_of_undying/53' referenced from: minecraft:totem_of_undying#inventory: java.io.FileNotFoundException: minecraft:models/item/totem_of_undying/53.json
[18:54:46] [Worker-ResourceReload-1/WARN]: Unable to load model: 'minecraft:item/totem_of_undying/54' referenced from: minecraft:totem_of_undying#inventory: java.io.FileNotFoundException: minecraft:models/item/totem_of_undying/54.json
[18:54:46] [Worker-ResourceReload-1/WARN]: Unable to load model: 'minecraft:item/totem_of_undying/50' referenced from: minecraft:totem_of_undying#inventory: java.io.FileNotFoundException: minecraft:models/item/totem_of_undying/50.json
[18:54:46] [Worker-ResourceReload-1/WARN]: Unable to load model: 'minecraft:item/totem_of_undying/48' referenced from: minecraft:totem_of_undying#inventory: java.io.FileNotFoundException: minecraft:models/item/totem_of_undying/48.json
[18:54:46] [Worker-ResourceReload-1/WARN]: Unable to load model: 'minecraft:item/totem_of_undying/49' referenced from: minecraft:totem_of_undying#inventory: java.io.FileNotFoundException: minecraft:models/item/totem_of_undying/49.json
[18:54:46] [Worker-ResourceReload-1/WARN]: Unable to load model: 'dke:item/dragon_crossbow_firework' referenced from: minecraft:crossbow#inventory: java.io.FileNotFoundException: dke:models/item/dragon_crossbow_firework.json
[18:54:46] [Worker-ResourceReload-1/WARN]: Unable to load model: 'dke:item/dragon_crossbow_arrow' referenced from: minecraft:crossbow#inventory: java.io.FileNotFoundException: dke:models/item/dragon_crossbow_arrow.json
[18:54:46] [Worker-ResourceReload-1/WARN]: Unable to load model: 'dke:item/dragon_crossbow' referenced from: minecraft:crossbow#inventory: java.io.FileNotFoundException: dke:models/item/dragon_crossbow.json
[18:54:46] [Worker-ResourceReload-1/WARN]: Unable to load model: 'dke:item/dragon_crossbow_0' referenced from: minecraft:crossbow#inventory: java.io.FileNotFoundException: dke:models/item/dragon_crossbow_0.json
[18:54:46] [Worker-ResourceReload-1/WARN]: Unable to load model: 'dke:item/dragon_crossbow_2' referenced from: minecraft:crossbow#inventory: java.io.FileNotFoundException: dke:models/item/dragon_crossbow_2.json
[18:54:46] [Worker-ResourceReload-1/WARN]: Unable to load model: 'dke:item/dragon_crossbow_1' referenced from: minecraft:crossbow#inventory: java.io.FileNotFoundException: dke:models/item/dragon_crossbow_1.json
[18:54:46] [Worker-ResourceReload-1/WARN]: Unable to load model: 'minecraft:spirit_mask' referenced from: unusualend:spirit_smile_helmet#inventory: java.io.FileNotFoundException: minecraft:models/spirit_mask.json
[18:54:46] [Worker-ResourceReload-1/WARN]: Unable to load model: 'decorative_blocks:blockstate_copy_item#inventory' referenced from: decorative_blocks:blockstate_copy_item#inventory: java.io.FileNotFoundException: decorative_blocks:models/item/blockstate_copy_item.json
[18:54:46] [Worker-ResourceReload-1/WARN]: Unable to load model: 'visiblebarriers:moving_piston#inventory' referenced from: visiblebarriers:moving_piston#inventory: java.io.FileNotFoundException: visiblebarriers:models/item/moving_piston.json
[18:54:46] [Worker-ResourceReload-1/WARN]: Unable to load model: 'visiblebarriers:air#inventory' referenced from: visiblebarriers:air#inventory: java.io.FileNotFoundException: visiblebarriers:models/item/air.json
[18:54:46] [Worker-ResourceReload-1/WARN]: Unable to load model: 'visiblebarriers:cave_air#inventory' referenced from: visiblebarriers:cave_air#inventory: java.io.FileNotFoundException: visiblebarriers:models/item/cave_air.json
[18:54:46] [Worker-ResourceReload-1/WARN]: Unable to load model: 'visiblebarriers:void_air#inventory' referenced from: visiblebarriers:void_air#inventory: java.io.FileNotFoundException: visiblebarriers:models/item/void_air.json
[18:54:46] [Worker-ResourceReload-1/WARN]: Unable to load model: 'visiblebarriers:end_portal#inventory' referenced from: visiblebarriers:end_portal#inventory: java.io.FileNotFoundException: visiblebarriers:models/item/end_portal.json
[18:54:46] [Worker-ResourceReload-1/WARN]: Unable to load model: 'visiblebarriers:end_gateway#inventory' referenced from: visiblebarriers:end_gateway#inventory: java.io.FileNotFoundException: visiblebarriers:models/item/end_gateway.json
[18:54:46] [Worker-ResourceReload-1/WARN]: Unable to load model: 'visiblebarriers:bubble_column#inventory' referenced from: visiblebarriers:bubble_column#inventory: java.io.FileNotFoundException: visiblebarriers:models/item/bubble_column.json
[18:54:51] [Forge Version Check/WARN]: Failed to process update information
java.net.http.HttpConnectTimeoutException: HTTP connect timed out
	at jdk.internal.net.http.HttpClientImpl.send(Unknown Source) ~[java.net.http:?]
	at jdk.internal.net.http.HttpClientFacade.send(Unknown Source) ~[java.net.http:?]
	at net.minecraftforge.fml.VersionChecker$1.openUrlString(VersionChecker.java:142) ~[fmlcore-1.20.1-47.4.18.jar%23451!/:?]
	at net.minecraftforge.fml.VersionChecker$1.process(VersionChecker.java:180) ~[fmlcore-1.20.1-47.4.18.jar%23451!/:?]
	at java.lang.Iterable.forEach(Unknown Source) ~[?:?]
	at net.minecraftforge.fml.VersionChecker$1.run(VersionChecker.java:117) ~[fmlcore-1.20.1-47.4.18.jar%23451!/:?]
Caused by: java.net.http.HttpConnectTimeoutException: HTTP connect timed out
	at jdk.internal.net.http.MultiExchange.toTimeoutException(Unknown Source) ~[java.net.http:?]
	at jdk.internal.net.http.MultiExchange.getExceptionalCF(Unknown Source) ~[java.net.http:?]
	at jdk.internal.net.http.MultiExchange.lambda$responseAsyncImpl$7(Unknown Source) ~[java.net.http:?]
	at java.util.concurrent.CompletableFuture.uniHandle(Unknown Source) ~[?:?]
	at java.util.concurrent.CompletableFuture$UniHandle.tryFire(Unknown Source) ~[?:?]
	at java.util.concurrent.CompletableFuture.postComplete(Unknown Source) ~[?:?]
	at java.util.concurrent.CompletableFuture.completeExceptionally(Unknown Source) ~[?:?]
	at jdk.internal.net.http.Exchange.checkCancelled(Unknown Source) ~[java.net.http:?]
	at jdk.internal.net.http.Exchange.cancel(Unknown Source) ~[java.net.http:?]
	at jdk.internal.net.http.MultiExchange.cancel(Unknown Source) ~[java.net.http:?]
	at jdk.internal.net.http.PlainHttpConnection$ConnectTimerEvent.handle(Unknown Source) ~[java.net.http:?]
	at jdk.internal.net.http.HttpClientImpl.purgeTimeoutsAndReturnNextDeadline(Unknown Source) ~[java.net.http:?]
	at jdk.internal.net.http.HttpClientImpl$SelectorManager.run(Unknown Source) ~[java.net.http:?]
Caused by: java.net.ConnectException: HTTP connect timed out
	at jdk.internal.net.http.MultiExchange.toTimeoutException(Unknown Source) ~[java.net.http:?]
	at jdk.internal.net.http.MultiExchange.getExceptionalCF(Unknown Source) ~[java.net.http:?]
	at jdk.internal.net.http.MultiExchange.lambda$responseAsyncImpl$7(Unknown Source) ~[java.net.http:?]
	at java.util.concurrent.CompletableFuture.uniHandle(Unknown Source) ~[?:?]
	at java.util.concurrent.CompletableFuture$UniHandle.tryFire(Unknown Source) ~[?:?]
	at java.util.concurrent.CompletableFuture.postComplete(Unknown Source) ~[?:?]
	at java.util.concurrent.CompletableFuture.completeExceptionally(Unknown Source) ~[?:?]
	at jdk.internal.net.http.Exchange.checkCancelled(Unknown Source) ~[java.net.http:?]
	at jdk.internal.net.http.Exchange.cancel(Unknown Source) ~[java.net.http:?]
	at jdk.internal.net.http.MultiExchange.cancel(Unknown Source) ~[java.net.http:?]
	at jdk.internal.net.http.PlainHttpConnection$ConnectTimerEvent.handle(Unknown Source) ~[java.net.http:?]
	at jdk.internal.net.http.HttpClientImpl.purgeTimeoutsAndReturnNextDeadline(Unknown Source) ~[java.net.http:?]
	at jdk.internal.net.http.HttpClientImpl$SelectorManager.run(Unknown Source) ~[java.net.http:?]
[18:54:51] [Forge Version Check/INFO]: [mr_tidal_towns] Starting version check at https://api.modrinth.com/updates/EEIwvQVo/forge_updates.json
[18:54:52] [Forge Version Check/INFO]: [mr_tidal_towns] Found status: OUTDATED Current: 1.3.4 Target: 2.0+mod
[18:54:52] [Forge Version Check/INFO]: [advancednetherite] Starting version check at https://raw.githubusercontent.com/Autovw/ModUpdates/master/advancednetherite/update.json
[18:54:52] [Forge Version Check/INFO]: [advancednetherite] Found status: BETA Current: 2.1.3 Target: 2.1.3
[18:54:52] [Forge Version Check/INFO]: [searchables] Starting version check at https://updates.blamejared.com/get?n=searchables&gv=1.20.1
[18:54:52] [Forge Version Check/INFO]: [searchables] Found status: BETA Current: 1.0.3 Target: 1.0.3
[18:54:52] [Forge Version Check/INFO]: [mr_limesplatus_ending] Starting version check at https://api.modrinth.com/updates/MCnBYP0b/forge_updates.json
[18:54:52] [Forge Version Check/INFO]: [mr_limesplatus_ending] Found status: OUTDATED Current: 1-v1.1.0c Target: 1.1.0c+mod
[18:54:52] [Forge Version Check/INFO]: [mcwfurnitures] Starting version check at https://raw.githubusercontent.com/sketchmacaw/macawsmods/master/furniture.json
[18:54:52] [Forge Version Check/INFO]: [mcwfurnitures] Found status: UP_TO_DATE Current: 3.4.1 Target: null
[18:54:52] [Forge Version Check/INFO]: [easyshulkerboxes] Starting version check at https://raw.githubusercontent.com/Fuzss/modresources/main/update/easyshulkerboxes.json
[18:54:52] [Forge Version Check/INFO]: [easyshulkerboxes] Found status: UP_TO_DATE Current: 8.0.2 Target: null
[18:54:52] [Forge Version Check/INFO]: [mcwlights] Starting version check at https://raw.githubusercontent.com/sketchmacaw/macawsmods/master/lights.json
[18:54:52] [Forge Version Check/INFO]: [mcwlights] Found status: UP_TO_DATE Current: 1.1.5 Target: null
[18:54:52] [Forge Version Check/INFO]: [fastload] Starting version check at https://github.com/BumbleSoftware/Fastload/raw/Forge-1.20.1/updates.json
[18:54:53] [Forge Version Check/INFO]: [fastload] Found status: UP_TO_DATE Current: 3.4.0 Target: null
[18:54:53] [Forge Version Check/INFO]: [puzzlesapi] Starting version check at https://raw.githubusercontent.com/Fuzss/modresources/main/update/puzzlesapi.json
[18:54:53] [Forge Version Check/INFO]: [puzzlesapi] Found status: BETA Current: 8.1.6 Target: null
[18:54:53] [Forge Version Check/INFO]: [puzzlesaccessapi] Starting version check at https://raw.githubusercontent.com/Fuzss/modresources/main/update/puzzlesaccessapi.json
[18:54:53] [Forge Version Check/INFO]: [puzzlesaccessapi] Found status: BETA Current: 20.1.1 Target: null
[18:54:53] [Forge Version Check/INFO]: [forge] Starting version check at https://files.minecraftforge.net/net/minecraftforge/forge/promotions_slim.json
[18:54:53] [Forge Version Check/INFO]: [forge] Found status: OUTDATED Current: 47.4.18 Target: 47.4.26
[18:54:53] [Forge Version Check/INFO]: [voicechat] Starting version check at https://update.maxhenkel.de/forge/voicechat
[18:54:54] [Forge Version Check/INFO]: [voicechat] Found status: OUTDATED Current: 1.20.1-2.6.22 Target: 1.20.1-2.6.24
[18:54:54] [Forge Version Check/INFO]: [sound_physics_remastered] Starting version check at https://update.maxhenkel.de/forge/sound_physics_remastered
[18:54:54] [Forge Version Check/INFO]: [sound_physics_remastered] Found status: AHEAD Current: 1.20.1-1.5.1 Target: null
[18:54:54] [Forge Version Check/INFO]: [puzzleslib] Starting version check at https://raw.githubusercontent.com/Fuzss/modresources/main/update/puzzleslib.json
[18:54:54] [Forge Version Check/INFO]: [puzzleslib] Found status: OUTDATED Current: 8.1.33 Target: 8.1.34
[18:54:54] [Forge Version Check/INFO]: [mr_ati_structuresvanillaedition] Starting version check at https://api.modrinth.com/updates/YWVAO3wq/forge_updates.json
[18:54:54] [Forge Version Check/INFO]: [mr_ati_structuresvanillaedition] Found status: OUTDATED Current: 1.4.5 Target: 1.4.7
[18:54:54] [Forge Version Check/INFO]: [illagerinvasion] Starting version check at https://raw.githubusercontent.com/Fuzss/modresources/main/update/illagerinvasion.json
[18:54:54] [Forge Version Check/INFO]: [illagerinvasion] Found status: UP_TO_DATE Current: 8.0.7 Target: null
[18:54:54] [Forge Version Check/INFO]: [watermedia_binaries] Starting version check at https://forge.curseupdate.com/869524/watermedia
[18:54:54] [Forge Version Check/INFO]: [watermedia_binaries] Found status: OUTDATED Current: 3.0.0-rc.4 Target: 3.0.0.23
[18:54:54] [Forge Version Check/INFO]: [controlling] Starting version check at https://updates.blamejared.com/get?n=controlling&gv=1.20.1
[18:54:55] [Forge Version Check/INFO]: [controlling] Found status: BETA Current: 12.0.2 Target: 12.0.2
[18:54:55] [Forge Version Check/INFO]: [prism] Starting version check at https://mc-update-check.anthonyhilyard.com/638111
[18:54:58] [Worker-ResourceReload-1/WARN]: Missing textures in model minecraft:iron_sword#inventory:
    minecraft:textures/atlas/blocks.png:minecraft:item/iron_sword/10
    minecraft:textures/atlas/blocks.png:minecraft:item/iron_sword/11
    minecraft:textures/atlas/blocks.png:minecraft:item/iron_sword/12
    minecraft:textures/atlas/blocks.png:minecraft:item/iron_sword/13
    minecraft:textures/atlas/blocks.png:minecraft:item/iron_sword/14
    minecraft:textures/atlas/blocks.png:minecraft:item/iron_sword/15
    minecraft:textures/atlas/blocks.png:minecraft:item/iron_sword/16
    minecraft:textures/atlas/blocks.png:minecraft:item/iron_sword/17
    minecraft:textures/atlas/blocks.png:minecraft:item/iron_sword/18
    minecraft:textures/atlas/blocks.png:minecraft:item/iron_sword/19
    minecraft:textures/atlas/blocks.png:minecraft:item/iron_sword/20
    minecraft:textures/atlas/blocks.png:minecraft:item/iron_sword/21
    minecraft:textures/atlas/blocks.png:minecraft:item/iron_sword/5
    minecraft:textures/atlas/blocks.png:minecraft:item/iron_sword/6
    minecraft:textures/atlas/blocks.png:minecraft:item/iron_sword/7
    minecraft:textures/atlas/blocks.png:minecraft:item/iron_sword/8
    minecraft:textures/atlas/blocks.png:minecraft:item/iron_sword/9
[18:54:58] [Worker-ResourceReload-1/WARN]: Missing textures in model minecraft:written_book#inventory:
    minecraft:textures/atlas/blocks.png:minecraft:item/archibook
    minecraft:textures/atlas/blocks.png:minecraft:item/cavesbook
    minecraft:textures/atlas/blocks.png:minecraft:item/guidebook
    minecraft:textures/atlas/blocks.png:minecraft:item/icebook
    minecraft:textures/atlas/blocks.png:minecraft:item/nightmarebook
    minecraft:textures/atlas/blocks.png:minecraft:item/overworldbook
    minecraft:textures/atlas/blocks.png:minecraft:item/pocketbook
    minecraft:textures/atlas/blocks.png:minecraft:item/rockbook
    minecraft:textures/atlas/blocks.png:minecraft:item/sanctuarybook
    minecraft:textures/atlas/blocks.png:minecraft:item/skylandbook
    minecraft:textures/atlas/blocks.png:minecraft:item/villagebook
    minecraft:textures/atlas/blocks.png:minecraft:item/warrenbook
    minecraft:textures/atlas/blocks.png:minecraft:item/wastelandbook
    minecraft:textures/atlas/blocks.png:minecraft:item/worldbook
[18:54:58] [Worker-ResourceReload-1/WARN]: Missing textures in model minecraft:iron_pickaxe#inventory:
    minecraft:textures/atlas/blocks.png:minecraft:item/iron_pickaxe/10
    minecraft:textures/atlas/blocks.png:minecraft:item/iron_pickaxe/11
    minecraft:textures/atlas/blocks.png:minecraft:item/iron_pickaxe/12
    minecraft:textures/atlas/blocks.png:minecraft:item/iron_pickaxe/9
[18:54:58] [Worker-ResourceReload-1/WARN]: Missing textures in model minecraft:apple#inventory:
    minecraft:textures/atlas/blocks.png:minecraft:item/apple/10
    minecraft:textures/atlas/blocks.png:minecraft:item/apple/7
    minecraft:textures/atlas/blocks.png:minecraft:item/apple/8
    minecraft:textures/atlas/blocks.png:minecraft:item/apple/9
[18:54:58] [Worker-ResourceReload-1/WARN]: Missing textures in model minecraft:trident#inventory:
    minecraft:textures/atlas/blocks.png:minecraft:item/trident/1
[18:54:58] [Worker-ResourceReload-1/WARN]: Missing textures in model minecraft:carrot_on_a_stick#inventory:
    minecraft:textures/atlas/blocks.png:minecraft:item/linkbook
    minecraft:textures/atlas/blocks.png:minecraft:item/playerbook
    minecraft:textures/atlas/blocks.png:minecraft:item/skullbook
    minecraft:textures/atlas/blocks.png:minecraft:item/tornbook
[18:54:58] [Worker-ResourceReload-1/WARN]: Missing textures in model minecraft:cooked_beef#inventory:
    minecraft:textures/atlas/blocks.png:minecraft:item/cooked_beef/10
    minecraft:textures/atlas/blocks.png:minecraft:item/cooked_beef/7
    minecraft:textures/atlas/blocks.png:minecraft:item/cooked_beef/8
    minecraft:textures/atlas/blocks.png:minecraft:item/cooked_beef/9
[18:54:58] [Worker-ResourceReload-1/WARN]: Missing textures in model minecraft:netherite_pickaxe#inventory:
    minecraft:textures/atlas/blocks.png:minecraft:item/netherite_pickaxe/15
[18:54:58] [Worker-ResourceReload-1/WARN]: Missing textures in model minecraft:iron_ingot#inventory:
    minecraft:textures/atlas/blocks.png:minecraft:item/iron_ingot/25
[18:54:58] [Worker-ResourceReload-1/WARN]: Missing textures in model minecraft:paper#inventory:
    minecraft:textures/atlas/blocks.png:minecraft:item/writtenpage
[18:54:58] [Worker-ResourceReload-1/WARN]: Missing textures in model minecraft:iron_shovel#inventory:
    minecraft:textures/atlas/blocks.png:minecraft:item/iron_shovel/10
    minecraft:textures/atlas/blocks.png:minecraft:item/iron_shovel/5
    minecraft:textures/atlas/blocks.png:minecraft:item/iron_shovel/6
    minecraft:textures/atlas/blocks.png:minecraft:item/iron_shovel/7
    minecraft:textures/atlas/blocks.png:minecraft:item/iron_shovel/8
    minecraft:textures/atlas/blocks.png:minecraft:item/iron_shovel/9
[18:54:58] [Worker-ResourceReload-1/WARN]: Missing textures in model minecraft:stick#inventory:
    minecraft:textures/atlas/blocks.png:minecraft:item/stick/17
    minecraft:textures/atlas/blocks.png:minecraft:item/stick/18
    minecraft:textures/atlas/blocks.png:minecraft:item/stick/19
    minecraft:textures/atlas/blocks.png:minecraft:item/stick/20
[18:54:58] [Worker-ResourceReload-1/WARN]: Missing textures in model minecraft:iron_hoe#inventory:
    minecraft:textures/atlas/blocks.png:minecraft:item/iron_hoe/10
    minecraft:textures/atlas/blocks.png:minecraft:item/iron_hoe/4
    minecraft:textures/atlas/blocks.png:minecraft:item/iron_hoe/5
    minecraft:textures/atlas/blocks.png:minecraft:item/iron_hoe/6
    minecraft:textures/atlas/blocks.png:minecraft:item/iron_hoe/7
    minecraft:textures/atlas/blocks.png:minecraft:item/iron_hoe/8
    minecraft:textures/atlas/blocks.png:minecraft:item/iron_hoe/9
[18:54:58] [Worker-ResourceReload-1/WARN]: Missing textures in model minecraft:netherite_shovel#inventory:
    minecraft:textures/atlas/blocks.png:minecraft:item/netherite_shovel/10
    minecraft:textures/atlas/blocks.png:minecraft:item/netherite_shovel/6
    minecraft:textures/atlas/blocks.png:minecraft:item/netherite_shovel/7
    minecraft:textures/atlas/blocks.png:minecraft:item/netherite_shovel/8
    minecraft:textures/atlas/blocks.png:minecraft:item/netherite_shovel/9
[18:54:58] [Worker-ResourceReload-1/WARN]: Missing textures in model minecraft:totem_of_undying#inventory:
    minecraft:textures/atlas/blocks.png:minecraft:item/totem_of_undying/17
    minecraft:textures/atlas/blocks.png:minecraft:item/totem_of_undying/23
    minecraft:textures/atlas/blocks.png:minecraft:item/totem_of_undying/24
    minecraft:textures/atlas/blocks.png:minecraft:item/totem_of_undying/25
[18:54:58] [Worker-ResourceReload-1/WARN]: Missing textures in model minecraft:netherite_axe#inventory:
    minecraft:textures/atlas/blocks.png:minecraft:item/netherite_axe/13
    minecraft:textures/atlas/blocks.png:minecraft:item/netherite_axe/14
    minecraft:textures/atlas/blocks.png:minecraft:item/netherite_axe/15
[18:54:58] [Worker-ResourceReload-1/WARN]: Missing textures in model minecraft:netherite_hoe#inventory:
    minecraft:textures/atlas/blocks.png:minecraft:item/netherite_hoe/10
    minecraft:textures/atlas/blocks.png:minecraft:item/netherite_hoe/4
    minecraft:textures/atlas/blocks.png:minecraft:item/netherite_hoe/5
    minecraft:textures/atlas/blocks.png:minecraft:item/netherite_hoe/6
    minecraft:textures/atlas/blocks.png:minecraft:item/netherite_hoe/7
    minecraft:textures/atlas/blocks.png:minecraft:item/netherite_hoe/8
    minecraft:textures/atlas/blocks.png:minecraft:item/netherite_hoe/9
[18:54:58] [Worker-ResourceReload-1/WARN]: Missing textures in model minecraft:netherite_sword#inventory:
    minecraft:textures/atlas/blocks.png:minecraft:item/netherite_sword/9
[18:54:58] [Worker-ResourceReload-1/WARN]: Missing textures in model minecraft:iron_axe#inventory:
    minecraft:textures/atlas/blocks.png:minecraft:item/iron_axe/10
    minecraft:textures/atlas/blocks.png:minecraft:item/iron_axe/6
    minecraft:textures/atlas/blocks.png:minecraft:item/iron_axe/7
    minecraft:textures/atlas/blocks.png:minecraft:item/iron_axe/8
    minecraft:textures/atlas/blocks.png:minecraft:item/iron_axe/9
[18:54:58] [Worker-ResourceReload-1/WARN]: Missing textures in model minecraft:pumpkin_pie#inventory:
    minecraft:textures/atlas/blocks.png:minecraft:item/pumpkin_pie/10
    minecraft:textures/atlas/blocks.png:minecraft:item/pumpkin_pie/7
    minecraft:textures/atlas/blocks.png:minecraft:item/pumpkin_pie/8
    minecraft:textures/atlas/blocks.png:minecraft:item/pumpkin_pie/9
[18:54:58] [Worker-ResourceReload-1/WARN]: Missing textures in model minecraft:nether_star#inventory:
    minecraft:textures/atlas/blocks.png:minecraft:item/nether_star/1
[18:55:00] [Worker-ResourceReload-0/INFO]: Customizable Player Models API initialized: Loaded plugins: (0)

[18:55:00] [Render thread/INFO]: adding citadel surface rules via terrablender...
[18:55:00] [Render thread/INFO]: Added 0 vanilla biome surface rule types via terrablender
[18:55:00] [Render thread/INFO]: Added 0 modded biome surface rule types via terrablender
[18:55:01] [Render thread/INFO]: Added resource packs: [mod_resources, fabric, Moonlight Mods Dynamic Assets, vanilla, file/§3OVERLAND.zip]
[18:55:02] [Render thread/WARN]: Missing sound for event: minecraft:item.goat_horn.play
[18:55:02] [Render thread/WARN]: Missing sound for event: minecraft:entity.goat.screaming.horn_break
[18:55:02] [Render thread/WARN]: Missing sound for event: naturalist:tortoise_hurt
[18:55:02] [Render thread/WARN]: Missing sound for event: naturalist:tortoise_death
[18:55:02] [Render thread/WARN]: Missing sound for event: naturalist:rubber_ducky_death
[18:55:02] [Render thread/INFO]: OpenAL initialized on device OpenAL Soft on Altavoces (V8S)
[18:55:02] [Render thread/INFO]: Initializing Sound Physics
[18:55:02] [Render thread/INFO]: EFX Extension recognized
[18:55:02] [Render thread/INFO]: Max auxiliary sends: 4
[18:55:02] [Render thread/INFO]: Aux slot 1 created
[18:55:02] [Render thread/INFO]: Aux slot 2 created
[18:55:02] [Render thread/INFO]: Aux slot 3 created
[18:55:02] [Render thread/INFO]: Aux slot 4 created
[18:55:02] [Render thread/INFO]: EFX ready
[18:55:02] [Render thread/INFO]: Sound engine started
[18:55:02] [Render thread/INFO]: [FANCYMENU] Reloading AudioResourceHandler after Minecraft SoundEngine reload..
[18:55:03] [Render thread/INFO]: Endimation Loader has loaded 1 endimations
[18:55:03] [Render thread/INFO]: Created: 2048x2048x0 minecraft:textures/atlas/blocks.png-atlas
[18:55:03] [Render thread/INFO]: Created: 1024x512x0 minecraft:textures/atlas/signs.png-atlas
[18:55:03] [Render thread/INFO]: Created: 1024x512x0 minecraft:textures/atlas/banner_patterns.png-atlas
[18:55:03] [Render thread/INFO]: Created: 4096x4096x0 minecraft:textures/atlas/shield_patterns.png-atlas
[18:55:03] [Render thread/INFO]: Created: 2048x1024x0 minecraft:textures/atlas/armor_trims.png-atlas
[18:55:04] [Render thread/INFO]: Created: 1024x1024x0 minecraft:textures/atlas/chest.png-atlas
[18:55:04] [Render thread/INFO]: Created: 128x64x0 minecraft:textures/atlas/decorated_pot.png-atlas
[18:55:04] [Render thread/INFO]: Created: 512x256x0 minecraft:textures/atlas/shulker_boxes.png-atlas
[18:55:04] [Render thread/INFO]: Created: 512x256x0 minecraft:textures/atlas/beds.png-atlas
[18:55:08] [Render thread/WARN]: Shader rendertype_entity_translucent_emissive could not find sampler named Sampler2 in the specified shader program.
[18:55:08] [Render thread/WARN]: Resource pack file/§3OVERLAND.zip is not compatible with font atlas resizing. Temporarily disabling font atlas resizing.
[18:55:09] [Render thread/WARN]: Resource pack file/§3OVERLAND.zip is not compatible with HUD batching. Temporarily disabling HUD batching.
[18:55:09] [Render thread/INFO]: Created: 1024x1024x0 minecraft:textures/atlas/particles.png-atlas
[18:55:09] [Render thread/INFO]: Created: 256x256x0 minecraft:textures/atlas/paintings.png-atlas
[18:55:09] [Render thread/INFO]: Created: 8192x8192x0 minecraft:textures/atlas/mob_effects.png-atlas
[18:55:10] [Forge Version Check/WARN]: Failed to process update information
java.net.http.HttpConnectTimeoutException: HTTP connect timed out
	at jdk.internal.net.http.HttpClientImpl.send(Unknown Source) ~[java.net.http:?]
	at jdk.internal.net.http.HttpClientFacade.send(Unknown Source) ~[java.net.http:?]
	at net.minecraftforge.fml.VersionChecker$1.openUrlString(VersionChecker.java:142) ~[fmlcore-1.20.1-47.4.18.jar%23451!/:?]
	at net.minecraftforge.fml.VersionChecker$1.process(VersionChecker.java:180) ~[fmlcore-1.20.1-47.4.18.jar%23451!/:?]
	at java.lang.Iterable.forEach(Unknown Source) ~[?:?]
	at net.minecraftforge.fml.VersionChecker$1.run(VersionChecker.java:117) ~[fmlcore-1.20.1-47.4.18.jar%23451!/:?]
Caused by: java.net.http.HttpConnectTimeoutException: HTTP connect timed out
	at jdk.internal.net.http.MultiExchange.toTimeoutException(Unknown Source) ~[java.net.http:?]
	at jdk.internal.net.http.MultiExchange.getExceptionalCF(Unknown Source) ~[java.net.http:?]
	at jdk.internal.net.http.MultiExchange.lambda$responseAsyncImpl$7(Unknown Source) ~[java.net.http:?]
	at java.util.concurrent.CompletableFuture.uniHandle(Unknown Source) ~[?:?]
	at java.util.concurrent.CompletableFuture$UniHandle.tryFire(Unknown Source) ~[?:?]
	at java.util.concurrent.CompletableFuture.postComplete(Unknown Source) ~[?:?]
	at java.util.concurrent.CompletableFuture.completeExceptionally(Unknown Source) ~[?:?]
	at jdk.internal.net.http.Exchange.checkCancelled(Unknown Source) ~[java.net.http:?]
	at jdk.internal.net.http.Exchange.cancel(Unknown Source) ~[java.net.http:?]
	at jdk.internal.net.http.MultiExchange.cancel(Unknown Source) ~[java.net.http:?]
	at jdk.internal.net.http.PlainHttpConnection$ConnectTimerEvent.handle(Unknown Source) ~[java.net.http:?]
	at jdk.internal.net.http.HttpClientImpl.purgeTimeoutsAndReturnNextDeadline(Unknown Source) ~[java.net.http:?]
	at jdk.internal.net.http.HttpClientImpl$SelectorManager.run(Unknown Source) ~[java.net.http:?]
Caused by: java.net.ConnectException: HTTP connect timed out
	at jdk.internal.net.http.MultiExchange.toTimeoutException(Unknown Source) ~[java.net.http:?]
	at jdk.internal.net.http.MultiExchange.getExceptionalCF(Unknown Source) ~[java.net.http:?]
	at jdk.internal.net.http.MultiExchange.lambda$responseAsyncImpl$7(Unknown Source) ~[java.net.http:?]
	at java.util.concurrent.CompletableFuture.uniHandle(Unknown Source) ~[?:?]
	at java.util.concurrent.CompletableFuture$UniHandle.tryFire(Unknown Source) ~[?:?]
	at java.util.concurrent.CompletableFuture.postComplete(Unknown Source) ~[?:?]
	at java.util.concurrent.CompletableFuture.completeExceptionally(Unknown Source) ~[?:?]
	at jdk.internal.net.http.Exchange.checkCancelled(Unknown Source) ~[java.net.http:?]
	at jdk.internal.net.http.Exchange.cancel(Unknown Source) ~[java.net.http:?]
	at jdk.internal.net.http.MultiExchange.cancel(Unknown Source) ~[java.net.http:?]
	at jdk.internal.net.http.PlainHttpConnection$ConnectTimerEvent.handle(Unknown Source) ~[java.net.http:?]
	at jdk.internal.net.http.HttpClientImpl.purgeTimeoutsAndReturnNextDeadline(Unknown Source) ~[java.net.http:?]
	at jdk.internal.net.http.HttpClientImpl$SelectorManager.run(Unknown Source) ~[java.net.http:?]
[18:55:10] [Forge Version Check/INFO]: [bookshelf] Starting version check at https://updates.blamejared.com/get?n=bookshelf&gv=1.20.1
[18:55:10] [Render thread/INFO]: Created: 256x256x0 jei:textures/atlas/gui.png-atlas
[18:55:10] [Render thread/INFO]: BookContentResourceListenerLoader preloaded 60 jsons
[18:55:10] [Render thread/INFO]: Successfully reloaded the XaeroLib shaders!
[18:55:10] [Render thread/INFO]: Loaded 0 built-in, 0 custom block tags
[18:55:10] [Render thread/INFO]: Loaded 6 built-in, 0 custom item tags
[18:55:10] [Render thread/INFO]: Loaded 0 built-in, 0 custom entity tags
[18:55:10] [Render thread/INFO]: Loaded 0 built-in, 0 custom biome tags
[18:55:10] [Render thread/INFO]: Blueprint Splash Manager has loaded 0 splashes
[18:55:10] [Render thread/INFO]: Created: 256x256x0 moonlight:textures/atlas/map_markers.png-atlas
[18:55:10] [Forge Version Check/INFO]: [bookshelf] Found status: BETA Current: 20.2.15 Target: 20.2.15
[18:55:10] [Forge Version Check/INFO]: [mcwbridges] Starting version check at https://raw.githubusercontent.com/sketchmacaw/macawsmods/master/bridges.json
[18:55:10] [Forge Version Check/INFO]: [mcwbridges] Found status: AHEAD Current: 3.1.2 Target: null
[18:55:10] [Forge Version Check/INFO]: [mcwfences] Starting version check at https://raw.githubusercontent.com/sketchmacaw/macawsmods/master/fences.json
[18:55:10] [Forge Version Check/INFO]: [mcwfences] Found status: UP_TO_DATE Current: 1.2.1 Target: null
[18:55:10] [Forge Version Check/INFO]: [dungeons_enhanced] Starting version check at https://raw.githubusercontent.com/Ametrin-Studios/DungeonsEnhanced/refs/heads/master/update.json
[18:55:10] [Forge Version Check/INFO]: [dungeons_enhanced] Found status: UP_TO_DATE Current: 5.4.3 Target: null
[18:55:10] [Forge Version Check/INFO]: [watermedia] Starting version check at https://forge.curseupdate.com/869524/watermedia
[18:55:10] [Forge Version Check/INFO]: [watermedia] Found status: UP_TO_DATE Current: 2.1.37 Target: null
[18:55:10] [Forge Version Check/INFO]: [morevanillaarmor] Starting version check at https://assets.melanx.de/updates/morevanillaarmor.json
[18:55:10] [Render thread/INFO]: ResourcePackScanner rescan: [stars=0, night_sky=0, sun=0, moon=0, clouds=0, sky=0, day_sky=0, rain=0, snow=0]
[18:55:10] [Render thread/INFO]: [FANCYMENU] Reloading resources..
[18:55:10] [Render thread/INFO]: [FANCYMENU] Pre-loading resources..
[18:55:10] [Forge Version Check/INFO]: [morevanillaarmor] Found status: UP_TO_DATE Current: 1.20.1-5.1.2 Target: null
[18:55:10] [Forge Version Check/INFO]: [clumps] Starting version check at https://updates.blamejared.com/get?n=clumps&gv=1.20.1
[18:55:10] [Forge Version Check/INFO]: [clumps] Found status: BETA Current: 12.0.0.4 Target: 12.0.0.4
[18:55:10] [Forge Version Check/INFO]: [cpm] Starting version check at https://raw.githubusercontent.com/tom5454/CustomPlayerModels/master/version-check.json
[18:55:10] [Forge Version Check/INFO]: [cpm] Found status: BETA Current: 0.6.27a Target: 0.6.27a
[18:55:10] [Forge Version Check/INFO]: [enchdesc] Starting version check at https://updates.blamejared.com/get?n=enchdesc&gv=1.20.1
[18:55:10] [Forge Version Check/INFO]: [enchdesc] Found status: BETA Current: 17.1.21 Target: 17.1.21
[18:55:10] [Forge Version Check/INFO]: [iceberg] Starting version check at https://mc-update-check.anthonyhilyard.com/520110
[18:55:25] [Forge Version Check/WARN]: Failed to process update information
java.net.http.HttpConnectTimeoutException: HTTP connect timed out
	at jdk.internal.net.http.HttpClientImpl.send(Unknown Source) ~[java.net.http:?]
	at jdk.internal.net.http.HttpClientFacade.send(Unknown Source) ~[java.net.http:?]
	at net.minecraftforge.fml.VersionChecker$1.openUrlString(VersionChecker.java:142) ~[fmlcore-1.20.1-47.4.18.jar%23451!/:?]
	at net.minecraftforge.fml.VersionChecker$1.process(VersionChecker.java:180) ~[fmlcore-1.20.1-47.4.18.jar%23451!/:?]
	at java.lang.Iterable.forEach(Unknown Source) ~[?:?]
	at net.minecraftforge.fml.VersionChecker$1.run(VersionChecker.java:117) ~[fmlcore-1.20.1-47.4.18.jar%23451!/:?]
Caused by: java.net.http.HttpConnectTimeoutException: HTTP connect timed out
	at jdk.internal.net.http.MultiExchange.toTimeoutException(Unknown Source) ~[java.net.http:?]
	at jdk.internal.net.http.MultiExchange.getExceptionalCF(Unknown Source) ~[java.net.http:?]
	at jdk.internal.net.http.MultiExchange.lambda$responseAsyncImpl$7(Unknown Source) ~[java.net.http:?]
	at java.util.concurrent.CompletableFuture.uniHandle(Unknown Source) ~[?:?]
	at java.util.concurrent.CompletableFuture$UniHandle.tryFire(Unknown Source) ~[?:?]
	at java.util.concurrent.CompletableFuture.postComplete(Unknown Source) ~[?:?]
	at java.util.concurrent.CompletableFuture.completeExceptionally(Unknown Source) ~[?:?]
	at jdk.internal.net.http.Exchange.checkCancelled(Unknown Source) ~[java.net.http:?]
	at jdk.internal.net.http.Exchange.cancel(Unknown Source) ~[java.net.http:?]
	at jdk.internal.net.http.MultiExchange.cancel(Unknown Source) ~[java.net.http:?]
	at jdk.internal.net.http.PlainHttpConnection$ConnectTimerEvent.handle(Unknown Source) ~[java.net.http:?]
	at jdk.internal.net.http.HttpClientImpl.purgeTimeoutsAndReturnNextDeadline(Unknown Source) ~[java.net.http:?]
	at jdk.internal.net.http.HttpClientImpl$SelectorManager.run(Unknown Source) ~[java.net.http:?]
Caused by: java.net.ConnectException: HTTP connect timed out
	at jdk.internal.net.http.MultiExchange.toTimeoutException(Unknown Source) ~[java.net.http:?]
	at jdk.internal.net.http.MultiExchange.getExceptionalCF(Unknown Source) ~[java.net.http:?]
	at jdk.internal.net.http.MultiExchange.lambda$responseAsyncImpl$7(Unknown Source) ~[java.net.http:?]
	at java.util.concurrent.CompletableFuture.uniHandle(Unknown Source) ~[?:?]
	at java.util.concurrent.CompletableFuture$UniHandle.tryFire(Unknown Source) ~[?:?]
	at java.util.concurrent.CompletableFuture.postComplete(Unknown Source) ~[?:?]
	at java.util.concurrent.CompletableFuture.completeExceptionally(Unknown Source) ~[?:?]
	at jdk.internal.net.http.Exchange.checkCancelled(Unknown Source) ~[java.net.http:?]
	at jdk.internal.net.http.Exchange.cancel(Unknown Source) ~[java.net.http:?]
	at jdk.internal.net.http.MultiExchange.cancel(Unknown Source) ~[java.net.http:?]
	at jdk.internal.net.http.PlainHttpConnection$ConnectTimerEvent.handle(Unknown Source) ~[java.net.http:?]
	at jdk.internal.net.http.HttpClientImpl.purgeTimeoutsAndReturnNextDeadline(Unknown Source) ~[java.net.http:?]
	at jdk.internal.net.http.HttpClientImpl$SelectorManager.run(Unknown Source) ~[java.net.http:?]
[18:55:25] [Forge Version Check/INFO]: [legendarytooltips] Starting version check at https://mc-update-check.anthonyhilyard.com/532127
[18:55:40] [Forge Version Check/WARN]: Failed to process update information
java.net.http.HttpConnectTimeoutException: HTTP connect timed out
	at jdk.internal.net.http.HttpClientImpl.send(Unknown Source) ~[java.net.http:?]
	at jdk.internal.net.http.HttpClientFacade.send(Unknown Source) ~[java.net.http:?]
	at net.minecraftforge.fml.VersionChecker$1.openUrlString(VersionChecker.java:142) ~[fmlcore-1.20.1-47.4.18.jar%23451!/:?]
	at net.minecraftforge.fml.VersionChecker$1.process(VersionChecker.java:180) ~[fmlcore-1.20.1-47.4.18.jar%23451!/:?]
	at java.lang.Iterable.forEach(Unknown Source) ~[?:?]
	at net.minecraftforge.fml.VersionChecker$1.run(VersionChecker.java:117) ~[fmlcore-1.20.1-47.4.18.jar%23451!/:?]
Caused by: java.net.http.HttpConnectTimeoutException: HTTP connect timed out
	at jdk.internal.net.http.MultiExchange.toTimeoutException(Unknown Source) ~[java.net.http:?]
	at jdk.internal.net.http.MultiExchange.getExceptionalCF(Unknown Source) ~[java.net.http:?]
	at jdk.internal.net.http.MultiExchange.lambda$responseAsyncImpl$7(Unknown Source) ~[java.net.http:?]
	at java.util.concurrent.CompletableFuture.uniHandle(Unknown Source) ~[?:?]
	at java.util.concurrent.CompletableFuture$UniHandle.tryFire(Unknown Source) ~[?:?]
	at java.util.concurrent.CompletableFuture.postComplete(Unknown Source) ~[?:?]
	at java.util.concurrent.CompletableFuture.completeExceptionally(Unknown Source) ~[?:?]
	at jdk.internal.net.http.Exchange.checkCancelled(Unknown Source) ~[java.net.http:?]
	at jdk.internal.net.http.Exchange.cancel(Unknown Source) ~[java.net.http:?]
	at jdk.internal.net.http.MultiExchange.cancel(Unknown Source) ~[java.net.http:?]
	at jdk.internal.net.http.PlainHttpConnection$ConnectTimerEvent.handle(Unknown Source) ~[java.net.http:?]
	at jdk.internal.net.http.HttpClientImpl.purgeTimeoutsAndReturnNextDeadline(Unknown Source) ~[java.net.http:?]
	at jdk.internal.net.http.HttpClientImpl$SelectorManager.run(Unknown Source) ~[java.net.http:?]
Caused by: java.net.ConnectException: HTTP connect timed out
	at jdk.internal.net.http.MultiExchange.toTimeoutException(Unknown Source) ~[java.net.http:?]
	at jdk.internal.net.http.MultiExchange.getExceptionalCF(Unknown Source) ~[java.net.http:?]
	at jdk.internal.net.http.MultiExchange.lambda$responseAsyncImpl$7(Unknown Source) ~[java.net.http:?]
	at java.util.concurrent.CompletableFuture.uniHandle(Unknown Source) ~[?:?]
	at java.util.concurrent.CompletableFuture$UniHandle.tryFire(Unknown Source) ~[?:?]
	at java.util.concurrent.CompletableFuture.postComplete(Unknown Source) ~[?:?]
	at java.util.concurrent.CompletableFuture.completeExceptionally(Unknown Source) ~[?:?]
	at jdk.internal.net.http.Exchange.checkCancelled(Unknown Source) ~[java.net.http:?]
	at jdk.internal.net.http.Exchange.cancel(Unknown Source) ~[java.net.http:?]
	at jdk.internal.net.http.MultiExchange.cancel(Unknown Source) ~[java.net.http:?]
	at jdk.internal.net.http.PlainHttpConnection$ConnectTimerEvent.handle(Unknown Source) ~[java.net.http:?]
	at jdk.internal.net.http.HttpClientImpl.purgeTimeoutsAndReturnNextDeadline(Unknown Source) ~[java.net.http:?]
	at jdk.internal.net.http.HttpClientImpl$SelectorManager.run(Unknown Source) ~[java.net.http:?]
[18:55:40] [Forge Version Check/INFO]: [bettertridents] Starting version check at https://raw.githubusercontent.com/Fuzss/modresources/main/update/bettertridents.json
[18:55:40] [Forge Version Check/INFO]: [bettertridents] Found status: UP_TO_DATE Current: 8.0.1 Target: null
[18:56:16] [Render thread/INFO]: [FANCYMENU] Sound engine reload detected. Releasing cached audio resources.
[18:56:16] [Render thread/INFO]: [FANCYMENU] Forced native video background reload after sound engine reload. backgroundsReset: 7, stoppedPlayers: 0, videoResourcesReleased: 0
[18:56:17] [Render thread/INFO]: [ETF]: reloading ETF data.
[18:56:17] [Render thread/INFO]: [ETF]: emissive suffixes loaded: [_e]
[18:56:17] [Render thread/INFO]: [ETF]: emissive suffixes loaded: [_e]
[18:56:17] [Render thread/INFO]: [FANCYMENU] Minecraft resource reload: FINISHED
[18:56:17] [Render thread/INFO]: [FANCYMENU] ScreenCustomizationLayer registered: net.minecraftforge.client.gui.LoadingErrorScreen
[18:56:17] [Worker-Main-2/ERROR]: GET request failed. Response Code: 301
[18:56:18] [Render thread/INFO]: Block minecraft:large_fern had its color provider replaced and will not use per-vertex coloring
[18:56:18] [Render thread/INFO]: Block minecraft:tall_grass had its color provider replaced and will not use per-vertex coloring
[18:56:18] [Render thread/INFO]: Block minecraft:grass_block had its color provider replaced and will not use per-vertex coloring
[18:56:18] [Render thread/INFO]: Block minecraft:fern had its color provider replaced and will not use per-vertex coloring
[18:56:18] [Render thread/INFO]: Block minecraft:grass had its color provider replaced and will not use per-vertex coloring
[18:56:18] [Render thread/INFO]: Block minecraft:potted_fern had its color provider replaced and will not use per-vertex coloring
[18:56:18] [Render thread/INFO]: Block minecraft:sugar_cane had its color provider replaced and will not use per-vertex coloring
[18:56:18] [Render thread/INFO]: Block minecraft:spruce_leaves had its color provider replaced and will not use per-vertex coloring
[18:56:18] [Render thread/INFO]: Block minecraft:birch_leaves had its color provider replaced and will not use per-vertex coloring
[18:56:18] [Render thread/INFO]: Block minecraft:oak_leaves had its color provider replaced and will not use per-vertex coloring
[18:56:18] [Render thread/INFO]: Block minecraft:jungle_leaves had its color provider replaced and will not use per-vertex coloring
[18:56:18] [Render thread/INFO]: Block minecraft:acacia_leaves had its color provider replaced and will not use per-vertex coloring
[18:56:18] [Render thread/INFO]: Block minecraft:dark_oak_leaves had its color provider replaced and will not use per-vertex coloring
[18:56:18] [Render thread/INFO]: Block minecraft:vine had its color provider replaced and will not use per-vertex coloring
[18:56:18] [Render thread/INFO]: Loaded AmbientEngine 'basic' v3.2.5. 11 dimension(s), 11 features, 11 blockgroups, 2 sound collections, 38 regions, 60 sounds, 12 sound categories, 7 solids and 2 biome types
[18:56:19] [Render thread/WARN]: Game took 238.555 seconds to start
